제작자,차명,생산기간(부터),생산기간(까지),리콜개시일,리콜사유
비엠더블유코리아(주),MINI Cooper SE,2023-04-11,2023-04-11,2025-01-02,고전압 배터리 하우징의 밀봉(Sealing)이 불충분하게 되었을 가능성을 확인하였습니다.
비엠더블유코리아(주),BMW X5 M Competition,2023-03-22,2023-06-17,2025-01-02,통합제동장치에 장착된 서보모터 위치센서의 품질 결함으로 인해 신호 장애가 발생할 가능성이 확인되었습니다.
비엠더블유코리아(주),BMW X5 xDrive30d,2023-04-11,2023-11-30,2025-01-02,통합제동장치에 장착된 서보모터 위치센서의 품질 결함으로 인해 신호 장애가 발생할 가능성이 확인되었습니다.
비엠더블유코리아(주),BMW X6 xDrive30d M Sport,2023-03-01,2023-06-26,2025-01-02,통합제동장치에 장착된 서보모터 위치센서의 품질 결함으로 인해 신호 장애가 발생할 가능성이 확인되었습니다.
비엠더블유코리아(주),BMW 525i Sedan,2024-04-17,2024-04-17,2025-01-02,통합제동장치에 장착된 서보모터 위치센서의 품질 결함으로 인해 신호 장애가 발생할 가능성이 확인되었습니다.
비엠더블유코리아(주),BMW 520i Sedan,2023-07-12,2023-07-12,2025-01-02,통합제동장치에 장착된 서보모터 위치센서의 품질 결함으로 인해 신호 장애가 발생할 가능성이 확인되었습니다.
비엠더블유코리아(주),MINI Cooper C 3Dr,2024-05-29,2024-05-29,2025-01-02,통합제동장치에 장착된 서보모터 위치센서의 품질 결함으로 인해 신호 장애가 발생할 가능성이 확인되었습니다.
비엠더블유코리아(주),BMW X5 sDrive40i,2023-05-12,2023-05-12,2025-01-02,통합제동장치에 장착된 서보모터 위치센서의 품질 결함으로 인해 신호 장애가 발생할 가능성이 확인되었습니다.
비엠더블유코리아(주),BMW XM,2023-02-21,2023-04-24,2025-01-02,통합제동장치에 장착된 서보모터 위치센서의 품질 결함으로 인해 신호 장애가 발생할 가능성이 확인되었습니다.
비엠더블유코리아(주),BMW 740i,2022-09-21,2023-03-15,2025-01-02,통합제동장치에 장착된 서보모터 위치센서의 품질 결함으로 인해 신호 장애가 발생할 가능성이 확인되었습니다.
비엠더블유코리아(주),BMW 740d xDrive,2022-11-11,2023-05-16,2025-01-02,통합제동장치에 장착된 서보모터 위치센서의 품질 결함으로 인해 신호 장애가 발생할 가능성이 확인되었습니다.
비엠더블유코리아(주),BMW X7 xDrive40i,2022-08-03,2024-04-12,2025-01-02,통합제동장치에 장착된 서보모터 위치센서의 품질 결함으로 인해 신호 장애가 발생할 가능성이 확인되었습니다.
비엠더블유코리아(주),BMW X7 xDrive40d,2022-07-27,2023-07-17,2025-01-02,통합제동장치에 장착된 서보모터 위치센서의 품질 결함으로 인해 신호 장애가 발생할 가능성이 확인되었습니다.
비엠더블유코리아(주),BMW X5 xDrive40i,2023-04-15,2024-04-18,2025-01-02,통합제동장치에 장착된 서보모터 위치센서의 품질 결함으로 인해 신호 장애가 발생할 가능성이 확인되었습니다.
비엠더블유코리아(주),BMW X5 xDrive40d,2023-12-18,2023-12-18,2025-01-02,통합제동장치에 장착된 서보모터 위치센서의 품질 결함으로 인해 신호 장애가 발생할 가능성이 확인되었습니다.
비엠더블유코리아(주),BMW 520i,2023-08-31,2023-10-18,2025-01-02,통합제동장치에 장착된 서보모터 위치센서의 품질 결함으로 인해 신호 장애가 발생할 가능성이 확인되었습니다.
비엠더블유코리아(주),BMW X7 xDrive40d,2023-05-05,2023-05-05,2025-01-02,통합제동장치에 장착된 서보모터 위치센서의 품질 결함으로 인해 신호 장애가 발생할 가능성이 확인되었습니다.
비엠더블유코리아(주),BMW X5 xDrive40d,2024-02-01,2024-02-01,2025-01-02,통합제동장치에 장착된 서보모터 위치센서의 품질 결함으로 인해 신호 장애가 발생할 가능성이 확인되었습니다.
비엠더블유코리아(주),BMW 740i,2023-10-30,2023-10-30,2025-01-02,통합제동장치에 장착된 서보모터 위치센서의 품질 결함으로 인해 신호 장애가 발생할 가능성이 확인되었습니다.
비엠더블유코리아(주),BMW X7 xDrive40i,2022-08-04,2023-04-19,2025-01-02,통합제동장치에 장착된 서보모터 위치센서의 품질 결함으로 인해 신호 장애가 발생할 가능성이 확인되었습니다.
비엠더블유코리아(주),BMW X5 xDrive40i,2024-01-08,2024-01-08,2025-01-02,통합제동장치에 장착된 서보모터 위치센서의 품질 결함으로 인해 신호 장애가 발생할 가능성이 확인되었습니다.
비엠더블유코리아(주),BMW 740i xDrive,2023-08-04,2023-09-21,2025-01-02,통합제동장치에 장착된 서보모터 위치센서의 품질 결함으로 인해 신호 장애가 발생할 가능성이 확인되었습니다.
비엠더블유코리아(주),BMW X7 M60i xDrive,2022-08-31,2023-05-27,2025-01-02,통합제동장치에 장착된 서보모터 위치센서의 품질 결함으로 인해 신호 장애가 발생할 가능성이 확인되었습니다.
비엠더블유코리아(주),BMW X5 M60i xDrive,2023-04-12,2023-06-07,2025-01-02,통합제동장치에 장착된 서보모터 위치센서의 품질 결함으로 인해 신호 장애가 발생할 가능성이 확인되었습니다.
비엠더블유코리아(주),BMW X6 xDrive40i M Sport,2023-05-05,2023-05-31,2025-01-02,통합제동장치에 장착된 서보모터 위치센서의 품질 결함으로 인해 신호 장애가 발생할 가능성이 확인되었습니다.
비엠더블유코리아(주),BMW 750e xDrive,2023-04-27,2023-10-12,2025-01-02,통합제동장치에 장착된 서보모터 위치센서의 품질 결함으로 인해 신호 장애가 발생할 가능성이 확인되었습니다.
비엠더블유코리아(주),BMW i7 eDrive50,2023-08-22,2023-08-22,2025-01-02,통합제동장치에 장착된 서보모터 위치센서의 품질 결함으로 인해 신호 장애가 발생할 가능성이 확인되었습니다.
비엠더블유코리아(주),BMW X5 xDrive50e,2023-05-13,2023-05-16,2025-01-02,통합제동장치에 장착된 서보모터 위치센서의 품질 결함으로 인해 신호 장애가 발생할 가능성이 확인되었습니다.
비엠더블유코리아(주),BMW X6 M60i xDrive,2023-05-02,2023-07-25,2025-01-02,통합제동장치에 장착된 서보모터 위치센서의 품질 결함으로 인해 신호 장애가 발생할 가능성이 확인되었습니다.
비엠더블유코리아(주),BMW i5 M60 xDrive,2023-09-26,2023-09-26,2025-01-02,통합제동장치에 장착된 서보모터 위치센서의 품질 결함으로 인해 신호 장애가 발생할 가능성이 확인되었습니다.
비엠더블유코리아(주),BMW M760e xDrive,2024-01-25,2024-01-25,2025-01-02,통합제동장치에 장착된 서보모터 위치센서의 품질 결함으로 인해 신호 장애가 발생할 가능성이 확인되었습니다.
비엠더블유코리아(주),BMW i7 xDrive60,2022-12-08,2023-02-14,2025-01-02,통합제동장치에 장착된 서보모터 위치센서의 품질 결함으로 인해 신호 장애가 발생할 가능성이 확인되었습니다.
비엠더블유코리아(주),BMW 523d xDrive,2023-07-17,2023-07-17,2025-01-02,통합제동장치에 장착된 서보모터 위치센서의 품질 결함으로 인해 신호 장애가 발생할 가능성이 확인되었습니다.
비엠더블유코리아(주),BMW 530i xDrive,2023-09-15,2023-09-15,2025-01-02,통합제동장치에 장착된 서보모터 위치센서의 품질 결함으로 인해 신호 장애가 발생할 가능성이 확인되었습니다.
비엠더블유코리아(주),BMW X1 xDrive28i,2022-12-07,2023-07-26,2025-01-02,통합제동장치에 장착된 서보모터 위치센서의 품질 결함으로 인해 신호 장애가 발생할 가능성이 확인되었습니다.
비엠더블유코리아(주),BMW i7 M70 xDrive,2024-04-15,2024-04-15,2025-01-02,통합제동장치에 장착된 서보모터 위치센서의 품질 결함으로 인해 신호 장애가 발생할 가능성이 확인되었습니다.
혼다코리아(주),GOLDWING,2018-04-27,2021-07-15,2025-01-06,드라이브 기어를 크랭크샤프트에 고정하는 볼트의 내구성이 부족하여 급가속시 해당 볼트의 나사부에 과도한 응력이 집중되어 균열이 생길 수 있습니다. ※ 프라이머리 드라이브 기어 : 엔진의 동력을 트랜스미션(변속기)로 전달하는 시스템.
스텔란티스코리아 주식회사,짚랭글러PHEV,2020-09-22,2022-09-13,2025-01-06,고전압배터리를 구성하는 셀(cell) 제조불량으로 인해 셀 내 분리박이 손상
스텔란티스코리아 주식회사,짚그랜드체로키PHEV,2022-10-06,2023-07-24,2025-01-06,고전압배터리를 구성하는 셀(cell) 제조불량으로 인해 셀 내 분리박이 손상
(주)스즈키씨엠씨,AN400A,2022-09-09,2024-07-19,2025-01-10,"제조사의 생산공정 중 조립자의 적절하지 않는 조립에 의해 연료펌프에서 나오는 연료호스의 금속 파이프 부분에 변형이 생겨, 차량 운행 중 차체의 진동 등에 의해 연료호스와 퍼지 호스(증발가스 회수 호스)간 간섭이 지속되는 경우 연료호스가 마모될 가능성이 있습니다."
한국토요타자동차(주),토요타 프리우스 PHEV,2023-11-06,2024-06-25,2025-01-10,차량 제어 ECU 소프트웨어에 포함된 회생 제동에 의한 제동등 소등 기준값이 감속도 0.4m/s2 로 잘못 설정되어「자동차 및 자동차 부품의 성능과 기준에 관한 규칙」제15조제10항 관련 별표5의2(전기회생제동장치의 제동등 작동기준) 0.7m/s2 미만으로 감속되기 전에 소등될 것’을 만족하지 못할 가능성이 있음.
한국토요타자동차(주),렉서스 RZ450e,2023-02-02,2023-09-04,2025-01-10,차량 제어 ECU 소프트웨어에 포함된 회생 제동에 의한 제동등 소등 기준값이 감속도 0.4m/s2 로 잘못 설정되어「자동차 및 자동차 부품의 성능과 기준에 관한 규칙」제15조제10항 관련 별표5의2(전기회생제동장치의 제동등 작동기준) 0.7m/s2 미만으로 감속되기 전에 소등될 것’을 만족하지 못할 가능성이 있음.
케이지모빌리티 주식회사(KG Mobility Corp.),티볼리(G15),2019-05-31,2025-01-07,2025-01-10,티볼리/코란도(G15) 일부 차량이 냉각팬 레지스터(저항 코일에 지속/반복적인 열적 부하 발생으로 인해 코일이 과열된 상태에서 원인불상으로 인한 주정차 시 화재 발생 가능성
케이지모빌리티 주식회사(KG Mobility Corp.),코란도(G15),2019-07-23,2025-01-07,2025-01-10,티볼리/코란도(G15) 일부 차량이 냉각팬 레지스터(저항 코일에 지속/반복적인 열적 부하 발생으로 인해 코일이 과열된 상태에서 원인불상으로 인한 주정차 시 화재 발생 가능성
주식회사 더좋은사람,C40,2020-03-04,2021-12-03,2025-01-11,최고출력의 기준을 만족하지 못함
테슬라코리아 유한회사,Model 3,2024-04-16,2024-08-20,2025-01-14,"소프트웨어 오류로 인해 TPMS 에 이상이 감지될 경우, 차량이 주행 사이클 사이에서 꺼지거나 대기 상태가 되면 TPMS 이상 경고등이 지속적으로 표시되지 않아 자동차 및 자동차부품의 성능과 기준에 관한 규칙 제88조의3(타이어공기압경고장치)을 준수하지 않습니다. ※ 제88조의3(타이어공기압경고장치) 제12조의2에 따라 설치된 타이어공기압경고장치의 성능ㆍ경고표시 및 표기기준 등은 국토교통부장관이 정하여 고시하는 세부기준에 적합하여야 한다. 2) 자동차에 설치된 타이어공기압경고장치의 경고등은 기능고장을 표시하는 경고등과 겸용으로 할 수 있으며, 이 경우에는 아래 “가)” 및 “나)”에 적합할 것 가) 원동기 구동 전 시동장치가 작동위치에 있을 때 기능고장을 표시하기 위해 점멸되어야 하며, 짧은 시간경과 후 기능고장이 있고 시동장치가 작동위치에 있을 때에는 지속적으로 점등될 것 나) 기능고장이 수리될 때까지 시동장치가 작동위치에 있을 때마다 위 “가)”에 따른 점멸 및 점등의 순서로 작동이 반복될 것"
테슬라코리아 유한회사,Model Y,2024-10-19,2024-11-09,2025-01-14,"소프트웨어 오류로 인해 TPMS 에 이상이 감지될 경우, 차량이 주행 사이클 사이에서 꺼지거나 대기 상태가 되면 TPMS 이상 경고등이 지속적으로 표시되지 않아 자동차 및 자동차부품의 성능과 기준에 관한 규칙 제88조의3(타이어공기압경고장치)을 준수하지 않습니다. ※ 제88조의3(타이어공기압경고장치) 제12조의2에 따라 설치된 타이어공기압경고장치의 성능ㆍ경고표시 및 표기기준 등은 국토교통부장관이 정하여 고시하는 세부기준에 적합하여야 한다. 2) 자동차에 설치된 타이어공기압경고장치의 경고등은 기능고장을 표시하는 경고등과 겸용으로 할 수 있으며, 이 경우에는 아래 “가)” 및 “나)”에 적합할 것 가) 원동기 구동 전 시동장치가 작동위치에 있을 때 기능고장을 표시하기 위해 점멸되어야 하며, 짧은 시간경과 후 기능고장이 있고 시동장치가 작동위치에 있을 때에는 지속적으로 점등될 것 나) 기능고장이 수리될 때까지 시동장치가 작동위치에 있을 때마다 위 “가)”에 따른 점멸 및 점등의 순서로 작동이 반복될 것"
테슬라코리아 유한회사,Model X,2024-11-26,2024-11-27,2025-01-14,"해당 차량의 운전석 에어백이 공급업체 조립 과정에서 손상되었을 가능성이 있습니다. 조립과정에서 에어백 패브릭에 깊은 주름이 있거나 열 분산 장치의 위치가 부적절한 경우, 에어백 전개 시 찢어짐을 유발할 가능성이 있습니다."
테슬라코리아 유한회사,Model S,2024-11-25,2024-11-26,2025-01-14,"해당 차량의 운전석 에어백이 공급업체 조립 과정에서 손상되었을 가능성이 있습니다. 조립과정에서 에어백 패브릭에 깊은 주름이 있거나 열 분산 장치의 위치가 부적절한 경우, 에어백 전개 시 찢어짐을 유발할 가능성이 있습니다."
주식회사 이누리,OK1KOOROO,2024-09-18,2024-11-29,2025-01-15,모터컨트롤러 부품중 일부 불량부품이 혼입 조립
주식회사 이누리,OK1KOOROO,2024-09-18,2024-11-29,2025-01-15,BMS 소프트웨어 개발공정 오류로 인하여 CAN통신이 정상적으로 이루어지지 않을 수 있음.
메르세데스벤츠코리아(주),E 300 4MATIC,2024-08-13,2024-08-14,2025-01-16,생산 공정 오류로 인하여 후방 차축 캐리어의 지지대 용접이 제대로 되지 않았을 수 있습니다.
메르세데스벤츠코리아(주),E 200,2024-08-12,2024-09-10,2025-01-16,생산 공정 오류로 인하여 후방 차축 캐리어의 지지대 용접이 제대로 되지 않았을 수 있습니다.
메르세데스벤츠코리아(주),E 350 e 4MATIC,2024-08-28,2024-08-28,2025-01-16,생산 공정 오류로 인하여 후방 차축 캐리어의 지지대 용접이 제대로 되지 않았을 수 있습니다.
메르세데스벤츠코리아(주),E 220 d 4MATIC,2023-04-26,2023-11-16,2025-01-16,"MBUX 멀티미디어 시스템 소프트웨어 개발 공정 오류로 인하여 MBUX 멀티미디어 1시스템과 주차 보조 제어 장치가 정상적으로 연동되지 않을 수 있습니다. 1 MBUX 멀티미디어: 인공 지능 기반으로 사용자 습관을 학습하여 맞춤형 경험을 제공하며, 음성 인식, 터치스크린, 증강 현실 내비게이션, 스마트폰 연동, 주차 보조 제어 장치 연동 등의 기능을 통해 운전자의 편의성과 안전성을 제공합니다."
메르세데스벤츠코리아(주),E 300 4MATIC,2023-04-26,2023-05-02,2025-01-16,"MBUX 멀티미디어 시스템 소프트웨어 개발 공정 오류로 인하여 MBUX 멀티미디어 1시스템과 주차 보조 제어 장치가 정상적으로 연동되지 않을 수 있습니다. 1 MBUX 멀티미디어: 인공 지능 기반으로 사용자 습관을 학습하여 맞춤형 경험을 제공하며, 음성 인식, 터치스크린, 증강 현실 내비게이션, 스마트폰 연동, 주차 보조 제어 장치 연동 등의 기능을 통해 운전자의 편의성과 안전성을 제공합니다."
메르세데스벤츠코리아(주),CLE 200,2023-10-27,2023-10-27,2025-01-16,"MBUX 멀티미디어 시스템 소프트웨어 개발 공정 오류로 인하여 MBUX 멀티미디어 1시스템과 주차 보조 제어 장치가 정상적으로 연동되지 않을 수 있습니다. 1 MBUX 멀티미디어: 인공 지능 기반으로 사용자 습관을 학습하여 맞춤형 경험을 제공하며, 음성 인식, 터치스크린, 증강 현실 내비게이션, 스마트폰 연동, 주차 보조 제어 장치 연동 등의 기능을 통해 운전자의 편의성과 안전성을 제공합니다."
메르세데스벤츠코리아(주),S 580 4MATIC,2020-07-09,2021-11-16,2025-01-16,"소프트웨어 개발 공정 오류로 인하여 엔진 컨트롤 유닛 소프트웨어의 람다 컨트롤1이 정상적으로 작동되지 않을 수 있습니다. 1람다 컨트롤(lambda control): 배기 가스 내 산소 농도를 모니터링하고 조절하는 시스템입니다. 람다 컨트롤 시스템은 산소 센서를 이용하여 배기 가스의 산소 양을 측정하고, 이를 바탕으로 연료와 공기의 비율을 조절합니다. 이렇게 함으로써 엔진의 연소 효율을 최적화하고, 연비를 개선하며, 배출가스를 줄이는 역할을 합니다."
메르세데스벤츠코리아(주),Maybach S 580 4MATIC,2020-07-24,2021-08-16,2025-01-16,"소프트웨어 개발 공정 오류로 인하여 엔진 컨트롤 유닛 소프트웨어의 람다 컨트롤1이 정상적으로 작동되지 않을 수 있습니다. 1람다 컨트롤(lambda control): 배기 가스 내 산소 농도를 모니터링하고 조절하는 시스템입니다. 람다 컨트롤 시스템은 산소 센서를 이용하여 배기 가스의 산소 양을 측정하고, 이를 바탕으로 연료와 공기의 비율을 조절합니다. 이렇게 함으로써 엔진의 연소 효율을 최적화하고, 연비를 개선하며, 배출가스를 줄이는 역할을 합니다."
비엠더블유코리아(주),BMW 530i xDrive,2024-01-16,2024-01-16,2025-01-17,차량 생산 과정에서 스티어링 휠 내 ADASS (운전자지원첨단조향장치) 관련 접지 케이블 연결부 와셔의 누락으로 접지가 되지 않아 ADASS 기능이 정상적으로 작동되지 않을 수 있습니다.
비엠더블유코리아(주),BMW 520i,2024-04-19,2024-04-19,2025-01-17,차량 생산 과정에서 스티어링 휠 내 ADASS (운전자지원첨단조향장치) 관련 접지 케이블 연결부 와셔의 누락으로 접지가 되지 않아 ADASS 기능이 정상적으로 작동되지 않을 수 있습니다.
비엠더블유코리아(주),BMW 520i,2024-04-17,2024-04-22,2025-01-17,통합제동장치에 장착된 서보모터 위치센서의 품질 결함으로 인해 신호 장애가 발생할 가능성이 확인되었습니다.
비엠더블유코리아(주),BMW 523d,2023-09-01,2023-11-08,2025-01-17,통합제동장치에 장착된 서보모터 위치센서의 품질 결함으로 인해 신호 장애가 발생할 가능성이 확인되었습니다.
비엠더블유코리아(주),BMW 523d xDrive,2023-09-05,2023-09-06,2025-01-17,통합제동장치에 장착된 서보모터 위치센서의 품질 결함으로 인해 신호 장애가 발생할 가능성이 확인되었습니다.
비엠더블유코리아(주),BMW 530e,2023-12-15,2023-12-15,2025-01-17,통합제동장치에 장착된 서보모터 위치센서의 품질 결함으로 인해 신호 장애가 발생할 가능성이 확인되었습니다.
비엠더블유코리아(주),BMW 530i xDrive,2023-09-28,2024-04-19,2025-01-17,통합제동장치에 장착된 서보모터 위치센서의 품질 결함으로 인해 신호 장애가 발생할 가능성이 확인되었습니다.
비엠더블유코리아(주),BMW 740d xDrive,2023-09-04,2023-10-26,2025-01-17,통합제동장치에 장착된 서보모터 위치센서의 품질 결함으로 인해 신호 장애가 발생할 가능성이 확인되었습니다.
비엠더블유코리아(주),BMW 750e xDrive,2023-10-26,2023-10-26,2025-01-17,통합제동장치에 장착된 서보모터 위치센서의 품질 결함으로 인해 신호 장애가 발생할 가능성이 확인되었습니다.
비엠더블유코리아(주),BMW X1 xDrive20i,2024-05-16,2024-05-16,2025-01-17,통합제동장치에 장착된 서보모터 위치센서의 품질 결함으로 인해 신호 장애가 발생할 가능성이 확인되었습니다.
기아 주식회사,EV9(MV),2023-05-10,2024-06-03,2025-01-22,신규 작업자 시트 마운팅 볼트 체결 작업 미흡으로 시트 마운팅 볼트가 누락되어 시트가 고정되지 않아 차량 충돌 발생 시 시트가 비정상 거동되어 안전에 지장을 줄 가능성
현대자동차(주),넥쏘(FE),2017-10-01,2021-12-24,2025-01-23,일부 차량에서 비상점멸표시등(이하 비상등) 스위치의 내구 설계 오류로 비상등 스위치를 작동시켜도 간헐적으로 비상등이 켜지지 않아 사고가 발생할 가능성이 있는 결함
기아 주식회사,쏘렌토 하이브리드(MQ4 HEV PE),2023-07-24,2024-06-20,2025-01-24,바디도메인 제어장치 소프트웨어 오류로 인해 주행 초기 소프트웨어가 리셋되어 재동작하는 경우 전조등이 일시적으로 꺼졌다 켜질 가능성
기아 주식회사,쏘렌토 (MQ4 PE),2023-07-24,2024-06-18,2025-01-24,바디도메인 제어장치 소프트웨어 오류로 인해 주행 초기 소프트웨어가 리셋되어 재동작하는 경우 전조등이 일시적으로 꺼졌다 켜질 가능성
기아 주식회사,쏘렌토 (MQ4 PE),2023-07-26,2024-07-08,2025-01-24,바디도메인 제어장치 소프트웨어 오류로 인해 주행 초기 소프트웨어가 리셋되어 재동작하는 경우 전조등이 일시적으로 꺼졌다 켜질 가능성
기아 주식회사,봉고Ⅲ (PU),2023-12-05,2024-10-23,2025-01-31,12V 배터리 센서 설계 불량으로 인해 배터리 센서 소손 발생하여 안전 운행에 지장을 줄 가능성
기아 주식회사,봉고Ⅲ EV(PU EV),2020-01-15,2024-10-15,2025-01-31,12V 배터리 센서 설계 불량으로 인해 배터리 센서 소손 발생하여 안전 운행에 지장을 줄 가능성
(주)한국모터스,LJ125T-G,2024-07-04,2024-08-13,2025-02-01,후미등 장치의 회로기판의 스위치소자 설계오류로 기준치 이상의 전자파 발생 가능
바이드 코리아(BIDE KOREA),VENIS,2022-06-05,2022-06-09,2025-02-03,자동차 및 자동차부품의 성능과 기준에 관한 규칙 제80조(후부반사기 및 보조반사기)에서 규정하고 있는 최소 반사성능 기준을 만족하지 못함
바이드 코리아(BIDE KOREA),VENIS,2022-06-05,2022-06-09,2025-02-03,자동차 및 자동차부품의 성능과 기준에 관한 규칙 제79조(방향지시등)에서 규정하고 있는 최소 광도기준을 만족하지 못함
현대자동차(주),포터II,2023-06-22,2024-10-31,2025-02-03,"포터II(HR) (LPDi, EV) 일부 차량에서 12v 배터리 센서 설계 불량으로 인해 배터리 센서에 수분이 유입되어 내부 회로 쇼트(단락)되는 경우 배터리 센서 소손 발생하여 안전 운행에 지장을 줄 가능성이 있는 결함이 확인 ※ 배터리 센서 : 배터리 상태(전압, 전류, 온도, 수명 등)를 파악하여 발전기가 효율적으로 작동하게 하는 부품"
현대자동차(주),포터II EV,2019-07-19,2024-09-11,2025-02-03,"포터II(HR) (LPDi, EV) 일부 차량에서 12v 배터리 센서 설계 불량으로 인해 배터리 센서에 수분이 유입되어 내부 회로 쇼트(단락)되는 경우 배터리 센서 소손 발생하여 안전 운행에 지장을 줄 가능성이 있는 결함이 확인 ※ 배터리 센서 : 배터리 상태(전압, 전류, 온도, 수명 등)를 파악하여 발전기가 효율적으로 작동하게 하는 부품"
테슬라코리아 유한회사,Model Y,2024-03-25,2024-11-25,2025-02-05,일부 차량에서 전원 공급 시 과도한 전류가 발생하여 차량 컴퓨터가 손상될 가능성이 확인되었습니다. 이로 인해 후방카메라 디스플레이가 정상적으로 작동하지 않을 수 있습니다. 이는 「자동차 및 자동차부품의 성능과 기준에 관한 규칙」 제53조의2(후방보행자 안전장치)를 준수하지 않습니다.
테슬라코리아 유한회사,Model 3,2024-01-30,2024-08-20,2025-02-05,일부 차량에서 전원 공급 시 과도한 전류가 발생하여 차량 컴퓨터가 손상될 가능성이 확인되었습니다. 이로 인해 후방카메라 디스플레이가 정상적으로 작동하지 않을 수 있습니다. 이는 「자동차 및 자동차부품의 성능과 기준에 관한 규칙」 제53조의2(후방보행자 안전장치)를 준수하지 않습니다.
테슬라코리아 유한회사,Model X,2024-04-27,2024-12-03,2025-02-05,일부 차량에서 전원 공급 시 과도한 전류가 발생하여 차량 컴퓨터가 손상될 가능성이 확인되었습니다. 이로 인해 후방카메라 디스플레이가 정상적으로 작동하지 않을 수 있습니다. 이는 「자동차 및 자동차부품의 성능과 기준에 관한 규칙」 제53조의2(후방보행자 안전장치)를 준수하지 않습니다.
테슬라코리아 유한회사,Model S,2024-06-25,2024-12-02,2025-02-05,일부 차량에서 전원 공급 시 과도한 전류가 발생하여 차량 컴퓨터가 손상될 가능성이 확인되었습니다. 이로 인해 후방카메라 디스플레이가 정상적으로 작동하지 않을 수 있습니다. 이는 「자동차 및 자동차부품의 성능과 기준에 관한 규칙」 제53조의2(후방보행자 안전장치)를 준수하지 않습니다.
(주)재규어랜드로버코리아,더 뉴 레인지로버 스포츠 P360,2022-07-12,2022-11-01,2025-02-07,당사에서 수입한‘더 뉴 레인지로버 스포츠 및 더 뉴 레인지로버’일부 차량에서 2열 시트 팔걸이 보관함의 걸쇠장치 제조불량으로 2열 시트 팔걸이 보관함이 제대로 잠기지 않을 가능성이 확인되어 다음과 같이 시정조치 계획을 보고하고 시정조치를 하고자 합니다.
(주)재규어랜드로버코리아,더 뉴 레인지로버 스포츠 D300,2022-08-23,2022-11-07,2025-02-07,당사에서 수입한‘더 뉴 레인지로버 스포츠 및 더 뉴 레인지로버’일부 차량에서 2열 시트 팔걸이 보관함의 걸쇠장치 제조불량으로 2열 시트 팔걸이 보관함이 제대로 잠기지 않을 가능성이 확인되어 다음과 같이 시정조치 계획을 보고하고 시정조치를 하고자 합니다.
(주)재규어랜드로버코리아,더 뉴 레인지로버 P530 LWB,2022-02-01,2022-04-28,2025-02-07,당사에서 수입한‘더 뉴 레인지로버 스포츠 및 더 뉴 레인지로버’일부 차량에서 2열 시트 팔걸이 보관함의 걸쇠장치 제조불량으로 2열 시트 팔걸이 보관함이 제대로 잠기지 않을 가능성이 확인되어 다음과 같이 시정조치 계획을 보고하고 시정조치를 하고자 합니다.
(주)재규어랜드로버코리아,더 뉴 레인지로버 P530 LWB,2022-05-10,2022-11-01,2025-02-07,당사에서 수입한‘더 뉴 레인지로버 스포츠 및 더 뉴 레인지로버’일부 차량에서 2열 시트 팔걸이 보관함의 걸쇠장치 제조불량으로 2열 시트 팔걸이 보관함이 제대로 잠기지 않을 가능성이 확인되어 다음과 같이 시정조치 계획을 보고하고 시정조치를 하고자 합니다.
브리타니아오토 주식회사,McLaren GT,2019-09-18,2023-05-24,2025-02-10,후드걸쇠 수동 개폐용 레버의 사용 중 케이블 자체의 손상 또는 차량 조립 시 부적절한 케이블 위치로 인 해 케이블의 과도한 장력이 발생.
(주)루트17,다니고밴,2021-05-27,2022-08-17,2025-02-13,제동장치인 진공배력장치 커넥터 부품에서 제작 공정 등 오류로 인한 부품이 손상되어 커넥터에 수분이 유입되어 단락이 발생할 가능성이 있음.
범한자동차 주식회사,E-SKY9,2022-09-01,2024-05-30,2025-02-13,"차량너비 : 자동차의 전면 또는 후면을 투영시켜 차량 중심선에 직각인 방향의 최대거리가 2.5미터를 초과하여서는 아니되지만, 자동차 및 자동차 부품의 성능과 기준에 관한 규칙 제 4조(길이, 너비 및 높이)를 위반."
범한자동차 주식회사,E-SKY9,2022-09-01,2024-05-30,2025-02-13,"접이식 좌석 : 승객좌석의 규격은 가로, 세로 각각 40센치미터 이상이어야 하지만, 자동차 및 자동차 부품의 성능과 기준에 관한 규칙 제 25조(승객좌석의 규격)을 위반."
메르세데스벤츠코리아(주),EQS 450 4MATIC,2022-04-21,2022-04-21,2025-02-14,개발 공정 오류로 인하여 차량 루프 브래킷(bracket)이 날카로울 수 있습니다. 이로 인해 차량 충돌 시 윈도우 에어백이 전개될 때 에어백 쿠션이 손상될 수 있어 에어백이 제대로 팽창되지 않을 수 있습니다.
메르세데스벤츠코리아(주),EQS 580 4MATIC,2022-04-12,2022-04-12,2025-02-14,개발 공정 오류로 인하여 차량 루프 브래킷(bracket)이 날카로울 수 있습니다. 이로 인해 차량 충돌 시 윈도우 에어백이 전개될 때 에어백 쿠션이 손상될 수 있어 에어백이 제대로 팽창되지 않을 수 있습니다.
에프엘오토코리아 유한회사,2021-2023년식 Mustang,2021-07-28,2023-02-13,2025-02-14,"일부 2021-2023년식 Mustang 차량의 조향 기어에는 기본 및 보조 2개의 조향 토크 센서*가 장착되어 있습니다. 하지만, 일부 차량에 대하여 수리 시 보조 조향 토크 센서의 일부 기능이 잘못 설정된 조향 기어 부품이 장착되었을 수 있습니다. 이런 경우 기본 조향 토크 센서가 정상 작동될 때는 문제가 없지만, 기본 조향 토크 센서에 오류 또는 결함이 발생된 경우에는 조향 시 경고 없이 조향 휠에 좌우 진동이 발생될 수 있습니다. 이로 인해 조향력이 저하되어 사고가 발생될 가능성이 있습니다. 그리하여 제작결함을 시정하고자 합니다. *조향 토크 센서: 차량 하부에 파워 조향 기어 어셈블리 내부에 위치하며 조향 휠과 파워 조향 기어 어셈블리 내부의 피니언 기어를 연결하는 축의 회전 토크를 측정하는 센서 *제작결함시정조치 배경 설명: 2024년 10월 22일 보고드린 제작자 리콜 관리번호 24S44(리콜번호: 2024RIV282)와 연관됩니다. 24S44 리콜은 생산 시에 잘못된 조향 기어가 장착되었을 수 있는 차량 대상이었으며, 해당 제작결함시정조치는 운행 중 수리를 위하여 조향 기어를 교체한 건들 중에 교환 부품으로 잘못된 조향 기어가 장착되었을 수 있는 차량을 대상으로 진행하는 제작결함시정조치 입니다. 그리고 해당 제작결함시정계획은 2024년 10월 22일 보고드린 제작자 리콜 관리번호 24S45(리콜번호: 2024RIV283)에 대상 차량이 추가로 확인되어 진행하는 내용입니다."
(유)기흥모터스,HARLEY-DAVIDSON FLHXSE,2023-06-13,2023-09-19,2025-02-20,"전압 레귤레이터 출력 배선이 크랭크케이스 전면에 마찰되어, 잠재적으로 접지 단락이 발생해 메인 퓨즈가 개방되어 모든 전력이 손실될 수 있는 가능성이 있음"
(유)기흥모터스,HARLEY-DAVIDSON FLTRXSE,2023-06-21,2023-10-25,2025-02-20,"전압 레귤레이터 출력 배선이 크랭크케이스 전면에 마찰되어, 잠재적으로 접지 단락이 발생해 메인 퓨즈가 개방되어 모든 전력이 손실될 수 있는 가능성이 있음"
르노코리아(주),XM3 하이브리드,2022-09-30,2024-03-26,2025-02-20,HEVC 및 DC/DC 컨버터의 소프트웨어 로직 미흡으로 인하여 구동 전기모터의 전원이 차단되거나 저전압 배터리가 충전불가한 상황이 발생할 가능성이 있음
르노코리아(주),ARKANA 하이브리드,2024-04-01,2024-12-10,2025-02-20,HEVC 및 DC/DC 컨버터의 소프트웨어 로직 미흡으로 인하여 구동 전기모터의 전원이 차단되거나 저전압 배터리가 충전불가한 상황이 발생할 가능성이 있음
비엠더블유코리아(주),BMW 523d,2023-09-01,2023-09-01,2025-02-20,통합제동장치에 장착된 서보모터 위치센서의 품질 결함으로 인해 신호 장애가 발생할 가능성이 확인되었습니다.
비엠더블유코리아(주),BMW 530i xDrive,2023-09-13,2023-09-13,2025-02-20,통합제동장치에 장착된 서보모터 위치센서의 품질 결함으로 인해 신호 장애가 발생할 가능성이 확인되었습니다.
비엠더블유코리아(주),BMW X5 xDrive40i,2023-07-26,2023-07-26,2025-02-20,통합제동장치에 장착된 서보모터 위치센서의 품질 결함으로 인해 신호 장애가 발생할 가능성이 확인되었습니다.
비엠더블유코리아(주),BMW 523d xDrive,2023-09-07,2023-09-07,2025-02-20,통합제동장치에 장착된 서보모터 위치센서의 품질 결함으로 인해 신호 장애가 발생할 가능성이 확인되었습니다.
비엠더블유코리아(주),BMW 740i xDrive,2023-10-27,2023-10-27,2025-02-20,통합제동장치에 장착된 서보모터 위치센서의 품질 결함으로 인해 신호 장애가 발생할 가능성이 확인되었습니다.
비엠더블유코리아(주),BMW X5 xDrive 50e,2024-01-23,2024-01-23,2025-02-20,통합제동장치에 장착된 서보모터 위치센서의 품질 결함으로 인해 신호 장애가 발생할 가능성이 확인되었습니다.
비엠더블유코리아(주),BMW 228I A,2015-09-07,2015-09-07,2025-02-20,전동식 냉각수 펌프에 연결되는 배선 커넥터 제작결함
비엠더블유코리아(주),BMW 228I XDR A,2014-07-18,2014-07-18,2025-02-20,전동식 냉각수 펌프에 연결되는 배선 커넥터 제작결함
비엠더블유코리아(주),BMW 228I XDR A,2015-06-17,2015-09-16,2025-02-20,전동식 냉각수 펌프에 연결되는 배선 커넥터 제작결함
비엠더블유코리아(주),BMW 328i,2012-02-23,2015-04-24,2025-02-20,전동식 냉각수 펌프에 연결되는 배선 커넥터 제작결함
비엠더블유코리아(주),BMW 328i,2015-07-17,2016-06-24,2025-02-20,전동식 냉각수 펌프에 연결되는 배선 커넥터 제작결함
비엠더블유코리아(주),BMW 328I A,2012-12-14,2012-12-14,2025-02-20,전동식 냉각수 펌프에 연결되는 배선 커넥터 제작결함
비엠더블유코리아(주),BMW 328I A,2012-01-11,2014-10-24,2025-02-20,전동식 냉각수 펌프에 연결되는 배선 커넥터 제작결함
비엠더블유코리아(주),BMW 328I A,2012-04-10,2015-05-19,2025-02-20,전동식 냉각수 펌프에 연결되는 배선 커넥터 제작결함
비엠더블유코리아(주),BMW 328I A,2012-05-08,2015-03-06,2025-02-20,전동식 냉각수 펌프에 연결되는 배선 커넥터 제작결함
비엠더블유코리아(주),BMW 328I A,2012-10-10,2012-10-10,2025-02-20,전동식 냉각수 펌프에 연결되는 배선 커넥터 제작결함
비엠더블유코리아(주),BMW 328I A,2015-07-13,2016-02-06,2025-02-20,전동식 냉각수 펌프에 연결되는 배선 커넥터 제작결함
비엠더블유코리아(주),BMW 328I A,2016-06-30,2016-06-30,2025-02-20,전동식 냉각수 펌프에 연결되는 배선 커넥터 제작결함
비엠더블유코리아(주),BMW 328i Gran Turismo,2013-04-08,2013-04-19,2025-02-20,전동식 냉각수 펌프에 연결되는 배선 커넥터 제작결함
비엠더블유코리아(주),BMW 328I XDR A,2013-11-25,2015-01-16,2025-02-20,전동식 냉각수 펌프에 연결되는 배선 커넥터 제작결함
비엠더블유코리아(주),BMW 328I XDR A,2012-08-07,2014-03-13,2025-02-20,전동식 냉각수 펌프에 연결되는 배선 커넥터 제작결함
비엠더블유코리아(주),BMW 328I XDR A,2013-11-12,2015-04-22,2025-02-20,전동식 냉각수 펌프에 연결되는 배선 커넥터 제작결함
비엠더블유코리아(주),BMW 328I XDR A,2014-02-27,2014-02-27,2025-02-20,전동식 냉각수 펌프에 연결되는 배선 커넥터 제작결함
비엠더블유코리아(주),BMW 328I XDR A,2015-11-16,2015-11-23,2025-02-20,전동식 냉각수 펌프에 연결되는 배선 커넥터 제작결함
비엠더블유코리아(주),BMW 328XI A,2012-08-28,2014-09-16,2025-02-20,전동식 냉각수 펌프에 연결되는 배선 커넥터 제작결함
비엠더블유코리아(주),BMW 328XI A,2012-08-28,2015-03-24,2025-02-20,전동식 냉각수 펌프에 연결되는 배선 커넥터 제작결함
비엠더블유코리아(주),BMW 428I A,2013-11-21,2015-03-18,2025-02-20,전동식 냉각수 펌프에 연결되는 배선 커넥터 제작결함
비엠더블유코리아(주),BMW 428I A,2014-02-07,2016-01-25,2025-02-20,전동식 냉각수 펌프에 연결되는 배선 커넥터 제작결함
비엠더블유코리아(주),BMW 428I A,2014-05-08,2015-06-23,2025-02-20,전동식 냉각수 펌프에 연결되는 배선 커넥터 제작결함
비엠더블유코리아(주),BMW 428I A,2015-03-16,2015-03-16,2025-02-20,전동식 냉각수 펌프에 연결되는 배선 커넥터 제작결함
비엠더블유코리아(주),BMW 428I A,2014-06-06,2014-06-12,2025-02-20,전동식 냉각수 펌프에 연결되는 배선 커넥터 제작결함
비엠더블유코리아(주),BMW 428i Convertible,2013-10-30,2017-02-27,2025-02-20,전동식 냉각수 펌프에 연결되는 배선 커넥터 제작결함
비엠더블유코리아(주),BMW 428i Coupe,2013-06-24,2017-01-25,2025-02-20,전동식 냉각수 펌프에 연결되는 배선 커넥터 제작결함
비엠더블유코리아(주),BMW 428I XDR A,2015-03-04,2015-03-04,2025-02-20,전동식 냉각수 펌프에 연결되는 배선 커넥터 제작결함
비엠더블유코리아(주),BMW 428I XDR A,2013-12-04,2013-12-04,2025-02-20,전동식 냉각수 펌프에 연결되는 배선 커넥터 제작결함
비엠더블유코리아(주),BMW 428I XDR A,2015-01-30,2015-01-30,2025-02-20,전동식 냉각수 펌프에 연결되는 배선 커넥터 제작결함
비엠더블유코리아(주),BMW 428I XDR A,2014-09-03,2015-10-13,2025-02-20,전동식 냉각수 펌프에 연결되는 배선 커넥터 제작결함
비엠더블유코리아(주),BMW 520i,2011-08-22,2012-03-20,2025-02-20,전동식 냉각수 펌프에 연결되는 배선 커넥터 제작결함
비엠더블유코리아(주),BMW 520I A,2012-01-10,2012-01-10,2025-02-20,전동식 냉각수 펌프에 연결되는 배선 커넥터 제작결함
비엠더블유코리아(주),BMW 525LI A,2016-05-31,2016-05-31,2025-02-20,전동식 냉각수 펌프에 연결되는 배선 커넥터 제작결함
비엠더블유코리아(주),BMW 528i,2013-06-21,2016-10-13,2025-02-20,전동식 냉각수 펌프에 연결되는 배선 커넥터 제작결함
비엠더블유코리아(주),BMW 528i,2011-08-11,2013-05-17,2025-02-20,전동식 냉각수 펌프에 연결되는 배선 커넥터 제작결함
비엠더블유코리아(주),BMW 528I A,2013-09-02,2015-06-16,2025-02-20,전동식 냉각수 펌프에 연결되는 배선 커넥터 제작결함
비엠더블유코리아(주),BMW 528I A,2011-12-12,2013-04-17,2025-02-20,전동식 냉각수 펌프에 연결되는 배선 커넥터 제작결함
비엠더블유코리아(주),BMW 528I XDR A,2013-07-29,2015-11-20,2025-02-20,전동식 냉각수 펌프에 연결되는 배선 커넥터 제작결함
비엠더블유코리아(주),BMW 528I XDR A,2011-09-09,2013-06-19,2025-02-20,전동식 냉각수 펌프에 연결되는 배선 커넥터 제작결함
비엠더블유코리아(주),BMW 528i xDrive,2013-05-07,2016-10-12,2025-02-20,전동식 냉각수 펌프에 연결되는 배선 커넥터 제작결함
비엠더블유코리아(주),BMW 528i xDrive,2011-08-10,2013-06-27,2025-02-20,전동식 냉각수 펌프에 연결되는 배선 커넥터 제작결함
비엠더블유코리아(주),BMW X1S28I A,2012-07-31,2015-02-16,2025-02-20,전동식 냉각수 펌프에 연결되는 배선 커넥터 제작결함
비엠더블유코리아(주),BMW X1X28I A,2011-04-06,2015-05-29,2025-02-20,전동식 냉각수 펌프에 연결되는 배선 커넥터 제작결함
비엠더블유코리아(주),BMW X3 28I A,2012-05-01,2017-06-21,2025-02-20,전동식 냉각수 펌프에 연결되는 배선 커넥터 제작결함
비엠더블유코리아(주),BMW X3 28I A,2014-08-26,2017-01-31,2025-02-20,전동식 냉각수 펌프에 연결되는 배선 커넥터 제작결함
비엠더블유코리아(주),BMW X3 xDrive28i,2012-03-29,2016-08-24,2025-02-20,전동식 냉각수 펌프에 연결되는 배선 커넥터 제작결함
비엠더블유코리아(주),BMW X4 XDRIV A,2014-03-14,2016-08-11,2025-02-20,전동식 냉각수 펌프에 연결되는 배선 커넥터 제작결함
비엠더블유코리아(주),BMW X4 XDRIV A,2014-04-04,2016-02-17,2025-02-20,전동식 냉각수 펌프에 연결되는 배선 커넥터 제작결함
비엠더블유코리아(주),BMW X5 xDrive28i,2015-12-12,2018-02-10,2025-02-20,전동식 냉각수 펌프에 연결되는 배선 커넥터 제작결함
비엠더블유코리아(주),BMW X5 xDrive40e iPerformance,2015-07-28,2018-06-30,2025-02-20,전동식 냉각수 펌프에 연결되는 배선 커넥터 제작결함
비엠더블유코리아(주),BMW X5 xDrive40e iPerformance,2015-09-02,2018-01-08,2025-02-20,전동식 냉각수 펌프에 연결되는 배선 커넥터 제작결함
비엠더블유코리아(주),BMW Z4 20I A,2011-12-07,2011-12-07,2025-02-20,전동식 냉각수 펌프에 연결되는 배선 커넥터 제작결함
비엠더블유코리아(주),BMW Z4 28I A,2011-10-10,2016-08-12,2025-02-20,전동식 냉각수 펌프에 연결되는 배선 커넥터 제작결함
비엠더블유코리아(주),BMW Z4 sDrive28i,2011-08-30,2015-10-16,2025-02-20,전동식 냉각수 펌프에 연결되는 배선 커넥터 제작결함
폭스바겐그룹코리아 주식회사,ID.4 210kW,2024-10-28,2024-12-16,2025-02-20,"차문걸쇠장치내의 PCB기판으로 수분이 유입될 가능성이 있습니다. *PCB 기판(Printed Circuit Board, 인쇄 회로 기판): 도체와 절연체가 기판 형태로 적층 되어, 부품간의 전기적인 연결을 하는 장치"
테슬라코리아 유한회사,Model Y,2024-05-25,2024-09-23,2025-02-21,"특정 차량에서 전자식 파워 어시스트 스티어링(EPAS , Electronic Power-Assisted Steering)이 탑재되고, 소프트웨어 버전이 2023.38.4 이전인 경우, 과전압이 발생하여 모터 구동 회로 기판(PCB , Printed Circuit Board) 내부 소자에 과부하가 걸릴 수 있으며, 이로 인해 EPAS 기능이 저하되거나 상실될 가능성이 있습니다. EPAS: Electronic Power-Assisted Steering(전자식 파워 어시스트 스티어링) 운전자의 조항력을 전자식 모터로 보조하여 조향을 더 쉽고 부드럽게 해주는 시스템 PCB: Printed Circuit Board(모터 구동 회로 기판) EPAS 모터를 구동하는 EPAS ECU 내부 기판"
주식회사 티에스모터스,일레누스,2020-07-15,2021-12-13,2025-02-21,자동차를 운행하는 과정에서 승객을 보호하는 기능을 수행하는 장치 제작결함의 원인: 보호시설은 내측 벽으로부터 좌석의 중심선을 초과하여 100mm 이상 설치하여야 하나 기준에 미달하여 자동차 및 자동차 부품의 성능과 기준에 관한 규칙 제23조(승차장치)를 위반.
주식회사 티에스모터스,일레누스,2020-07-15,2021-12-13,2025-02-21,계기판에 표시장치의 소프트웨어 오류로 인해 식별 부호가 법규 기준에 상이하게 나타남. (자동차 및 부품의 성능과 기준에 관한 규칙 제13조 위반)
주식회사 티에스모터스,일레누스,2020-07-15,2021-12-13,2025-02-21,"시동키 “ON” 상태에서 승강구의 외부잠금장치가 활성화 시 운전자에게 경고하는 기능이 없어 자동차 및 자동차 부품의 성능과 기준에 과한 규칙 제 29조(승강구) 위반. 제작결함 미 조치 시 발생할 수 있는 현상: 차량 운행중 인위적으로 외부잠금장치가 잠긴상태일 때 운전자가 인지를 하지 못하고 있으므로 화재와 같은 비상사태가 발생한다면 빠르게 대응이 불가능할 수도 있습니다. 외부에서 승강구를 여는 장치가 지상으로부터 340mm 위치에 있어 1,000mm이하로 위반."
기아 주식회사,니로 (SG2 HEV),2021-12-20,2025-01-09,2025-02-26,전기배선 경로 설계 불량으로 인해 전기배선이 승객감지장치에 간섭되어 전기배선이 손상되는 경우 충돌 시 동승석 에어백(정면/측면)이 전개되지 않거나 비정상 전개될 수 있고 에어백 미전개 조건에서 동승석 측면 에어백이 자발 전개되어 탑승자 상해 발생 가능성
기아 주식회사,니로 EV (SG2 EV),2022-06-02,2024-07-26,2025-02-26,전기배선 경로 설계 불량으로 인해 전기배선이 승객감지장치에 간섭되어 전기배선이 손상되는 경우 충돌 시 동승석 에어백(정면/측면)이 전개되지 않거나 비정상 전개될 수 있고 에어백 미전개 조건에서 동승석 측면 에어백이 자발 전개되어 탑승자 상해 발생 가능성
(주)재규어랜드로버코리아,디스커버리 스포츠 P250,2023-04-18,2023-05-03,2025-02-26,"당사에서 수입한‘디스커버리 스포츠, 디펜더 90 및 디펜더 110’일부 차량에서 터치 스크린 관련 소프트웨어 오류로 차량 시동 시 간헐적으로 터치 스크린 화면이 빈 화면으로 표시되어 후진 시 카메라 이미지가 표시되지 않을 가능성이 확인되어 다음과 같이 시정조치 계획을 보고하고 시정조치를 하고자 합니다."
(주)재규어랜드로버코리아,디펜더 90 D250,2022-12-15,2024-06-25,2025-02-26,"당사에서 수입한‘디스커버리 스포츠, 디펜더 90 및 디펜더 110’일부 차량에서 터치 스크린 관련 소프트웨어 오류로 차량 시동 시 간헐적으로 터치 스크린 화면이 빈 화면으로 표시되어 후진 시 카메라 이미지가 표시되지 않을 가능성이 확인되어 다음과 같이 시정조치 계획을 보고하고 시정조치를 하고자 합니다."
(주)재규어랜드로버코리아,디펜더 110 D250,2022-12-19,2024-06-28,2025-02-26,"당사에서 수입한‘디스커버리 스포츠, 디펜더 90 및 디펜더 110’일부 차량에서 터치 스크린 관련 소프트웨어 오류로 차량 시동 시 간헐적으로 터치 스크린 화면이 빈 화면으로 표시되어 후진 시 카메라 이미지가 표시되지 않을 가능성이 확인되어 다음과 같이 시정조치 계획을 보고하고 시정조치를 하고자 합니다."
(주)재규어랜드로버코리아,디펜더 110 P300,2022-12-15,2024-05-10,2025-02-26,"당사에서 수입한‘디스커버리 스포츠, 디펜더 90 및 디펜더 110’일부 차량에서 터치 스크린 관련 소프트웨어 오류로 차량 시동 시 간헐적으로 터치 스크린 화면이 빈 화면으로 표시되어 후진 시 카메라 이미지가 표시되지 않을 가능성이 확인되어 다음과 같이 시정조치 계획을 보고하고 시정조치를 하고자 합니다."
폭스바겐그룹코리아 주식회사,Q3 40 TFSI qu. Premium,2024-09-14,2025-01-17,2025-02-27,"특정 기간 동안 생산/수입된 일부 차량에 탑재된 카메라 컨트롤 유닛 소프트웨어 오류로 인하여, 카메라 컨트롤 유닛 구동 시 에러 발생으로 후방카메라 이미지가 표시되지 않을 수 있습니다. 이는 ‘자동차 및 자동차 부품의 성능과 기준에 관한 규칙’ 제53조의2(후방보행자 안전장치)의 일부를 준수하지 않아 국내 자동차 안전 기준을 충족하지 않습니다."
폭스바겐그룹코리아 주식회사,Q3 40 TFSI qu. Premium,2024-09-18,2025-01-14,2025-02-27,"특정 기간 동안 생산/수입된 일부 차량에 탑재된 카메라 컨트롤 유닛 소프트웨어 오류로 인하여, 카메라 컨트롤 유닛 구동 시 에러 발생으로 후방카메라 이미지가 표시되지 않을 수 있습니다. 이는 ‘자동차 및 자동차 부품의 성능과 기준에 관한 규칙’ 제53조의2(후방보행자 안전장치)의 일부를 준수하지 않아 국내 자동차 안전 기준을 충족하지 않습니다."
폭스바겐그룹코리아 주식회사,Q3 40 TFSI qu. Premium,2024-12-07,2024-12-07,2025-02-27,"특정 기간 동안 생산/수입된 일부 차량에 탑재된 카메라 컨트롤 유닛 소프트웨어 오류로 인하여, 카메라 컨트롤 유닛 구동 시 에러 발생으로 후방카메라 이미지가 표시되지 않을 수 있습니다. 이는 ‘자동차 및 자동차 부품의 성능과 기준에 관한 규칙’ 제53조의2(후방보행자 안전장치)의 일부를 준수하지 않아 국내 자동차 안전 기준을 충족하지 않습니다."
화창상사(주),SCOUT BOBBER,2024-02-27,2024-09-23,2025-02-28,제작 과정에서 소프트웨어 오류로 인하여 중립을 표시하는 전압 한계치가 넓게 설정되어 1단 및 2단 기어 변속 이후 계기판에 중립표시 가능성으로 의도치 않은 차량 움직임 발생
화창상사(주),SCOUT BOBBER LIMITED TECH,2024-02-22,2024-11-27,2025-02-28,제작 과정에서 소프트웨어 오류로 인하여 중립을 표시하는 전압 한계치가 넓게 설정되어 1단 및 2단 기어 변속 이후 계기판에 중립표시 가능성으로 의도치 않은 차량 움직임 발생
화창상사(주),SCOUT CLASSIC LIMITED TECH,2024-03-14,2024-10-04,2025-02-28,제작 과정에서 소프트웨어 오류로 인하여 중립을 표시하는 전압 한계치가 넓게 설정되어 1단 및 2단 기어 변속 이후 계기판에 중립표시 가능성으로 의도치 않은 차량 움직임 발생
화창상사(주),SPORT SCOUT,2024-02-28,2024-10-15,2025-02-28,제작 과정에서 소프트웨어 오류로 인하여 중립을 표시하는 전압 한계치가 넓게 설정되어 1단 및 2단 기어 변속 이후 계기판에 중립표시 가능성으로 의도치 않은 차량 움직임 발생
화창상사(주),SPORT SCOUT LIMITED TECH,2024-02-20,2024-10-24,2025-02-28,제작 과정에서 소프트웨어 오류로 인하여 중립을 표시하는 전압 한계치가 넓게 설정되어 1단 및 2단 기어 변속 이후 계기판에 중립표시 가능성으로 의도치 않은 차량 움직임 발생
화창상사(주),SPORT SCOUT 101,2024-02-22,2024-10-16,2025-02-28,제작 과정에서 소프트웨어 오류로 인하여 중립을 표시하는 전압 한계치가 넓게 설정되어 1단 및 2단 기어 변속 이후 계기판에 중립표시 가능성으로 의도치 않은 차량 움직임 발생
폭스바겐그룹코리아 주식회사,e-tron 55 quattro,2020-03-13,2020-08-27,2025-02-28,특정 기간에 생산된 차량에 적용된 일부 고전압 배터리 모듈에서 심각한 자기 방전이 발생할 가능성이 있습니다.
포르쉐코리아 주식회사,911 카레라 4 카브리올레,2023-04-27,2023-04-27,2025-03-04,뒷 좌석 안전띠 버클 볼트 연결이 제조상 문제로 시간이 지남에 따라 느슨해질 가능성이 확인되었습니다. (작업자의 올바르지 않은 조립 방법)
포르쉐코리아 주식회사,911 카레라 4 GTS,2023-02-21,2023-05-25,2025-03-04,뒷 좌석 안전띠 버클 볼트 연결이 제조상 문제로 시간이 지남에 따라 느슨해질 가능성이 확인되었습니다. (작업자의 올바르지 않은 조립 방법)
포르쉐코리아 주식회사,911 카레라 4 GTS 카브리올레,2023-02-21,2023-06-14,2025-03-04,뒷 좌석 안전띠 버클 볼트 연결이 제조상 문제로 시간이 지남에 따라 느슨해질 가능성이 확인되었습니다. (작업자의 올바르지 않은 조립 방법)
포르쉐코리아 주식회사,911 카레라 4S 카브리올레,2023-02-22,2023-05-25,2025-03-04,뒷 좌석 안전띠 버클 볼트 연결이 제조상 문제로 시간이 지남에 따라 느슨해질 가능성이 확인되었습니다. (작업자의 올바르지 않은 조립 방법)
포르쉐코리아 주식회사,911 카레라 카브리올레,2023-02-21,2023-05-26,2025-03-04,뒷 좌석 안전띠 버클 볼트 연결이 제조상 문제로 시간이 지남에 따라 느슨해질 가능성이 확인되었습니다. (작업자의 올바르지 않은 조립 방법)
포르쉐코리아 주식회사,911 카레라 GTS,2023-02-20,2023-05-11,2025-03-04,뒷 좌석 안전띠 버클 볼트 연결이 제조상 문제로 시간이 지남에 따라 느슨해질 가능성이 확인되었습니다. (작업자의 올바르지 않은 조립 방법)
포르쉐코리아 주식회사,911 카레라 GTS 카브리올레,2023-02-21,2023-05-25,2025-03-04,뒷 좌석 안전띠 버클 볼트 연결이 제조상 문제로 시간이 지남에 따라 느슨해질 가능성이 확인되었습니다. (작업자의 올바르지 않은 조립 방법)
포르쉐코리아 주식회사,911 카레라 S,2023-02-21,2023-05-04,2025-03-04,뒷 좌석 안전띠 버클 볼트 연결이 제조상 문제로 시간이 지남에 따라 느슨해질 가능성이 확인되었습니다. (작업자의 올바르지 않은 조립 방법)
포르쉐코리아 주식회사,911 카레라 S 카브리올레,2023-05-25,2023-05-25,2025-03-04,뒷 좌석 안전띠 버클 볼트 연결이 제조상 문제로 시간이 지남에 따라 느슨해질 가능성이 확인되었습니다. (작업자의 올바르지 않은 조립 방법)
포르쉐코리아 주식회사,911 타르가 4 GTS,2023-03-08,2023-03-08,2025-03-04,뒷 좌석 안전띠 버클 볼트 연결이 제조상 문제로 시간이 지남에 따라 느슨해질 가능성이 확인되었습니다. (작업자의 올바르지 않은 조립 방법)
포르쉐코리아 주식회사,911 터보 S,2023-04-13,2023-05-23,2025-03-04,뒷 좌석 안전띠 버클 볼트 연결이 제조상 문제로 시간이 지남에 따라 느슨해질 가능성이 확인되었습니다. (작업자의 올바르지 않은 조립 방법)
포르쉐코리아 주식회사,911 터보 S 카브리올레,2023-05-08,2023-06-28,2025-03-04,뒷 좌석 안전띠 버클 볼트 연결이 제조상 문제로 시간이 지남에 따라 느슨해질 가능성이 확인되었습니다. (작업자의 올바르지 않은 조립 방법)
포르쉐코리아 주식회사,911 카레라 4,2023-02-21,2023-05-06,2025-03-04,뒷 좌석 안전띠 버클 볼트 연결이 제조상 문제로 시간이 지남에 따라 느슨해질 가능성이 확인되었습니다. (작업자의 올바르지 않은 조립 방법)
폭스바겐그룹코리아 주식회사,A7 55 TFSI e qu. Premium,2023-02-08,2023-09-11,2025-03-05,"특정 기간 동안 생산/수입된 일부 차량에 탑재된 고전압 배터리의 생산 공정에서 제조 편차가 발생하였을 가능성이 있습니다. 이로 인하여, 셀 양극의 미세 결함 혹은 셀 분리막층에서 국부적인 응력이 발생할 수 있습니다."
한국토요타자동차(주),토요타 Camry,2018-02-01,2018-04-06,2025-03-06,"연료펌프의 내부 부품(임펠러)의 제조가 부적절하여 해당부품이 변형되어 임펠러와 펌프케이스가 간섭될 가능성이 있음. *금번 리콜은 2020년 4월 29일「대상대수 4,686대(리콜번호: 2020RIV052)」, 2020년 12월24일「대상대수 15,024대(리콜번호: 2020RIV231)」및 2021년 9월 2일「대상대수 9대(리콜번호: 2021RIV187)」부터 현재 시행 중인, 연료펌프 리콜에 대하여 대상차량이 추가된 사항임."
한국토요타자동차(주),렉서스 ES300h,2019-02-21,2019-04-01,2025-03-06,"연료펌프의 내부 부품(임펠러)의 제조가 부적절하여 해당부품이 변형되어 임펠러와 펌프케이스가 간섭될 가능성이 있음. *금번 리콜은 2020년 4월 29일「대상대수 4,686대(리콜번호: 2020RIV052)」, 2020년 12월24일「대상대수 15,024대(리콜번호: 2020RIV231)」및 2021년 9월 2일「대상대수 9대(리콜번호: 2021RIV187)」부터 현재 시행 중인, 연료펌프 리콜에 대하여 대상차량이 추가된 사항임."
한국토요타자동차(주),렉서스 RX450h,2019-08-01,2019-08-01,2025-03-06,"연료펌프의 내부 부품(임펠러)의 제조가 부적절하여 해당부품이 변형되어 임펠러와 펌프케이스가 간섭될 가능성이 있음. *금번 리콜은 2020년 4월 29일「대상대수 4,686대(리콜번호: 2020RIV052)」, 2020년 12월24일「대상대수 15,024대(리콜번호: 2020RIV231)」및 2021년 9월 2일「대상대수 9대(리콜번호: 2021RIV187)」부터 현재 시행 중인, 연료펌프 리콜에 대하여 대상차량이 추가된 사항임."
폭스바겐그룹코리아 주식회사,A6 45 TFSI Premium,2024-10-24,2024-12-17,2025-03-07,일부 차량 생산을 위한 부품 운송과정에서 전방 동승자석 에어백의 손상이 발생되었을 가능성이 있습니다.
폭스바겐그룹코리아 주식회사,A7 55 TFSI qu. Premium,2024-12-16,2025-01-20,2025-03-07,일부 차량 생산을 위한 부품 운송과정에서 전방 동승자석 에어백의 손상이 발생되었을 가능성이 있습니다.
폭스바겐그룹코리아 주식회사,A6 45 TFSI qu. Premium,2024-10-25,2024-12-18,2025-03-07,일부 차량 생산을 위한 부품 운송과정에서 전방 동승자석 에어백의 손상이 발생되었을 가능성이 있습니다.
폭스바겐그룹코리아 주식회사,A6 40 TDI,2024-12-16,2024-12-16,2025-03-07,일부 차량 생산을 위한 부품 운송과정에서 전방 동승자석 에어백의 손상이 발생되었을 가능성이 있습니다.
폭스바겐그룹코리아 주식회사,A6 45 TFSI,2024-12-17,2024-12-17,2025-03-07,일부 차량 생산을 위한 부품 운송과정에서 전방 동승자석 에어백의 손상이 발생되었을 가능성이 있습니다.
폭스바겐그룹코리아 주식회사,A7 55 TFSI e qu. Premium,2024-12-17,2024-12-17,2025-03-07,일부 차량 생산을 위한 부품 운송과정에서 전방 동승자석 에어백의 손상이 발생되었을 가능성이 있습니다.
(주) 한국모터트레이딩,MTM890,2022-05-11,2023-09-04,2025-03-07,운행시 운전자의 가속 조작에 대해 ECU데이터 연산이 부적절하여 스로틀밸브 이상 작동으로 인해 스로틀밸브 위치를 감지하는 TPS(스로틀 포지션 센서)내부 부품(브러쉬) 이상 마모에 의한 오류가 발생할 가능성 있음.
(주) 한국모터트레이딩,MTN1000,2022-06-02,2022-09-09,2025-03-07,운행시 운전자의 가속 조작에 대해 ECU데이터 연산이 부적절하여 스로틀밸브 이상 작동으로 인해 스로틀밸브 위치를 감지하는 TPS(스로틀 포지션 센서)내부 부품(브러쉬) 이상 마모에 의한 오류가 발생할 가능성 있음.
(주) 한국모터트레이딩,MTN1000D,2022-06-01,2024-07-02,2025-03-07,운행시 운전자의 가속 조작에 대해 ECU데이터 연산이 부적절하여 스로틀밸브 이상 작동으로 인해 스로틀밸브 위치를 감지하는 TPS(스로틀 포지션 센서)내부 부품(브러쉬) 이상 마모에 의한 오류가 발생할 가능성 있음.
(주) 한국모터트레이딩,MTN890D,2021-03-29,2023-10-12,2025-03-07,운행시 운전자의 가속 조작에 대해 ECU데이터 연산이 부적절하여 스로틀밸브 이상 작동으로 인해 스로틀밸브 위치를 감지하는 TPS(스로틀 포지션 센서)내부 부품(브러쉬) 이상 마모에 의한 오류가 발생할 가능성 있음.
(주) 한국모터트레이딩,MTT890,2021-04-13,2023-06-23,2025-03-07,운행시 운전자의 가속 조작에 대해 ECU데이터 연산이 부적절하여 스로틀밸브 이상 작동으로 인해 스로틀밸브 위치를 감지하는 TPS(스로틀 포지션 센서)내부 부품(브러쉬) 이상 마모에 의한 오류가 발생할 가능성 있음.
(주) 한국모터트레이딩,MTT890D,2023-11-13,2024-07-12,2025-03-07,운행시 운전자의 가속 조작에 대해 ECU데이터 연산이 부적절하여 스로틀밸브 이상 작동으로 인해 스로틀밸브 위치를 감지하는 TPS(스로틀 포지션 센서)내부 부품(브러쉬) 이상 마모에 의한 오류가 발생할 가능성 있음.
메르세데스벤츠코리아(주),S 580 4MATIC,2021-02-19,2022-09-02,2025-03-07,"소프트웨어 개발 공정 오류로 인하여 엔진 컨트롤 유닛 소프트웨어의 람다 컨트롤1이 정상적으로 작동되지 않을 수 있습니다. 1람다 컨트롤(lambda control): 배기 가스 내 산소 농도를 모니터링하고 조절하는 시스템입니다. 람다 컨트롤 시스템은 산소 센서를 이용하여 배기 가스의 산소 양을 측정하고, 이를 바탕으로 연료와 공기의 비율을 조절합니다. 이렇게 함으로써 엔진의 연소 효율을 최적화하고, 연비를 개선하며, 배출가스를 줄이는 역할을 합니다."
메르세데스벤츠코리아(주),Maybach S 580 4MATIC,2021-02-18,2022-09-21,2025-03-07,"소프트웨어 개발 공정 오류로 인하여 엔진 컨트롤 유닛 소프트웨어의 람다 컨트롤1이 정상적으로 작동되지 않을 수 있습니다. 1람다 컨트롤(lambda control): 배기 가스 내 산소 농도를 모니터링하고 조절하는 시스템입니다. 람다 컨트롤 시스템은 산소 센서를 이용하여 배기 가스의 산소 양을 측정하고, 이를 바탕으로 연료와 공기의 비율을 조절합니다. 이렇게 함으로써 엔진의 연소 효율을 최적화하고, 연비를 개선하며, 배출가스를 줄이는 역할을 합니다."
비엠더블유코리아(주),R1300GS,2023-05-15,2024-02-23,2025-03-10,악세서리 부품인 케이스의 잠금장치 설계 오류로 인해 잠금 장치가 완전하지 않게 고정될 가능성이 있습니다.
스텔란티스코리아 주식회사,300C,2011-09-14,2014-08-22,2025-03-10,고압 연료 펌프내의 캠샤프트 롤러 내구성 약화로 인한 롤러 손상
에프엘오토코리아 유한회사,2024-2025년식 Nautilus,2023-04-19,2024-07-11,2025-03-11,"일부 2024-25년식 Nautilus 차량은 도어 컨트롤 모듈의 잘못된 소프트웨어 설정으로 인해 특정 조건*에서 모든 측면 창유리 끼임 방지 기능이 작동 기준 하중인 100 N 이상이 가해졌을 때 작동하지 않고, 하중이 100 N을 초과한 이후에 작동이 되고 기능 작동시 창유리가 하강되는 거리가 기준을 충족하지 못할 수 있습니다. 그리하여 「국내안전기준 (자동차규칙) 제34조(창유리 등) 제5항」을 준수하지 못하였습니다. 이에, 자동차 관리법 제31조 및 동법 시행규칙 제41조의 규정에 의거 다음과 같은 제작결함 시정계획서 실시 보고를 합니다. * 국내안전기준 상세 항목: 제34조(창유리 등) ⑤창유리등이 닫힐 때 창유리등의 윗면에 지름 4밀리미터부터 200밀리미터까지의 반강체(半剛體) 원통(탄성계수가 밀리미터당 1킬로그램인 것을 말한다)이 닿거나 100뉴턴 이상의 하중을 가하였을 때에 다음 각 호의 어느 하나에 해당하는 기능을 갖추어야 한다. 1. 창유리등이 닫히기 시작하기 전의 위치로 돌아갈 것 2. 창유리등이 반강체원통에 닿거나 하중을 가한 위치로부터 50밀리미터이상 열릴 것 3. 창유리등이 200밀리미터이상 열릴 것 4. 사선방향의 여닫이 방식으로 열리는 기능만 갖춘 선루프의 경우에는 최대 개방 가능한 상태로 열릴 것 * 해당 결함시정조치의 배경: 해당 결함시정조치는 2024년 10월 8일 국토부에 보고드리고, 2024년 10월 18일부터 시행한 리콜번호 2024RIV281(제작자 관리번호 24C24) 결함시정조치에 대하여 추가로 확인된 사항에 대한 보완 조치입니다. 리콜번호 2024RIV281의 대상차량 1,219대 중 이미 조치를 받었던 차량도 다시 한번 재입고하여 해당 조치를 받아야합니다. 과징금 산정 관련 매출액 자료와 관련해서는 동일 현상에 대한 추가 조치로서 대상대수 1,535대 중 앞서 시행한 리콜번호 2024RIV281(제작자 관리번호 24C24)의 1,219대를 제외하고 추가 316대의 차량의 매출액 자료만 제출합니다. * 제작자 관리 번호 24C24와 24C43 결함시정조치의 차이점: 2024년 10월 18일부터 시행한 리콜번호 2024RIV281(제작자 관리번호 24C24) 창유리 끼임 방지 기능이 작동 기준 하중인 100 N 이상이 가해졌을 때 작동하지 않고, 하중이 100 N을 초과한 이후에 작동이 되는 현상으로 시정 조치를 결정하였습니다. 그리고 이후에 진행된 추가 조사에서 원격 닫기 지능 사용 중 끼임 방지 작동 시 창유리가 하강되는 거리가 기준을 충족하지 못할 수 있는 가능성이 추가로 확인되어 24C43 결함시정조치를 통하여 추가적인 조치를 진행하기로 결정하였습니다. * 해당 차량은 중국 생산 차량으로서 『한국자동차안전기준』을 준수해야 합니다."
폭스바겐그룹코리아 주식회사,Q4 40 e-tron,2022-03-01,2023-10-09,2025-03-11,"특정 기간 동안 생산/수입된 일부 차량에 탑재된 브레이크 컨트롤 유닛 소프트웨어 조합 오류로 인하여, 일부 상황에서 계기판에 기어 위치 ‘N’이 표시되지 않을 수 있습니다. 이는 ‘자동차 및 자동차 부품의 성능과 기준에 관한 규칙’ 제13조(조종장치) 별표2의 일부를 준수하지 않아 국내 자동차 안전 기준을 충족하지 않습니다."
폭스바겐그룹코리아 주식회사,Q4 Sportback 40 e-tron,2022-03-03,2023-04-21,2025-03-11,"특정 기간 동안 생산/수입된 일부 차량에 탑재된 브레이크 컨트롤 유닛 소프트웨어 조합 오류로 인하여, 일부 상황에서 계기판에 기어 위치 ‘N’이 표시되지 않을 수 있습니다. 이는 ‘자동차 및 자동차 부품의 성능과 기준에 관한 규칙’ 제13조(조종장치) 별표2의 일부를 준수하지 않아 국내 자동차 안전 기준을 충족하지 않습니다."
에프엘오토코리아 유한회사,2024년식 Mustang,2024-05-21,2024-08-19,2025-03-11,"일부 2024년식 Mustang 차량은 차량 작동 및 주행 중 계기판 화면이 꺼질 수 있습니다. 이런 경우 「미국 자동차 안전 기준(FMVSS) 101, 102, 108, 126, 135, 138, 및 208번」을 준수하지 못합니다. 그리하여 제작결함을 시정하고자 합니다. *해당 차량은 한·미 FTA로 수입된 차량으로서 미국 자동차안전기준을 적용받습니다. *FMVSS 위반 항목: 첨부 결함시정계획서 참조"
폭스바겐그룹코리아 주식회사,Q6 e-tron performance,2024-11-22,2025-02-14,2025-03-14,특정 기간 동안 생산/수입된 일부 차량의 생산 과정에서 부품이 올바르게 할당되지 않았을 가능성이 있습니다. 이로 인하여 전방 동승자석에 에어백 제어 시스템이 장착되지 않았음에도 유아용 시트 혹은 아동용 시트를 장착할 수 있는 ISOFIX가 설치되었습니다. 이는 ‘자동차 및 자동차 부품의 성능과 기준에 관한 규칙’ 제103조의2(어린이보호용 좌석부착장치)의 일부를 준수하지 않아 국내 자동차 안전 기준을 충족하지 않습니다.
폭스바겐그룹코리아 주식회사,Q6 e-tron quattro Premium,2024-11-22,2025-02-14,2025-03-14,특정 기간 동안 생산/수입된 일부 차량의 생산 과정에서 부품이 올바르게 할당되지 않았을 가능성이 있습니다. 이로 인하여 전방 동승자석에 에어백 제어 시스템이 장착되지 않았음에도 유아용 시트 혹은 아동용 시트를 장착할 수 있는 ISOFIX가 설치되었습니다. 이는 ‘자동차 및 자동차 부품의 성능과 기준에 관한 규칙’ 제103조의2(어린이보호용 좌석부착장치)의 일부를 준수하지 않아 국내 자동차 안전 기준을 충족하지 않습니다.
폭스바겐그룹코리아 주식회사,Q6 e-tron performance,2024-11-28,2025-02-12,2025-03-14,특정 기간 동안 생산/수입된 일부 차량의 생산 과정에서 부품이 올바르게 할당되지 않았을 가능성이 있습니다. 이로 인하여 전방 동승자석에 에어백 제어 시스템이 장착되지 않았음에도 유아용 시트 혹은 아동용 시트를 장착할 수 있는 ISOFIX가 설치되었습니다. 이는 ‘자동차 및 자동차 부품의 성능과 기준에 관한 규칙’ 제103조의2(어린이보호용 좌석부착장치)의 일부를 준수하지 않아 국내 자동차 안전 기준을 충족하지 않습니다.
한국토요타자동차(주),토요타 시에나 하이브리드 2WD,2020-12-09,2025-01-16,2025-03-17,"3열 좌석 등받이 관련 제조설비의 관리가 부적절하여 등받이 고정볼트의 체결력이 부족할 가능성으로 미국 연방 자동차안전기준「FMVSS202(헤드 레스트 요건), FMVSS207 (좌석장치 요건), FMVSS225(어린이용 구속장치의 요건)」의 관련 규정을 만족하지 않을 수 있음. (참고) 1) FMVSS202(헤드 레스트 요건): 차량의 헤드 레스트 설계 및 성능을 규제하여 탑승자의 목 부상을 줄이기 위한 안전 기준. 2) FMVSS207(좌석장치 요건): 차량 좌석 시스템이 충격을 견디고 안정적으로 고정될 수 있도록 요구하는 안전 기준. 3) FMVSS225(어린이용 구속장치의 요건): 어린이용 카시트 고정 장치의 위치, 강도 및 설치 방법을 규정하여 충돌 시 어린이 승객의 보호를 강화하는 안전 기준."
한국토요타자동차(주),토요타 시에나 하이브리드 AWD,2020-12-11,2025-01-13,2025-03-17,"3열 좌석 등받이 관련 제조설비의 관리가 부적절하여 등받이 고정볼트의 체결력이 부족할 가능성으로 미국 연방 자동차안전기준「FMVSS202(헤드 레스트 요건), FMVSS207 (좌석장치 요건), FMVSS225(어린이용 구속장치의 요건)」의 관련 규정을 만족하지 않을 수 있음. (참고) 1) FMVSS202(헤드 레스트 요건): 차량의 헤드 레스트 설계 및 성능을 규제하여 탑승자의 목 부상을 줄이기 위한 안전 기준. 2) FMVSS207(좌석장치 요건): 차량 좌석 시스템이 충격을 견디고 안정적으로 고정될 수 있도록 요구하는 안전 기준. 3) FMVSS225(어린이용 구속장치의 요건): 어린이용 카시트 고정 장치의 위치, 강도 및 설치 방법을 규정하여 충돌 시 어린이 승객의 보호를 강화하는 안전 기준."
현대자동차(주),G80(RG3),2022-12-28,2024-01-02,2025-03-20,"G80(RG3), GV80(JX), GV70(JK), GV70 EV(JK EV) 일부 차량에서 계기판(8인치 계기판 적용 차량) 제어기 소프트웨어 설계 오류로 인해 초기 시동 시 간헐적으로 계기판 이미지가 표출되지 않아 ‘자동차 및 자동차 부품의 성능과 기준에 관한 규칙 제13조, 별표 2의 각주 9’ 안전기준에 적합하지 않는 사항이 확인되어 제작결함시정을 하고자 함"
현대자동차(주),GV80(JX),2023-01-02,2023-10-19,2025-03-20,"G80(RG3), GV80(JX), GV70(JK), GV70 EV(JK EV) 일부 차량에서 계기판(8인치 계기판 적용 차량) 제어기 소프트웨어 설계 오류로 인해 초기 시동 시 간헐적으로 계기판 이미지가 표출되지 않아 ‘자동차 및 자동차 부품의 성능과 기준에 관한 규칙 제13조, 별표 2의 각주 9’ 안전기준에 적합하지 않는 사항이 확인되어 제작결함시정을 하고자 함"
현대자동차(주),GV70(JK),2024-03-18,2024-06-24,2025-03-20,"G80(RG3), GV80(JX), GV70(JK), GV70 EV(JK EV) 일부 차량에서 계기판(8인치 계기판 적용 차량) 제어기 소프트웨어 설계 오류로 인해 초기 시동 시 간헐적으로 계기판 이미지가 표출되지 않아 ‘자동차 및 자동차 부품의 성능과 기준에 관한 규칙 제13조, 별표 2의 각주 9’ 안전기준에 적합하지 않는 사항이 확인되어 제작결함시정을 하고자 함"
현대자동차(주),GV70 EV(JK EV),2023-02-04,2024-12-12,2025-03-20,"G80(RG3), GV80(JX), GV70(JK), GV70 EV(JK EV) 일부 차량에서 계기판(8인치 계기판 적용 차량) 제어기 소프트웨어 설계 오류로 인해 초기 시동 시 간헐적으로 계기판 이미지가 표출되지 않아 ‘자동차 및 자동차 부품의 성능과 기준에 관한 규칙 제13조, 별표 2의 각주 9’ 안전기준에 적합하지 않는 사항이 확인되어 제작결함시정을 하고자 함"
현대자동차(주),카운티 일렉트릭,2020-05-28,2025-03-04,2025-03-20,일부 차량에서 구동전동기 최고출력 설정 소프트웨어 로직 오적용으로 인해 구동전동기 최고 출력에 대한 제원과 상이함.
메르세데스벤츠코리아(주),GLC 300 4MATIC Coupe,2023-03-28,2024-06-27,2025-03-21,문서화 작업 오류로 인하여 자기 인증 시 제원 통보된 차량 길이 수치가 잘못 제출되어 실제 차량 제원과 차이가 있습니다.
볼보트럭코리아(주),FH 트랙터,2024-02-29,2024-12-05,2025-03-21,조향장치의 운전자지원첨단조향장치 소프트웨어 오류로 인하여 해당 기능 작동 중 운전자가 조향 핸들을 잡고 있지 않음에도 경고등 미 작동 및 강제 해제기능 미 작동 가능성 있음
볼보트럭코리아(주),FH 카고,2024-02-26,2024-12-03,2025-03-21,조향장치의 운전자지원첨단조향장치 소프트웨어 오류로 인하여 해당 기능 작동 중 운전자가 조향 핸들을 잡고 있지 않음에도 경고등 미 작동 및 강제 해제기능 미 작동 가능성 있음
만트럭버스코리아(주),TGS,2018-09-25,2018-09-26,2025-03-21,"윈어스 알엔에이㈜에서 기 판매된 당사 모델 TGS 2대에서 연료필터 히터 내부 부품인 회로기판(circuit board)의 조립(소자 조립, 소자 납땜) 불량으로 인해 연료필터 히터가 작동 시 열부하(thermal overload)가 발생할 수 있습니다. 해당 열부하는 연료필터 히터 커넥터부에 전달되어 커넥터부가 과열되어 손상될 수 있으며, 또한 커넥터부에서 열로 인해 화재가 발생할 수 있는 가능성이 있습니다. MTBK-2024-01-19-01에서 보고 드린 시정조치 보고에 이어서 추가 대상 차량이 확인되어 보고 드립니다."
(주)재규어랜드로버코리아,더 뉴 레인지로버 스포츠 P360,2024-12-19,2025-01-31,2025-03-24,당사에서 수입한‘더 뉴 레인지로버 스포츠’일부 차량에서 공급업체 조립공정 문제로 안전띠 버클에 텅(Tongue)이 정확한 위치로 장착되도록 설계된 핀이 포함되지 않아 이로 인해 2열 중앙좌석 안전띠 체결 버클이 올바르게 잠기지 않을 가능성이 확인되어 다음과 같이 시정조치 계획을 보고하고 시정조치를 하고자 합니다.
(주)재규어랜드로버코리아,더 뉴 레인지로버 스포츠 P550e,2025-01-02,2025-02-19,2025-03-24,당사에서 수입한‘더 뉴 레인지로버 스포츠’일부 차량에서 공급업체 조립공정 문제로 안전띠 버클에 텅(Tongue)이 정확한 위치로 장착되도록 설계된 핀이 포함되지 않아 이로 인해 2열 중앙좌석 안전띠 체결 버클이 올바르게 잠기지 않을 가능성이 확인되어 다음과 같이 시정조치 계획을 보고하고 시정조치를 하고자 합니다.
스텔란티스코리아 주식회사,기블리,2021-03-05,2021-09-25,2025-03-26,"엔터테인먼트 모듈의 소프트웨어 오류로 인해 별도의 사용자 조작 없이 중앙 모니터가 재부팅 될 수 있으며, 이 과정에서 운전자가 후진할 경우 후방 카메라 영상이 보이지 않을 수 있음"
스텔란티스코리아 주식회사,기블리 S Q4,2021-03-08,2022-12-28,2025-03-26,"엔터테인먼트 모듈의 소프트웨어 오류로 인해 별도의 사용자 조작 없이 중앙 모니터가 재부팅 될 수 있으며, 이 과정에서 운전자가 후진할 경우 후방 카메라 영상이 보이지 않을 수 있음"
스텔란티스코리아 주식회사,기블리 트로페오,2021-03-09,2021-12-20,2025-03-26,"엔터테인먼트 모듈의 소프트웨어 오류로 인해 별도의 사용자 조작 없이 중앙 모니터가 재부팅 될 수 있으며, 이 과정에서 운전자가 후진할 경우 후방 카메라 영상이 보이지 않을 수 있음"
스텔란티스코리아 주식회사,기블리 하이브리드,2021-03-25,2022-12-23,2025-03-26,"엔터테인먼트 모듈의 소프트웨어 오류로 인해 별도의 사용자 조작 없이 중앙 모니터가 재부팅 될 수 있으며, 이 과정에서 운전자가 후진할 경우 후방 카메라 영상이 보이지 않을 수 있음"
스텔란티스코리아 주식회사,콰트로포르테,2021-03-10,2023-06-06,2025-03-26,"엔터테인먼트 모듈의 소프트웨어 오류로 인해 별도의 사용자 조작 없이 중앙 모니터가 재부팅 될 수 있으며, 이 과정에서 운전자가 후진할 경우 후방 카메라 영상이 보이지 않을 수 있음"
스텔란티스코리아 주식회사,콰트로포르테 S Q4,2021-03-16,2023-06-28,2025-03-26,"엔터테인먼트 모듈의 소프트웨어 오류로 인해 별도의 사용자 조작 없이 중앙 모니터가 재부팅 될 수 있으며, 이 과정에서 운전자가 후진할 경우 후방 카메라 영상이 보이지 않을 수 있음"
스텔란티스코리아 주식회사,콰트로포르테 트로페오,2021-03-18,2021-10-28,2025-03-26,"엔터테인먼트 모듈의 소프트웨어 오류로 인해 별도의 사용자 조작 없이 중앙 모니터가 재부팅 될 수 있으며, 이 과정에서 운전자가 후진할 경우 후방 카메라 영상이 보이지 않을 수 있음"
스텔란티스코리아 주식회사,르반떼,2021-03-17,2022-06-20,2025-03-26,"엔터테인먼트 모듈의 소프트웨어 오류로 인해 별도의 사용자 조작 없이 중앙 모니터가 재부팅 될 수 있으며, 이 과정에서 운전자가 후진할 경우 후방 카메라 영상이 보이지 않을 수 있음"
스텔란티스코리아 주식회사,르반떼 S,2021-03-23,2022-12-27,2025-03-26,"엔터테인먼트 모듈의 소프트웨어 오류로 인해 별도의 사용자 조작 없이 중앙 모니터가 재부팅 될 수 있으며, 이 과정에서 운전자가 후진할 경우 후방 카메라 영상이 보이지 않을 수 있음"
스텔란티스코리아 주식회사,르반떼 GTS,2021-03-24,2021-03-24,2025-03-26,"엔터테인먼트 모듈의 소프트웨어 오류로 인해 별도의 사용자 조작 없이 중앙 모니터가 재부팅 될 수 있으며, 이 과정에서 운전자가 후진할 경우 후방 카메라 영상이 보이지 않을 수 있음"
스텔란티스코리아 주식회사,르반떼 트로페오,2021-05-14,2021-08-27,2025-03-26,"엔터테인먼트 모듈의 소프트웨어 오류로 인해 별도의 사용자 조작 없이 중앙 모니터가 재부팅 될 수 있으며, 이 과정에서 운전자가 후진할 경우 후방 카메라 영상이 보이지 않을 수 있음"
스텔란티스코리아 주식회사,르반떼 하이브리드,2021-07-17,2023-06-16,2025-03-26,"엔터테인먼트 모듈의 소프트웨어 오류로 인해 별도의 사용자 조작 없이 중앙 모니터가 재부팅 될 수 있으며, 이 과정에서 운전자가 후진할 경우 후방 카메라 영상이 보이지 않을 수 있음"
스텔란티스코리아 주식회사,그레칼레,2022-11-05,2023-10-11,2025-03-26,"엔터테인먼트 모듈의 소프트웨어 오류로 인해 별도의 사용자 조작 없이 중앙 모니터가 재부팅 될 수 있으며, 이 과정에서 운전자가 후진할 경우 후방 카메라 영상이 보이지 않을 수 있음"
스텔란티스코리아 주식회사,MC20(Cielo),2021-12-14,2024-12-04,2025-03-26,"엔터테인먼트 모듈의 소프트웨어 오류로 인해 별도의 사용자 조작 없이 중앙 모니터가 재부팅 될 수 있으며, 이 과정에서 운전자가 후진할 경우 후방 카메라 영상이 보이지 않을 수 있음"
(주)볼보자동차코리아,S90,2024-09-11,2024-12-11,2025-03-28,조립 과정 중 공정상의 오류로 인해 창유리 부착에 사용된 접착제의 접착력이 감소된 현상이 확인됨.
다임러트럭코리아(주),아록스,2023-01-23,2023-12-04,2025-03-28,"2023 년 1 월 23 일부터 2024 년 2 월 20 일까지 독일에서 생산된 Arocs 2130L 외 3 개 차종의 뒤 차축 좌, 우 양쪽 액슬 베어링 브래킷에 장착되어야 할 너트와 스크류 (좌, 우측 총 4 세트 너트 4 개 / 스크류 4 개) 가 생산 과정에서 장착이 누락"
다임러트럭코리아(주),아록스,2024-02-20,2024-02-20,2025-03-28,"2023 년 1 월 23 일부터 2024 년 2 월 20 일까지 독일에서 생산된 Arocs 2130L 외 3 개 차종의 뒤 차축 좌, 우 양쪽 액슬 베어링 브래킷에 장착되어야 할 너트와 스크류 (좌, 우측 총 4 세트 너트 4 개 / 스크류 4 개) 가 생산 과정에서 장착이 누락"
다임러트럭코리아(주),아록스,2022-08-22,2023-12-19,2025-03-28,"2023 년 1 월 23 일부터 2024 년 2 월 20 일까지 독일에서 생산된 Arocs 2130L 외 3 개 차종의 뒤 차축 좌, 우 양쪽 액슬 베어링 브래킷에 장착되어야 할 너트와 스크류 (좌, 우측 총 4 세트 너트 4 개 / 스크류 4 개) 가 생산 과정에서 장착이 누락"
다임러트럭코리아(주),악트로스,2023-12-04,2023-12-06,2025-03-28,"2023 년 1 월 23 일부터 2024 년 2 월 20 일까지 독일에서 생산된 Arocs 2130L 외 3 개 차종의 뒤 차축 좌, 우 양쪽 액슬 베어링 브래킷에 장착되어야 할 너트와 스크류 (좌, 우측 총 4 세트 너트 4 개 / 스크류 4 개) 가 생산 과정에서 장착이 누락"
주식회사 킹롱이브이코리아,시티라이트2,2021-12-01,2023-11-08,2025-04-01,승강구 조작 장치(외부)-자동차 및 자동차 부품의 성능과 기준에 관한 규칙 제29조 위반. (2)승강구 조작 장치(내부)-자동차 및 자동차 부품의 성능과 기준에 관한 규칙 제29조 위반.
한국닛산(주),PATHFINDER,2013-11-06,2016-09-23,2025-04-01,2차 후드걸쇠장치 레버에 먼지와 이물질이 쌓일 경우 장기적으로 마찰에 의해 손상되거나 부식이 되어 운전자들이 차량 점검을 위해 2차 후드걸쇠장치를 조작한 후 후드를 닫아도 2차 후드걸쇠장치 레버가 열린 위치에서 고착이 될 수 있음.
혼다코리아(주),PILOT,2023-04-10,2024-11-08,2025-04-01,엔진 컨트롤 유닛 소프트웨어 프로그램의 스로틀밸브 개폐 범위 데이터 설정이 부적절하여 스로틀보디에 쌓인 침전물에 따른 스로틀밸브 닫힘 각도 교정 제어에 논리 오류가 발생하고 스로틀밸브 개방이 급격하게 변하게 된다.
만트럭버스코리아(주),TGS,2021-08-27,2023-01-18,2025-04-01,"만트럭버스코리아㈜에서는 기 판매된 당사 모델 TG3 TGS/TGX의 트랙터 및 카고 차량 중 (1)이피션트 크루즈 기능이 장착된 차량 1,515대에서 2025년 2월 5일 (2)특정 지역을 통과시 경고등과 함께 기어가 D(드라이브)모드에서 N(중립단)로 변경될 수 있는 가능성이 확인되었습니다. MTBK-2025-02-25 사전보고 드린 내용에 대하여 근본 원인이 확인되었고 최종 해결책이 준비되어 신속히 시정하고자 본보고를 드립니다"
만트럭버스코리아(주),TGS,2020-12-10,2022-08-10,2025-04-01,"만트럭버스코리아㈜에서는 기 판매된 당사 모델 TG3 TGS/TGX의 트랙터 및 카고 차량 중 (1)이피션트 크루즈 기능이 장착된 차량 1,515대에서 2025년 2월 5일 (2)특정 지역을 통과시 경고등과 함께 기어가 D(드라이브)모드에서 N(중립단)로 변경될 수 있는 가능성이 확인되었습니다. MTBK-2025-02-25 사전보고 드린 내용에 대하여 근본 원인이 확인되었고 최종 해결책이 준비되어 신속히 시정하고자 본보고를 드립니다"
만트럭버스코리아(주),TGS,2022-10-17,2022-10-25,2025-04-01,"만트럭버스코리아㈜에서는 기 판매된 당사 모델 TG3 TGS/TGX의 트랙터 및 카고 차량 중 (1)이피션트 크루즈 기능이 장착된 차량 1,515대에서 2025년 2월 5일 (2)특정 지역을 통과시 경고등과 함께 기어가 D(드라이브)모드에서 N(중립단)로 변경될 수 있는 가능성이 확인되었습니다. MTBK-2025-02-25 사전보고 드린 내용에 대하여 근본 원인이 확인되었고 최종 해결책이 준비되어 신속히 시정하고자 본보고를 드립니다"
만트럭버스코리아(주),TGS,2024-03-01,2024-09-10,2025-04-01,"만트럭버스코리아㈜에서는 기 판매된 당사 모델 TG3 TGS/TGX의 트랙터 및 카고 차량 중 (1)이피션트 크루즈 기능이 장착된 차량 1,515대에서 2025년 2월 5일 (2)특정 지역을 통과시 경고등과 함께 기어가 D(드라이브)모드에서 N(중립단)로 변경될 수 있는 가능성이 확인되었습니다. MTBK-2025-02-25 사전보고 드린 내용에 대하여 근본 원인이 확인되었고 최종 해결책이 준비되어 신속히 시정하고자 본보고를 드립니다"
만트럭버스코리아(주),TGS,2021-06-23,2022-11-09,2025-04-01,"만트럭버스코리아㈜에서는 기 판매된 당사 모델 TG3 TGS/TGX의 트랙터 및 카고 차량 중 (1)이피션트 크루즈 기능이 장착된 차량 1,515대에서 2025년 2월 5일 (2)특정 지역을 통과시 경고등과 함께 기어가 D(드라이브)모드에서 N(중립단)로 변경될 수 있는 가능성이 확인되었습니다. MTBK-2025-02-25 사전보고 드린 내용에 대하여 근본 원인이 확인되었고 최종 해결책이 준비되어 신속히 시정하고자 본보고를 드립니다"
만트럭버스코리아(주),TGS,2021-10-22,2023-10-25,2025-04-01,"만트럭버스코리아㈜에서는 기 판매된 당사 모델 TG3 TGS/TGX의 트랙터 및 카고 차량 중 (1)이피션트 크루즈 기능이 장착된 차량 1,515대에서 2025년 2월 5일 (2)특정 지역을 통과시 경고등과 함께 기어가 D(드라이브)모드에서 N(중립단)로 변경될 수 있는 가능성이 확인되었습니다. MTBK-2025-02-25 사전보고 드린 내용에 대하여 근본 원인이 확인되었고 최종 해결책이 준비되어 신속히 시정하고자 본보고를 드립니다"
만트럭버스코리아(주),TGS,2024-04-15,2024-06-24,2025-04-01,"만트럭버스코리아㈜에서는 기 판매된 당사 모델 TG3 TGS/TGX의 트랙터 및 카고 차량 중 (1)이피션트 크루즈 기능이 장착된 차량 1,515대에서 2025년 2월 5일 (2)특정 지역을 통과시 경고등과 함께 기어가 D(드라이브)모드에서 N(중립단)로 변경될 수 있는 가능성이 확인되었습니다. MTBK-2025-02-25 사전보고 드린 내용에 대하여 근본 원인이 확인되었고 최종 해결책이 준비되어 신속히 시정하고자 본보고를 드립니다"
만트럭버스코리아(주),TGX,2023-09-05,2023-09-05,2025-04-01,"만트럭버스코리아㈜에서는 기 판매된 당사 모델 TG3 TGS/TGX의 트랙터 및 카고 차량 중 (1)이피션트 크루즈 기능이 장착된 차량 1,515대에서 2025년 2월 5일 (2)특정 지역을 통과시 경고등과 함께 기어가 D(드라이브)모드에서 N(중립단)로 변경될 수 있는 가능성이 확인되었습니다. MTBK-2025-02-25 사전보고 드린 내용에 대하여 근본 원인이 확인되었고 최종 해결책이 준비되어 신속히 시정하고자 본보고를 드립니다"
만트럭버스코리아(주),TGX,2023-12-19,2024-03-21,2025-04-01,"만트럭버스코리아㈜에서는 기 판매된 당사 모델 TG3 TGS/TGX의 트랙터 및 카고 차량 중 (1)이피션트 크루즈 기능이 장착된 차량 1,515대에서 2025년 2월 5일 (2)특정 지역을 통과시 경고등과 함께 기어가 D(드라이브)모드에서 N(중립단)로 변경될 수 있는 가능성이 확인되었습니다. MTBK-2025-02-25 사전보고 드린 내용에 대하여 근본 원인이 확인되었고 최종 해결책이 준비되어 신속히 시정하고자 본보고를 드립니다"
만트럭버스코리아(주),TGX,2024-05-14,2024-07-24,2025-04-01,"만트럭버스코리아㈜에서는 기 판매된 당사 모델 TG3 TGS/TGX의 트랙터 및 카고 차량 중 (1)이피션트 크루즈 기능이 장착된 차량 1,515대에서 2025년 2월 5일 (2)특정 지역을 통과시 경고등과 함께 기어가 D(드라이브)모드에서 N(중립단)로 변경될 수 있는 가능성이 확인되었습니다. MTBK-2025-02-25 사전보고 드린 내용에 대하여 근본 원인이 확인되었고 최종 해결책이 준비되어 신속히 시정하고자 본보고를 드립니다"
만트럭버스코리아(주),TGX,2020-02-19,2024-05-13,2025-04-01,"만트럭버스코리아㈜에서는 기 판매된 당사 모델 TG3 TGS/TGX의 트랙터 및 카고 차량 중 (1)이피션트 크루즈 기능이 장착된 차량 1,515대에서 2025년 2월 5일 (2)특정 지역을 통과시 경고등과 함께 기어가 D(드라이브)모드에서 N(중립단)로 변경될 수 있는 가능성이 확인되었습니다. MTBK-2025-02-25 사전보고 드린 내용에 대하여 근본 원인이 확인되었고 최종 해결책이 준비되어 신속히 시정하고자 본보고를 드립니다"
만트럭버스코리아(주),TGX,2024-01-17,2024-04-18,2025-04-01,"만트럭버스코리아㈜에서는 기 판매된 당사 모델 TG3 TGS/TGX의 트랙터 및 카고 차량 중 (1)이피션트 크루즈 기능이 장착된 차량 1,515대에서 2025년 2월 5일 (2)특정 지역을 통과시 경고등과 함께 기어가 D(드라이브)모드에서 N(중립단)로 변경될 수 있는 가능성이 확인되었습니다. MTBK-2025-02-25 사전보고 드린 내용에 대하여 근본 원인이 확인되었고 최종 해결책이 준비되어 신속히 시정하고자 본보고를 드립니다"
만트럭버스코리아(주),TGX,2020-02-05,2021-04-20,2025-04-01,"만트럭버스코리아㈜에서는 기 판매된 당사 모델 TG3 TGS/TGX의 트랙터 및 카고 차량 중 (1)이피션트 크루즈 기능이 장착된 차량 1,515대에서 2025년 2월 5일 (2)특정 지역을 통과시 경고등과 함께 기어가 D(드라이브)모드에서 N(중립단)로 변경될 수 있는 가능성이 확인되었습니다. MTBK-2025-02-25 사전보고 드린 내용에 대하여 근본 원인이 확인되었고 최종 해결책이 준비되어 신속히 시정하고자 본보고를 드립니다"
만트럭버스코리아(주),TGX,2021-10-26,2024-04-26,2025-04-01,"만트럭버스코리아㈜에서는 기 판매된 당사 모델 TG3 TGS/TGX의 트랙터 및 카고 차량 중 (1)이피션트 크루즈 기능이 장착된 차량 1,515대에서 2025년 2월 5일 (2)특정 지역을 통과시 경고등과 함께 기어가 D(드라이브)모드에서 N(중립단)로 변경될 수 있는 가능성이 확인되었습니다. MTBK-2025-02-25 사전보고 드린 내용에 대하여 근본 원인이 확인되었고 최종 해결책이 준비되어 신속히 시정하고자 본보고를 드립니다"
만트럭버스코리아(주),TGX,2020-11-18,2021-05-27,2025-04-01,"만트럭버스코리아㈜에서는 기 판매된 당사 모델 TG3 TGS/TGX의 트랙터 및 카고 차량 중 (1)이피션트 크루즈 기능이 장착된 차량 1,515대에서 2025년 2월 5일 (2)특정 지역을 통과시 경고등과 함께 기어가 D(드라이브)모드에서 N(중립단)로 변경될 수 있는 가능성이 확인되었습니다. MTBK-2025-02-25 사전보고 드린 내용에 대하여 근본 원인이 확인되었고 최종 해결책이 준비되어 신속히 시정하고자 본보고를 드립니다"
만트럭버스코리아(주),TGX,2021-10-28,2024-04-26,2025-04-01,"만트럭버스코리아㈜에서는 기 판매된 당사 모델 TG3 TGS/TGX의 트랙터 및 카고 차량 중 (1)이피션트 크루즈 기능이 장착된 차량 1,515대에서 2025년 2월 5일 (2)특정 지역을 통과시 경고등과 함께 기어가 D(드라이브)모드에서 N(중립단)로 변경될 수 있는 가능성이 확인되었습니다. MTBK-2025-02-25 사전보고 드린 내용에 대하여 근본 원인이 확인되었고 최종 해결책이 준비되어 신속히 시정하고자 본보고를 드립니다"
만트럭버스코리아(주),TGX,2023-06-06,2024-02-26,2025-04-01,"만트럭버스코리아㈜에서는 기 판매된 당사 모델 TG3 TGS/TGX의 트랙터 및 카고 차량 중 (1)이피션트 크루즈 기능이 장착된 차량 1,515대에서 2025년 2월 5일 (2)특정 지역을 통과시 경고등과 함께 기어가 D(드라이브)모드에서 N(중립단)로 변경될 수 있는 가능성이 확인되었습니다. MTBK-2025-02-25 사전보고 드린 내용에 대하여 근본 원인이 확인되었고 최종 해결책이 준비되어 신속히 시정하고자 본보고를 드립니다"
만트럭버스코리아(주),TGX,2024-04-26,2024-07-24,2025-04-01,"만트럭버스코리아㈜에서는 기 판매된 당사 모델 TG3 TGS/TGX의 트랙터 및 카고 차량 중 (1)이피션트 크루즈 기능이 장착된 차량 1,515대에서 2025년 2월 5일 (2)특정 지역을 통과시 경고등과 함께 기어가 D(드라이브)모드에서 N(중립단)로 변경될 수 있는 가능성이 확인되었습니다. MTBK-2025-02-25 사전보고 드린 내용에 대하여 근본 원인이 확인되었고 최종 해결책이 준비되어 신속히 시정하고자 본보고를 드립니다"
만트럭버스코리아(주),TGX,2023-02-20,2024-05-16,2025-04-01,"만트럭버스코리아㈜에서는 기 판매된 당사 모델 TG3 TGS/TGX의 트랙터 및 카고 차량 중 (1)이피션트 크루즈 기능이 장착된 차량 1,515대에서 2025년 2월 5일 (2)특정 지역을 통과시 경고등과 함께 기어가 D(드라이브)모드에서 N(중립단)로 변경될 수 있는 가능성이 확인되었습니다. MTBK-2025-02-25 사전보고 드린 내용에 대하여 근본 원인이 확인되었고 최종 해결책이 준비되어 신속히 시정하고자 본보고를 드립니다"
만트럭버스코리아(주),TGX,2020-02-24,2024-05-13,2025-04-01,"만트럭버스코리아㈜에서는 기 판매된 당사 모델 TG3 TGS/TGX의 트랙터 및 카고 차량 중 (1)이피션트 크루즈 기능이 장착된 차량 1,515대에서 2025년 2월 5일 (2)특정 지역을 통과시 경고등과 함께 기어가 D(드라이브)모드에서 N(중립단)로 변경될 수 있는 가능성이 확인되었습니다. MTBK-2025-02-25 사전보고 드린 내용에 대하여 근본 원인이 확인되었고 최종 해결책이 준비되어 신속히 시정하고자 본보고를 드립니다"
만트럭버스코리아(주),TGX,2023-03-24,2024-05-24,2025-04-01,"만트럭버스코리아㈜에서는 기 판매된 당사 모델 TG3 TGS/TGX의 트랙터 및 카고 차량 중 (1)이피션트 크루즈 기능이 장착된 차량 1,515대에서 2025년 2월 5일 (2)특정 지역을 통과시 경고등과 함께 기어가 D(드라이브)모드에서 N(중립단)로 변경될 수 있는 가능성이 확인되었습니다. MTBK-2025-02-25 사전보고 드린 내용에 대하여 근본 원인이 확인되었고 최종 해결책이 준비되어 신속히 시정하고자 본보고를 드립니다"
만트럭버스코리아(주),TGX,2024-05-15,2024-07-10,2025-04-01,"만트럭버스코리아㈜에서는 기 판매된 당사 모델 TG3 TGS/TGX의 트랙터 및 카고 차량 중 (1)이피션트 크루즈 기능이 장착된 차량 1,515대에서 2025년 2월 5일 (2)특정 지역을 통과시 경고등과 함께 기어가 D(드라이브)모드에서 N(중립단)로 변경될 수 있는 가능성이 확인되었습니다. MTBK-2025-02-25 사전보고 드린 내용에 대하여 근본 원인이 확인되었고 최종 해결책이 준비되어 신속히 시정하고자 본보고를 드립니다"
만트럭버스코리아(주),TGX,2021-02-26,2024-05-14,2025-04-01,"만트럭버스코리아㈜에서는 기 판매된 당사 모델 TG3 TGS/TGX의 트랙터 및 카고 차량 중 (1)이피션트 크루즈 기능이 장착된 차량 1,515대에서 2025년 2월 5일 (2)특정 지역을 통과시 경고등과 함께 기어가 D(드라이브)모드에서 N(중립단)로 변경될 수 있는 가능성이 확인되었습니다. MTBK-2025-02-25 사전보고 드린 내용에 대하여 근본 원인이 확인되었고 최종 해결책이 준비되어 신속히 시정하고자 본보고를 드립니다"
만트럭버스코리아(주),TGX,2024-03-20,2024-10-22,2025-04-01,"만트럭버스코리아㈜에서는 기 판매된 당사 모델 TG3 TGS/TGX의 트랙터 및 카고 차량 중 (1)이피션트 크루즈 기능이 장착된 차량 1,515대에서 2025년 2월 5일 (2)특정 지역을 통과시 경고등과 함께 기어가 D(드라이브)모드에서 N(중립단)로 변경될 수 있는 가능성이 확인되었습니다. MTBK-2025-02-25 사전보고 드린 내용에 대하여 근본 원인이 확인되었고 최종 해결책이 준비되어 신속히 시정하고자 본보고를 드립니다"
혼다코리아(주),ADV750L,2024-11-26,2024-12-04,2025-04-01,2024년 9월 5일 제원통보 신청 과정에서 원동기 출력값이 오기입되어 자동차 및 자동차부품의 성능과 기준에 관한 규칙 제63조의 2(원동기 출력)의 기준에 부적합함. 원동기 출력값의 제원값이 환경인증값과 27.47% 오차로서 자동차안전기준에서 정하는 허용차 ±5%를 초과함.
현대자동차(주),아이오닉5 N(NE N),2023-03-09,2024-09-25,2025-04-09,일부 차량에서 레이싱 목적의 주행을 위한 특이모드인 양발운전모드(LFB)의 로직 설계오류로 일부 작동조건에 따라 의도치 않게 제동거리의 증가가 발생하여 안전 운행에 지장을 줄 가능성이 있는 결함
폭스바겐그룹코리아 주식회사,A7 55 TFSI e qu. Premium,2023-02-08,2023-09-11,2025-04-09,"특정 기간 동안 생산/수입된 일부 차량에 탑재된 고전압 배터리의 생산 공정에서 제조 편차가 발생하였을 가능성이 있습니다. 이로 인하여, 셀 양극의 미세 결함 혹은 셀 분리막층에서 국부적인 응력이 발생할 수 있습니다."
(주)재규어랜드로버코리아,디펜더 110 P300,2023-10-16,2023-10-16,2025-04-09,당사에서 수입한‘디펜더 110’일부 차량에 악세사리로 판매한 스노클 에어 인테이크 키트에서 설계문제로 스노클 에어 인테이크의 하부 고정 장치와 이것이 장착되는 차체 A-필러 사이에 치수 공차 문제로 인해 스노클 에어 인테이크와 차량 사이에서 부착력이 부족해질 가능성이 확인되어 다음과 같이 시정조치 계획을 보고하고 시정조치를 하고자 합니다. ※결함원인: 설계문제로 스노클 에어 인테이크의 하부 고정 장치와 이것이 장착되는 차체 A-필러 사이에 치수 공차 문제로 인해 스노클 에어 인테이크와 차량 사이에서 부착력이 부족해질 가능성이 있음
(주)재규어랜드로버코리아,디펜더 110 P400,2024-04-25,2024-04-25,2025-04-09,당사에서 수입한‘디펜더 110’일부 차량에 악세사리로 판매한 스노클 에어 인테이크 키트에서 설계문제로 스노클 에어 인테이크의 하부 고정 장치와 이것이 장착되는 차체 A-필러 사이에 치수 공차 문제로 인해 스노클 에어 인테이크와 차량 사이에서 부착력이 부족해질 가능성이 확인되어 다음과 같이 시정조치 계획을 보고하고 시정조치를 하고자 합니다. ※결함원인: 설계문제로 스노클 에어 인테이크의 하부 고정 장치와 이것이 장착되는 차체 A-필러 사이에 치수 공차 문제로 인해 스노클 에어 인테이크와 차량 사이에서 부착력이 부족해질 가능성이 있음
(주)재규어랜드로버코리아,디펜더 110 P400,2024-07-03,2024-07-03,2025-04-09,당사에서 수입한‘디펜더 110’일부 차량에 악세사리로 판매한 스노클 에어 인테이크 키트에서 설계문제로 스노클 에어 인테이크의 하부 고정 장치와 이것이 장착되는 차체 A-필러 사이에 치수 공차 문제로 인해 스노클 에어 인테이크와 차량 사이에서 부착력이 부족해질 가능성이 확인되어 다음과 같이 시정조치 계획을 보고하고 시정조치를 하고자 합니다. ※결함원인: 설계문제로 스노클 에어 인테이크의 하부 고정 장치와 이것이 장착되는 차체 A-필러 사이에 치수 공차 문제로 인해 스노클 에어 인테이크와 차량 사이에서 부착력이 부족해질 가능성이 있음
폭스바겐그룹코리아 주식회사,e-tron GT,2021-09-23,2023-06-28,2025-04-10,"특정 기간에 생산된 차량에 장착된 일부 고전압 배터리 모듈의 제조과정의 문제로 인하여, 고전압 배터리 모듈 내부에서 단락이 발생할 가능성이 있습니다."
폭스바겐그룹코리아 주식회사,e-tron GT,2021-09-13,2023-02-02,2025-04-10,"특정 기간에 생산된 차량에 장착된 일부 고전압 배터리 모듈의 제조과정의 문제로 인하여, 고전압 배터리 모듈 내부에서 단락이 발생할 가능성이 있습니다."
비엠더블유코리아(주),BMW 335i Convertible,2011-07-27,2011-07-27,2025-04-10,운전석 에어백 인플레이터의 제작결함을 발견하였습니다.
비엠더블유코리아(주),BMW 118d,2011-04-08,2012-05-03,2025-04-10,운전석 에어백 인플레이터의 제작결함을 발견하였습니다.
비엠더블유코리아(주),BMW X1 X20D A,2011-10-17,2011-10-17,2025-04-10,운전석 에어백 인플레이터의 제작결함을 발견하였습니다.
비엠더블유코리아(주),BMW X1 xDrive18d,2014-07-22,2014-07-22,2025-04-10,운전석 에어백 인플레이터의 제작결함을 발견하였습니다.
비엠더블유코리아(주),BMW X1 xDrive20d,2014-03-11,2014-03-11,2025-04-10,운전석 에어백 인플레이터의 제작결함을 발견하였습니다.
비엠더블유코리아(주),BMW 750e xDrive,2023-10-26,2023-10-26,2025-04-10,통합제동장치에 장착된 서보모터 위치센서의 품질 결함으로 인해 신호 장애가 발생할 가능성이 확인되었습니다.
지엠아시아퍼시픽지역본부 주식회사,CT5,2019-06-11,2021-02-10,2025-04-11,자동변속기 유압 제어 장치 내부가 시간이 지남에 따라 마모된 경우 오일 누유로 인한 압력 저하로 밸브가 의도하지 않게 오작동하여 주행 중 변속 충격 및 드물게 순간적인 바퀴잠김 현상이 발생할 가능성이 있음.
메르세데스벤츠코리아(주),S 500 4MATIC,2023-10-24,2023-10-24,2025-04-11,"공급 업체의 생산 공정 오류로 인하여 제작 과정에서 80 A 퓨즈가 손상되었을 수 있습니다. 이로 인해 작동 중 퓨즈 연결이 끊어질 수 있고, 손상된 부위로 인해 저항이 증가할 수 있습니다."
메르세데스벤츠코리아(주),S 350 d,2020-07-15,2022-03-23,2025-04-11,"전방 브레이크 호스 내구성이 사양에 맞지 않을 수 있어, 뜨겁고 습한 환경과 같은 기후적 요인으로 인해 시간이 지남에 따라 브레이크 호스에서 오일이 누출될 수 있습니다."
메르세데스벤츠코리아(주),S 400 d 4MATIC,2020-07-22,2022-03-23,2025-04-11,"전방 브레이크 호스 내구성이 사양에 맞지 않을 수 있어, 뜨겁고 습한 환경과 같은 기후적 요인으로 인해 시간이 지남에 따라 브레이크 호스에서 오일이 누출될 수 있습니다."
메르세데스벤츠코리아(주),S 450 4MATIC,2021-02-12,2022-03-23,2025-04-11,"전방 브레이크 호스 내구성이 사양에 맞지 않을 수 있어, 뜨겁고 습한 환경과 같은 기후적 요인으로 인해 시간이 지남에 따라 브레이크 호스에서 오일이 누출될 수 있습니다."
메르세데스벤츠코리아(주),S 500,2021-07-12,2021-07-12,2025-04-11,"전방 브레이크 호스 내구성이 사양에 맞지 않을 수 있어, 뜨겁고 습한 환경과 같은 기후적 요인으로 인해 시간이 지남에 따라 브레이크 호스에서 오일이 누출될 수 있습니다."
메르세데스벤츠코리아(주),S 500 4MATIC,2020-07-16,2022-03-22,2025-04-11,"전방 브레이크 호스 내구성이 사양에 맞지 않을 수 있어, 뜨겁고 습한 환경과 같은 기후적 요인으로 인해 시간이 지남에 따라 브레이크 호스에서 오일이 누출될 수 있습니다."
메르세데스벤츠코리아(주),S 580 e 4MATIC,2022-02-01,2022-02-02,2025-04-11,"전방 브레이크 호스 내구성이 사양에 맞지 않을 수 있어, 뜨겁고 습한 환경과 같은 기후적 요인으로 인해 시간이 지남에 따라 브레이크 호스에서 오일이 누출될 수 있습니다."
메르세데스벤츠코리아(주),S 580 4MATIC,2020-07-09,2022-03-23,2025-04-11,"전방 브레이크 호스 내구성이 사양에 맞지 않을 수 있어, 뜨겁고 습한 환경과 같은 기후적 요인으로 인해 시간이 지남에 따라 브레이크 호스에서 오일이 누출될 수 있습니다."
메르세데스벤츠코리아(주),Maybach S 580 4MATIC,2020-07-24,2022-03-23,2025-04-11,"전방 브레이크 호스 내구성이 사양에 맞지 않을 수 있어, 뜨겁고 습한 환경과 같은 기후적 요인으로 인해 시간이 지남에 따라 브레이크 호스에서 오일이 누출될 수 있습니다."
메르세데스벤츠코리아(주),Maybach S 680 4MATIC,2021-08-30,2022-03-21,2025-04-11,"전방 브레이크 호스 내구성이 사양에 맞지 않을 수 있어, 뜨겁고 습한 환경과 같은 기후적 요인으로 인해 시간이 지남에 따라 브레이크 호스에서 오일이 누출될 수 있습니다."
메르세데스벤츠코리아(주),AMG GT 63 S E Performance,2024-05-28,2024-05-28,2025-04-11,고전압 시동 발전기의 소프트웨어 오류로 인하여 고전압 시동 발전기 컨트롤 유닛의 처리 장치(processor)에서 과부하가 발생될 수 있습니다.
메르세데스벤츠코리아(주),AMG S 63 E Performance,2023-08-01,2024-11-07,2025-04-11,고전압 시동 발전기의 소프트웨어 오류로 인하여 고전압 시동 발전기 컨트롤 유닛의 처리 장치(processor)에서 과부하가 발생될 수 있습니다.
메르세데스벤츠코리아(주),AMG GT 63 S E Performance,2024-08-28,2024-08-28,2025-04-11,고전압 시동 발전기의 소프트웨어 오류로 인하여 고전압 시동 발전기 컨트롤 유닛의 처리 장치(processor)에서 과부하가 발생될 수 있습니다.
(주)볼보자동차코리아,S90,2019-05-21,2021-05-25,2025-04-11,"2020~2022년식 S90 및 XC60, XC90 플러그-인 하이브리드 일부 차량의 구동축전지 모듈 내부의 단락으로 인해 화재가 발생할 위험이 있음"
(주)볼보자동차코리아,XC60,2019-09-25,2021-11-29,2025-04-11,"2020~2022년식 S90 및 XC60, XC90 플러그-인 하이브리드 일부 차량의 구동축전지 모듈 내부의 단락으로 인해 화재가 발생할 위험이 있음"
(주)볼보자동차코리아,XC90,2019-04-29,2021-11-29,2025-04-11,"2020~2022년식 S90 및 XC60, XC90 플러그-인 하이브리드 일부 차량의 구동축전지 모듈 내부의 단락으로 인해 화재가 발생할 위험이 있음"
(주)재규어랜드로버코리아,더 뉴 레인지로버 D350 LWB(2023MY),2022-05-10,2022-11-16,2025-04-14,"결함내용: 당사에서 수입한‘더 뉴 레인지로버’일부 차량에서 공급업체 조립공정 문제로 후방카메라의 밀봉기능이 저하된 부품이 공급되어 후방카메라 이미지의 품질이 불량하거나, 후방영상이 표시되지 않는 문제가 발생할 가능성이 확인되어 다음과 같이 시정조치 계획을 보고하고 시정조치를 하고자 합니다. ※결함원인: 공급업체 조립공정 문제로 후방카메라의 밀봉기능이 저하된 부품이 공급되어 후방카메라 이미지의 품질이 불량하거나, 후방영상이 표시되지 않는 문제가 발생할 가능성이 있음 『자동차 및 자동차부품의 성능과 기준에 관한 규칙』 제53조의2(후방보행자 안전장치) 제1항에 따라 해당차량은 1호를 만족하진 못하지만 2호를 만족하고 있어 안전기준 부적합 사항은 아님"
(주)재규어랜드로버코리아,더 뉴 레인지로버 D350 SWB(2022MY),2022-04-26,2022-04-27,2025-04-14,"결함내용: 당사에서 수입한‘더 뉴 레인지로버’일부 차량에서 공급업체 조립공정 문제로 후방카메라의 밀봉기능이 저하된 부품이 공급되어 후방카메라 이미지의 품질이 불량하거나, 후방영상이 표시되지 않는 문제가 발생할 가능성이 확인되어 다음과 같이 시정조치 계획을 보고하고 시정조치를 하고자 합니다. ※결함원인: 공급업체 조립공정 문제로 후방카메라의 밀봉기능이 저하된 부품이 공급되어 후방카메라 이미지의 품질이 불량하거나, 후방영상이 표시되지 않는 문제가 발생할 가능성이 있음 『자동차 및 자동차부품의 성능과 기준에 관한 규칙』 제53조의2(후방보행자 안전장치) 제1항에 따라 해당차량은 1호를 만족하진 못하지만 2호를 만족하고 있어 안전기준 부적합 사항은 아님"
(주)재규어랜드로버코리아,더 뉴 레인지로버 D350 SWB(2023MY),2022-05-17,2022-12-16,2025-04-14,"결함내용: 당사에서 수입한‘더 뉴 레인지로버’일부 차량에서 공급업체 조립공정 문제로 후방카메라의 밀봉기능이 저하된 부품이 공급되어 후방카메라 이미지의 품질이 불량하거나, 후방영상이 표시되지 않는 문제가 발생할 가능성이 확인되어 다음과 같이 시정조치 계획을 보고하고 시정조치를 하고자 합니다. ※결함원인: 공급업체 조립공정 문제로 후방카메라의 밀봉기능이 저하된 부품이 공급되어 후방카메라 이미지의 품질이 불량하거나, 후방영상이 표시되지 않는 문제가 발생할 가능성이 있음 『자동차 및 자동차부품의 성능과 기준에 관한 규칙』 제53조의2(후방보행자 안전장치) 제1항에 따라 해당차량은 1호를 만족하진 못하지만 2호를 만족하고 있어 안전기준 부적합 사항은 아님"
(주)재규어랜드로버코리아,더 뉴 레인지로버 P530 LWB(2022MY),2022-04-26,2022-05-05,2025-04-14,"결함내용: 당사에서 수입한‘더 뉴 레인지로버’일부 차량에서 공급업체 조립공정 문제로 후방카메라의 밀봉기능이 저하된 부품이 공급되어 후방카메라 이미지의 품질이 불량하거나, 후방영상이 표시되지 않는 문제가 발생할 가능성이 확인되어 다음과 같이 시정조치 계획을 보고하고 시정조치를 하고자 합니다. ※결함원인: 공급업체 조립공정 문제로 후방카메라의 밀봉기능이 저하된 부품이 공급되어 후방카메라 이미지의 품질이 불량하거나, 후방영상이 표시되지 않는 문제가 발생할 가능성이 있음 『자동차 및 자동차부품의 성능과 기준에 관한 규칙』 제53조의2(후방보행자 안전장치) 제1항에 따라 해당차량은 1호를 만족하진 못하지만 2호를 만족하고 있어 안전기준 부적합 사항은 아님"
(주)재규어랜드로버코리아,더 뉴 레인지로버 P530 LWB(2023MY),2022-05-10,2022-12-15,2025-04-14,"결함내용: 당사에서 수입한‘더 뉴 레인지로버’일부 차량에서 공급업체 조립공정 문제로 후방카메라의 밀봉기능이 저하된 부품이 공급되어 후방카메라 이미지의 품질이 불량하거나, 후방영상이 표시되지 않는 문제가 발생할 가능성이 확인되어 다음과 같이 시정조치 계획을 보고하고 시정조치를 하고자 합니다. ※결함원인: 공급업체 조립공정 문제로 후방카메라의 밀봉기능이 저하된 부품이 공급되어 후방카메라 이미지의 품질이 불량하거나, 후방영상이 표시되지 않는 문제가 발생할 가능성이 있음 『자동차 및 자동차부품의 성능과 기준에 관한 규칙』 제53조의2(후방보행자 안전장치) 제1항에 따라 해당차량은 1호를 만족하진 못하지만 2호를 만족하고 있어 안전기준 부적합 사항은 아님"
(주)재규어랜드로버코리아,더 뉴 레인지로버 P530 SWB(2022MY),2022-05-03,2022-05-04,2025-04-14,"결함내용: 당사에서 수입한‘더 뉴 레인지로버’일부 차량에서 공급업체 조립공정 문제로 후방카메라의 밀봉기능이 저하된 부품이 공급되어 후방카메라 이미지의 품질이 불량하거나, 후방영상이 표시되지 않는 문제가 발생할 가능성이 확인되어 다음과 같이 시정조치 계획을 보고하고 시정조치를 하고자 합니다. ※결함원인: 공급업체 조립공정 문제로 후방카메라의 밀봉기능이 저하된 부품이 공급되어 후방카메라 이미지의 품질이 불량하거나, 후방영상이 표시되지 않는 문제가 발생할 가능성이 있음 『자동차 및 자동차부품의 성능과 기준에 관한 규칙』 제53조의2(후방보행자 안전장치) 제1항에 따라 해당차량은 1호를 만족하진 못하지만 2호를 만족하고 있어 안전기준 부적합 사항은 아님"
(주)재규어랜드로버코리아,더 뉴 레인지로버 P530 SWB(2023MY),2022-05-10,2022-12-06,2025-04-14,"결함내용: 당사에서 수입한‘더 뉴 레인지로버’일부 차량에서 공급업체 조립공정 문제로 후방카메라의 밀봉기능이 저하된 부품이 공급되어 후방카메라 이미지의 품질이 불량하거나, 후방영상이 표시되지 않는 문제가 발생할 가능성이 확인되어 다음과 같이 시정조치 계획을 보고하고 시정조치를 하고자 합니다. ※결함원인: 공급업체 조립공정 문제로 후방카메라의 밀봉기능이 저하된 부품이 공급되어 후방카메라 이미지의 품질이 불량하거나, 후방영상이 표시되지 않는 문제가 발생할 가능성이 있음 『자동차 및 자동차부품의 성능과 기준에 관한 규칙』 제53조의2(후방보행자 안전장치) 제1항에 따라 해당차량은 1호를 만족하진 못하지만 2호를 만족하고 있어 안전기준 부적합 사항은 아님"
한국토요타자동차(주),토요타 시에나 하이브리드 2WD,2024-12-05,2025-01-16,2025-04-15,"3열 좌석 등받이 관련 제조설비의 관리가 부적절하여 등받이 고정볼트의 체결력이 부족할 가능성으로 미국 연방 자동차안전기준「FMVSS202(헤드 레스트 요건), FMVSS207 (좌석장치 요건), FMVSS225(어린이용 구속장치의 요건)」의 관련 규정을 만족하지 않을 수 있음. (참고) 1) FMVSS202(헤드 레스트 요건): 차량의 헤드 레스트 설계 및 성능을 규제하여 탑승자의 목 부상을 줄이기 위한 안전 기준. 2) FMVSS207(좌석장치 요건): 차량 좌석 시스템이 충격을 견디고 안정적으로 고정될 수 있도록 요구하는 안전 기준. 3) FMVSS225(어린이용 구속장치의 요건): 어린이용 카시트 고정 장치의 위치, 강도 및 설치 방법을 규정하여 충돌 시 어린이 승객의 보호를 강화하는 안전 기준."
한국토요타자동차(주),토요타 시에나 하이브리드 AWD,2024-12-06,2025-01-13,2025-04-15,"3열 좌석 등받이 관련 제조설비의 관리가 부적절하여 등받이 고정볼트의 체결력이 부족할 가능성으로 미국 연방 자동차안전기준「FMVSS202(헤드 레스트 요건), FMVSS207 (좌석장치 요건), FMVSS225(어린이용 구속장치의 요건)」의 관련 규정을 만족하지 않을 수 있음. (참고) 1) FMVSS202(헤드 레스트 요건): 차량의 헤드 레스트 설계 및 성능을 규제하여 탑승자의 목 부상을 줄이기 위한 안전 기준. 2) FMVSS207(좌석장치 요건): 차량 좌석 시스템이 충격을 견디고 안정적으로 고정될 수 있도록 요구하는 안전 기준. 3) FMVSS225(어린이용 구속장치의 요건): 어린이용 카시트 고정 장치의 위치, 강도 및 설치 방법을 규정하여 충돌 시 어린이 승객의 보호를 강화하는 안전 기준."
폭스바겐그룹코리아 주식회사,A6 40 TDI,2020-07-20,2021-03-26,2025-04-15,"특정 기간 동안 생산/수입된 일부 차량에 장착된 계기판 관련 소프트웨어의 설계적인 문제로 인하여, 계기판 내부의 케이블이 경미하게 손상되는 경우에도 계기판이 꺼질 가능성이 있습니다."
폭스바겐그룹코리아 주식회사,A6 40 TDI Premium,2020-07-20,2021-03-30,2025-04-15,"특정 기간 동안 생산/수입된 일부 차량에 장착된 계기판 관련 소프트웨어의 설계적인 문제로 인하여, 계기판 내부의 케이블이 경미하게 손상되는 경우에도 계기판이 꺼질 가능성이 있습니다."
폭스바겐그룹코리아 주식회사,A6 40 TDI qu. Premium,2020-07-20,2021-03-25,2025-04-15,"특정 기간 동안 생산/수입된 일부 차량에 장착된 계기판 관련 소프트웨어의 설계적인 문제로 인하여, 계기판 내부의 케이블이 경미하게 손상되는 경우에도 계기판이 꺼질 가능성이 있습니다."
폭스바겐그룹코리아 주식회사,A6 45 TDI qu. Premium,2020-07-20,2021-03-29,2025-04-15,"특정 기간 동안 생산/수입된 일부 차량에 장착된 계기판 관련 소프트웨어의 설계적인 문제로 인하여, 계기판 내부의 케이블이 경미하게 손상되는 경우에도 계기판이 꺼질 가능성이 있습니다."
폭스바겐그룹코리아 주식회사,A6 45 TFSI,2020-07-20,2021-03-29,2025-04-15,"특정 기간 동안 생산/수입된 일부 차량에 장착된 계기판 관련 소프트웨어의 설계적인 문제로 인하여, 계기판 내부의 케이블이 경미하게 손상되는 경우에도 계기판이 꺼질 가능성이 있습니다."
폭스바겐그룹코리아 주식회사,A6 45 TFSI Premium,2020-07-20,2021-04-01,2025-04-15,"특정 기간 동안 생산/수입된 일부 차량에 장착된 계기판 관련 소프트웨어의 설계적인 문제로 인하여, 계기판 내부의 케이블이 경미하게 손상되는 경우에도 계기판이 꺼질 가능성이 있습니다."
폭스바겐그룹코리아 주식회사,A6 45 TFSI qu. Premium,2020-07-21,2021-03-31,2025-04-15,"특정 기간 동안 생산/수입된 일부 차량에 장착된 계기판 관련 소프트웨어의 설계적인 문제로 인하여, 계기판 내부의 케이블이 경미하게 손상되는 경우에도 계기판이 꺼질 가능성이 있습니다."
폭스바겐그룹코리아 주식회사,A6 50 TDI qu. Premium,2020-07-20,2021-03-15,2025-04-15,"특정 기간 동안 생산/수입된 일부 차량에 장착된 계기판 관련 소프트웨어의 설계적인 문제로 인하여, 계기판 내부의 케이블이 경미하게 손상되는 경우에도 계기판이 꺼질 가능성이 있습니다."
폭스바겐그룹코리아 주식회사,A7 45 TDI qu. Premium,2020-07-20,2020-10-13,2025-04-15,"특정 기간 동안 생산/수입된 일부 차량에 장착된 계기판 관련 소프트웨어의 설계적인 문제로 인하여, 계기판 내부의 케이블이 경미하게 손상되는 경우에도 계기판이 꺼질 가능성이 있습니다."
폭스바겐그룹코리아 주식회사,A7 50 TDI qu. Premium,2020-07-20,2021-03-19,2025-04-15,"특정 기간 동안 생산/수입된 일부 차량에 장착된 계기판 관련 소프트웨어의 설계적인 문제로 인하여, 계기판 내부의 케이블이 경미하게 손상되는 경우에도 계기판이 꺼질 가능성이 있습니다."
폭스바겐그룹코리아 주식회사,A7 55 TFSI qu. Premium,2020-07-24,2021-02-17,2025-04-15,"특정 기간 동안 생산/수입된 일부 차량에 장착된 계기판 관련 소프트웨어의 설계적인 문제로 인하여, 계기판 내부의 케이블이 경미하게 손상되는 경우에도 계기판이 꺼질 가능성이 있습니다."
폭스바겐그룹코리아 주식회사,A8 50 TDI LWB qu.,2021-03-15,2021-04-09,2025-04-15,"특정 기간 동안 생산/수입된 일부 차량에 장착된 계기판 관련 소프트웨어의 설계적인 문제로 인하여, 계기판 내부의 케이블이 경미하게 손상되는 경우에도 계기판이 꺼질 가능성이 있습니다."
폭스바겐그룹코리아 주식회사,A8 50 TDI qu.,2021-03-15,2021-04-15,2025-04-15,"특정 기간 동안 생산/수입된 일부 차량에 장착된 계기판 관련 소프트웨어의 설계적인 문제로 인하여, 계기판 내부의 케이블이 경미하게 손상되는 경우에도 계기판이 꺼질 가능성이 있습니다."
폭스바겐그룹코리아 주식회사,A8 55 TFSI LWB qu.,2020-11-18,2021-04-09,2025-04-15,"특정 기간 동안 생산/수입된 일부 차량에 장착된 계기판 관련 소프트웨어의 설계적인 문제로 인하여, 계기판 내부의 케이블이 경미하게 손상되는 경우에도 계기판이 꺼질 가능성이 있습니다."
폭스바겐그룹코리아 주식회사,A8 60 TFSI LWB qu.,2020-11-30,2021-04-08,2025-04-15,"특정 기간 동안 생산/수입된 일부 차량에 장착된 계기판 관련 소프트웨어의 설계적인 문제로 인하여, 계기판 내부의 케이블이 경미하게 손상되는 경우에도 계기판이 꺼질 가능성이 있습니다."
폭스바겐그룹코리아 주식회사,Q7 45 TDI qu.,2020-07-02,2020-09-21,2025-04-15,"특정 기간 동안 생산/수입된 일부 차량에 장착된 계기판 관련 소프트웨어의 설계적인 문제로 인하여, 계기판 내부의 케이블이 경미하게 손상되는 경우에도 계기판이 꺼질 가능성이 있습니다."
폭스바겐그룹코리아 주식회사,Q7 45 TDI qu. Premium,2020-07-02,2020-09-22,2025-04-15,"특정 기간 동안 생산/수입된 일부 차량에 장착된 계기판 관련 소프트웨어의 설계적인 문제로 인하여, 계기판 내부의 케이블이 경미하게 손상되는 경우에도 계기판이 꺼질 가능성이 있습니다."
폭스바겐그룹코리아 주식회사,Q7 50 TDI qu. Premium,2020-07-02,2020-09-16,2025-04-15,"특정 기간 동안 생산/수입된 일부 차량에 장착된 계기판 관련 소프트웨어의 설계적인 문제로 인하여, 계기판 내부의 케이블이 경미하게 손상되는 경우에도 계기판이 꺼질 가능성이 있습니다."
폭스바겐그룹코리아 주식회사,Q7 55 TFSI qu. Premium,2020-09-23,2021-03-18,2025-04-15,"특정 기간 동안 생산/수입된 일부 차량에 장착된 계기판 관련 소프트웨어의 설계적인 문제로 인하여, 계기판 내부의 케이블이 경미하게 손상되는 경우에도 계기판이 꺼질 가능성이 있습니다."
폭스바겐그룹코리아 주식회사,Q8 45 TDI qu.,2021-03-18,2021-03-18,2025-04-15,"특정 기간 동안 생산/수입된 일부 차량에 장착된 계기판 관련 소프트웨어의 설계적인 문제로 인하여, 계기판 내부의 케이블이 경미하게 손상되는 경우에도 계기판이 꺼질 가능성이 있습니다."
폭스바겐그룹코리아 주식회사,Q8 45 TDI qu. Premium,2020-07-02,2020-09-26,2025-04-15,"특정 기간 동안 생산/수입된 일부 차량에 장착된 계기판 관련 소프트웨어의 설계적인 문제로 인하여, 계기판 내부의 케이블이 경미하게 손상되는 경우에도 계기판이 꺼질 가능성이 있습니다."
폭스바겐그룹코리아 주식회사,Q8 50 TDI qu. Premium,2020-07-02,2020-10-03,2025-04-15,"특정 기간 동안 생산/수입된 일부 차량에 장착된 계기판 관련 소프트웨어의 설계적인 문제로 인하여, 계기판 내부의 케이블이 경미하게 손상되는 경우에도 계기판이 꺼질 가능성이 있습니다."
폭스바겐그룹코리아 주식회사,Q8 55 TFSI qu. Premium,2020-09-17,2021-03-15,2025-04-15,"특정 기간 동안 생산/수입된 일부 차량에 장착된 계기판 관련 소프트웨어의 설계적인 문제로 인하여, 계기판 내부의 케이블이 경미하게 손상되는 경우에도 계기판이 꺼질 가능성이 있습니다."
폭스바겐그룹코리아 주식회사,RS6 Avant,2021-02-11,2021-03-31,2025-04-15,"특정 기간 동안 생산/수입된 일부 차량에 장착된 계기판 관련 소프트웨어의 설계적인 문제로 인하여, 계기판 내부의 케이블이 경미하게 손상되는 경우에도 계기판이 꺼질 가능성이 있습니다."
폭스바겐그룹코리아 주식회사,RS7,2021-02-11,2021-03-24,2025-04-15,"특정 기간 동안 생산/수입된 일부 차량에 장착된 계기판 관련 소프트웨어의 설계적인 문제로 인하여, 계기판 내부의 케이블이 경미하게 손상되는 경우에도 계기판이 꺼질 가능성이 있습니다."
폭스바겐그룹코리아 주식회사,RSQ8,2021-01-29,2021-03-15,2025-04-15,"특정 기간 동안 생산/수입된 일부 차량에 장착된 계기판 관련 소프트웨어의 설계적인 문제로 인하여, 계기판 내부의 케이블이 경미하게 손상되는 경우에도 계기판이 꺼질 가능성이 있습니다."
폭스바겐그룹코리아 주식회사,S6 TDI,2020-07-20,2021-03-22,2025-04-15,"특정 기간 동안 생산/수입된 일부 차량에 장착된 계기판 관련 소프트웨어의 설계적인 문제로 인하여, 계기판 내부의 케이블이 경미하게 손상되는 경우에도 계기판이 꺼질 가능성이 있습니다."
폭스바겐그룹코리아 주식회사,S7 TDI,2020-07-21,2021-02-26,2025-04-15,"특정 기간 동안 생산/수입된 일부 차량에 장착된 계기판 관련 소프트웨어의 설계적인 문제로 인하여, 계기판 내부의 케이블이 경미하게 손상되는 경우에도 계기판이 꺼질 가능성이 있습니다."
폭스바겐그룹코리아 주식회사,S8 LWB qu.,2020-11-23,2021-04-09,2025-04-15,"특정 기간 동안 생산/수입된 일부 차량에 장착된 계기판 관련 소프트웨어의 설계적인 문제로 인하여, 계기판 내부의 케이블이 경미하게 손상되는 경우에도 계기판이 꺼질 가능성이 있습니다."
폭스바겐그룹코리아 주식회사,SQ8 TDI,2020-08-04,2020-10-01,2025-04-15,"특정 기간 동안 생산/수입된 일부 차량에 장착된 계기판 관련 소프트웨어의 설계적인 문제로 인하여, 계기판 내부의 케이블이 경미하게 손상되는 경우에도 계기판이 꺼질 가능성이 있습니다."
폭스바겐그룹코리아 주식회사,Q8 qu.,2020-09-17,2020-09-17,2025-04-15,"특정 기간 동안 생산/수입된 일부 차량에 장착된 계기판 관련 소프트웨어의 설계적인 문제로 인하여, 계기판 내부의 케이블이 경미하게 손상되는 경우에도 계기판이 꺼질 가능성이 있습니다."
폭스바겐그룹코리아 주식회사,Q6 e-tron performance,2024-11-22,2025-03-03,2025-04-16,"특정 기간 동안 생산/수입된 일부 차량에 탑재된 카메라 컨트롤 유닛 소프트웨어 오류로 인하여, 주차 시스템이 활성화되어도 카메라 컨트롤 유닛이 대기 모드 상태로 있어 후방카메라 이미지가 표시되지 않을 수 있습니다. 이는 ‘자동차 및 자동차 부품의 성능과 기준에 관한 규칙’ 제53조의2(후방보행자 안전장치)의 일부를 준수하지 않아 국내 자동차 안전 기준을 충족하지 않습니다"
폭스바겐그룹코리아 주식회사,Q6 e-tron quattro Premium,2024-11-22,2025-03-03,2025-04-16,"특정 기간 동안 생산/수입된 일부 차량에 탑재된 카메라 컨트롤 유닛 소프트웨어 오류로 인하여, 주차 시스템이 활성화되어도 카메라 컨트롤 유닛이 대기 모드 상태로 있어 후방카메라 이미지가 표시되지 않을 수 있습니다. 이는 ‘자동차 및 자동차 부품의 성능과 기준에 관한 규칙’ 제53조의2(후방보행자 안전장치)의 일부를 준수하지 않아 국내 자동차 안전 기준을 충족하지 않습니다"
폭스바겐그룹코리아 주식회사,SQ6 e-tron,2025-01-13,2025-02-12,2025-04-16,"특정 기간 동안 생산/수입된 일부 차량에 탑재된 카메라 컨트롤 유닛 소프트웨어 오류로 인하여, 주차 시스템이 활성화되어도 카메라 컨트롤 유닛이 대기 모드 상태로 있어 후방카메라 이미지가 표시되지 않을 수 있습니다. 이는 ‘자동차 및 자동차 부품의 성능과 기준에 관한 규칙’ 제53조의2(후방보행자 안전장치)의 일부를 준수하지 않아 국내 자동차 안전 기준을 충족하지 않습니다"
화창상사(주),ROADMASTER LIMITED,2024-12-05,2024-12-05,2025-04-18,제작 과정에서 연료펌프 배선 연결 단자가 설계사양(압착정도)에 못 미치게 조립되어 연료펌프 고장 및 시동 꺼짐 가능성
화창상사(주),CHALLENGER DARK HORSE,2024-12-02,2024-12-02,2025-04-18,제작 과정에서 연료펌프 배선 연결 단자가 설계사양(압착정도)에 못 미치게 조립되어 연료펌프 고장 및 시동 꺼짐 가능성
화창상사(주),CHIEFTAIN DARK HORSE,2024-12-04,2024-12-04,2025-04-18,제작 과정에서 연료펌프 배선 연결 단자가 설계사양(압착정도)에 못 미치게 조립되어 연료펌프 고장 및 시동 꺼짐 가능성
한국지엠주식회사,카마로,2016-11-09,2016-11-09,2025-04-21,"토크 센서 커넥터 핀이 PCB(회로기판)에 조립될 때 잘 못된 방향으로 조립되어 차량의 진동 등에 의해 커넥터 핀이 휘어져 접촉 불량이 발생할 가능성이 있고, 이로 인해 전동식 조향장치 내부의 토크 센서 커넥터가 간헐적인 접촉 불량으로 주행 중 조향 시 구동모터의 기능이 상실될 가능성이 있음."
지엠아시아퍼시픽지역본부 주식회사,ATS,2017-05-05,2017-05-05,2025-04-21,"토크 센서 커넥터 핀이 PCB(회로기판)에 조립될 때 잘 못된 방향으로 조립되어 차량의 진동 등에 의해 커넥터 핀이 휘어져 접촉 불량이 발생할 가능성이 있고, 이로 인해 전동식 조향장치 내부의 토크 센서 커넥터가 간헐적인 접촉 불량으로 주행 중 조향 시 구동모터의 기능이 상실될 가능성이 있음."
지엠아시아퍼시픽지역본부 주식회사,CTS,2016-11-09,2016-11-18,2025-04-21,"토크 센서 커넥터 핀이 PCB(회로기판)에 조립될 때 잘 못된 방향으로 조립되어 차량의 진동 등에 의해 커넥터 핀이 휘어져 접촉 불량이 발생할 가능성이 있고, 이로 인해 전동식 조향장치 내부의 토크 센서 커넥터가 간헐적인 접촉 불량으로 주행 중 조향 시 구동모터의 기능이 상실될 가능성이 있음."
비엠더블유코리아(주),R 18,2020-06-17,2022-09-20,2025-04-21,후진보조장치 제어 유닛 제조 공정상의 부적합한 실링으로 습기가 내부로 침투할 가능성이 있습니다.
비엠더블유코리아(주),R 18 CLASSIC,2020-10-06,2023-05-17,2025-04-21,후진보조장치 제어 유닛 제조 공정상의 부적합한 실링으로 습기가 내부로 침투할 가능성이 있습니다.
비엠더블유코리아(주),R 18 B,2021-05-28,2023-11-17,2025-04-21,후진보조장치 제어 유닛 제조 공정상의 부적합한 실링으로 습기가 내부로 침투할 가능성이 있습니다.
비엠더블유코리아(주),R 18 TRANSCONTINENTAL,2021-05-31,2023-11-13,2025-04-21,후진보조장치 제어 유닛 제조 공정상의 부적합한 실링으로 습기가 내부로 침투할 가능성이 있습니다.
비엠더블유코리아(주),R 18 ROCTANE,2023-04-24,2024-03-01,2025-04-21,후진보조장치 제어 유닛 제조 공정상의 부적합한 실링으로 습기가 내부로 침투할 가능성이 있습니다.
폭스바겐그룹코리아 주식회사,A7 55 TFSI e qu. Premium,2023-09-21,2023-10-13,2025-04-23,"특정 기간 동안 생산/수입된 일부 차량에 탑재된 고전압 배터리의 생산 공정에서 제조 편차가 발생하였을 가능성이 있습니다. 이로 인하여, 셀 양극의 미세 결함 혹은 셀 분리막층에서 국부적인 응력이 발생할 수 있습니다."
폭스바겐그룹코리아 주식회사,Q6 e-tron performance,2024-11-22,2024-12-16,2025-04-23,"특정 기간 동안 생산/수입된 일부 차량에 탑재된 카메라 생산 과정에서 세척 공정이 올바르게 수행되지 않았을 가능성이 있습니다. 이로 인하여, 카메라 하우징 접합이 불충분하여 수분 유입 가능성이 있습니다. 이는 ‘자동차 및 자동차 부품의 성능과 기준에 관한 규칙’ 제53조의2(후방보행자 안전장치)의 일부를 준수하지 않아 국내 자동차 안전 기준을 충족하지 않습니다."
현대자동차(주),GV70 (JK1 PE),2024-12-16,2025-03-27,2025-04-24,"GV70(JK1 PE), GV70 Electrified(JK1 EV PE), 아이오닉9(ME1) 일부 차량에서 에어백 제어장치(ACU) 소프트웨어 설계 오류로 차량 시동시 에어백 제어장치(ACU) 프로그램 구동 오류가 발생하여 에어백 경고등 점등과 에어백이 미전개되며 안전운행에 지장을 줄 가능성이 있는 결함"
현대자동차(주),GV70 Electrified (JK1 EV PE),2024-12-31,2025-04-01,2025-04-24,"GV70(JK1 PE), GV70 Electrified(JK1 EV PE), 아이오닉9(ME1) 일부 차량에서 에어백 제어장치(ACU) 소프트웨어 설계 오류로 차량 시동시 에어백 제어장치(ACU) 프로그램 구동 오류가 발생하여 에어백 경고등 점등과 에어백이 미전개되며 안전운행에 지장을 줄 가능성이 있는 결함"
현대자동차(주),아이오닉9(ME1),2024-12-26,2025-03-11,2025-04-24,"GV70(JK1 PE), GV70 Electrified(JK1 EV PE), 아이오닉9(ME1) 일부 차량에서 에어백 제어장치(ACU) 소프트웨어 설계 오류로 차량 시동시 에어백 제어장치(ACU) 프로그램 구동 오류가 발생하여 에어백 경고등 점등과 에어백이 미전개되며 안전운행에 지장을 줄 가능성이 있는 결함"
포르쉐코리아 주식회사,마칸,2024-11-25,2025-03-04,2025-04-24,"후방카메라 소프트웨어 오류 주차 시스템 소프트웨어에 설치된 초기 데이터 세트에 문제가 있어, 드물게는 주차 시스템이 대기 모드에서 작동하지 않거나, 카메라와 일부 제어 장치 간 이더넷 통신 문제를 일으킬 수 있습니다."
포르쉐코리아 주식회사,마칸 4,2024-11-25,2025-03-27,2025-04-24,"후방카메라 소프트웨어 오류 주차 시스템 소프트웨어에 설치된 초기 데이터 세트에 문제가 있어, 드물게는 주차 시스템이 대기 모드에서 작동하지 않거나, 카메라와 일부 제어 장치 간 이더넷 통신 문제를 일으킬 수 있습니다."
포르쉐코리아 주식회사,마칸 4S,2024-10-30,2025-03-24,2025-04-24,"후방카메라 소프트웨어 오류 주차 시스템 소프트웨어에 설치된 초기 데이터 세트에 문제가 있어, 드물게는 주차 시스템이 대기 모드에서 작동하지 않거나, 카메라와 일부 제어 장치 간 이더넷 통신 문제를 일으킬 수 있습니다."
포르쉐코리아 주식회사,마칸 터보,2024-10-14,2025-03-12,2025-04-24,"후방카메라 소프트웨어 오류 주차 시스템 소프트웨어에 설치된 초기 데이터 세트에 문제가 있어, 드물게는 주차 시스템이 대기 모드에서 작동하지 않거나, 카메라와 일부 제어 장치 간 이더넷 통신 문제를 일으킬 수 있습니다."
주식회사 모빌리티네트웍스,SE-A2밴,2023-05-01,2023-08-31,2025-04-25,제작결함이 있는 구조 / 장치 : 동승석 좌석 - 제작결함의 원인: 동승석 좌석과 차체 연결 힌지의 용접상태 불량 확인 (2023년 8월 25일 생산 限)
주식회사 모빌리티네트웍스,SE-A2밴,2023-05-01,2023-08-31,2025-04-25,제작결함이 있는 구조 / 장치 : 제동장치 - 제작결함의 원인 : 제동장치의 소프트웨어 설계 오류(안전기준 부적합)로 인해 주행 중 브레이크페달을 밟더라도 제동거리가 기준치 초과하거나 감속도가 기준치에 못 미칠 수 있음
폭스바겐그룹코리아 주식회사,A5 40 TFSI qu.,2025-04-01,2025-04-15,2025-04-29,특정 기간에 생산된 일부 차량의 전방 동승자석 에어백에 결함이 있는 가스 생성기가 장착되었을 가능성이 있습니다.
폭스바겐그룹코리아 주식회사,A5 45 TFSI qu. Premium,2025-04-02,2025-04-14,2025-04-29,특정 기간에 생산된 일부 차량의 전방 동승자석 에어백에 결함이 있는 가스 생성기가 장착되었을 가능성이 있습니다.
폭스바겐그룹코리아 주식회사,A6 e-tron performance,2025-03-27,2025-04-07,2025-04-29,특정 기간에 생산된 일부 차량의 전방 동승자석 에어백에 결함이 있는 가스 생성기가 장착되었을 가능성이 있습니다.
폭스바겐그룹코리아 주식회사,Q6 e-tron performance,2025-04-07,2025-04-07,2025-04-29,특정 기간에 생산된 일부 차량의 전방 동승자석 에어백에 결함이 있는 가스 생성기가 장착되었을 가능성이 있습니다.
만트럭버스코리아(주),TGL 카고,2023-06-19,2023-10-04,2025-04-30,규격에 맞지 않거나 불량 시가 커넥터를 사용시에 접촉 불량으로 인해 소켓에 지속적인 진동 및 마찰이 증가하여 (접촉 저항이 증가) 소켓에 열과 아크가 발생하여 24V 소켓이 과열 될 수 있습니다.
만트럭버스코리아(주),TGM 카고,2023-06-16,2023-08-07,2025-04-30,규격에 맞지 않거나 불량 시가 커넥터를 사용시에 접촉 불량으로 인해 소켓에 지속적인 진동 및 마찰이 증가하여 (접촉 저항이 증가) 소켓에 열과 아크가 발생하여 24V 소켓이 과열 될 수 있습니다.
만트럭버스코리아(주),TGM 카고,2023-06-15,2023-06-30,2025-04-30,규격에 맞지 않거나 불량 시가 커넥터를 사용시에 접촉 불량으로 인해 소켓에 지속적인 진동 및 마찰이 증가하여 (접촉 저항이 증가) 소켓에 열과 아크가 발생하여 24V 소켓이 과열 될 수 있습니다.
만트럭버스코리아(주),TGM 카고,2023-07-10,2023-11-09,2025-04-30,규격에 맞지 않거나 불량 시가 커넥터를 사용시에 접촉 불량으로 인해 소켓에 지속적인 진동 및 마찰이 증가하여 (접촉 저항이 증가) 소켓에 열과 아크가 발생하여 24V 소켓이 과열 될 수 있습니다.
만트럭버스코리아(주),TGS 카고,2023-06-16,2023-10-25,2025-04-30,규격에 맞지 않거나 불량 시가 커넥터를 사용시에 접촉 불량으로 인해 소켓에 지속적인 진동 및 마찰이 증가하여 (접촉 저항이 증가) 소켓에 열과 아크가 발생하여 24V 소켓이 과열 될 수 있습니다.
만트럭버스코리아(주),TGX 트랙터,2023-06-12,2023-11-13,2025-04-30,규격에 맞지 않거나 불량 시가 커넥터를 사용시에 접촉 불량으로 인해 소켓에 지속적인 진동 및 마찰이 증가하여 (접촉 저항이 증가) 소켓에 열과 아크가 발생하여 24V 소켓이 과열 될 수 있습니다.
만트럭버스코리아(주),TGX 트랙터,2023-10-12,2023-11-03,2025-04-30,규격에 맞지 않거나 불량 시가 커넥터를 사용시에 접촉 불량으로 인해 소켓에 지속적인 진동 및 마찰이 증가하여 (접촉 저항이 증가) 소켓에 열과 아크가 발생하여 24V 소켓이 과열 될 수 있습니다.
만트럭버스코리아(주),TGX 트랙터,2023-06-23,2023-07-18,2025-04-30,규격에 맞지 않거나 불량 시가 커넥터를 사용시에 접촉 불량으로 인해 소켓에 지속적인 진동 및 마찰이 증가하여 (접촉 저항이 증가) 소켓에 열과 아크가 발생하여 24V 소켓이 과열 될 수 있습니다.
만트럭버스코리아(주),TGX 트랙터,2023-06-13,2023-09-25,2025-04-30,규격에 맞지 않거나 불량 시가 커넥터를 사용시에 접촉 불량으로 인해 소켓에 지속적인 진동 및 마찰이 증가하여 (접촉 저항이 증가) 소켓에 열과 아크가 발생하여 24V 소켓이 과열 될 수 있습니다.
만트럭버스코리아(주),TGX 카고,2023-07-17,2023-10-20,2025-04-30,규격에 맞지 않거나 불량 시가 커넥터를 사용시에 접촉 불량으로 인해 소켓에 지속적인 진동 및 마찰이 증가하여 (접촉 저항이 증가) 소켓에 열과 아크가 발생하여 24V 소켓이 과열 될 수 있습니다.
(주)볼보자동차코리아,S90,2016-05-11,2024-12-07,2025-05-02,사고기록장치 소프트웨어의 설정 오류로 인해 기록항목 중 일부 운행정보 기록시간이 국내기준(자동차 및 자동차부품의 성능과 기준에 관한 규칙 제56조의2)에 부합하지 않음이 확인됨.
(주)볼보자동차코리아,V90CC,2016-12-15,2024-11-27,2025-05-02,사고기록장치 소프트웨어의 설정 오류로 인해 기록항목 중 일부 운행정보 기록시간이 국내기준(자동차 및 자동차부품의 성능과 기준에 관한 규칙 제56조의2)에 부합하지 않음이 확인됨.
(주)볼보자동차코리아,S60,2019-05-17,2024-06-11,2025-05-02,사고기록장치 소프트웨어의 설정 오류로 인해 기록항목 중 일부 운행정보 기록시간이 국내기준(자동차 및 자동차부품의 성능과 기준에 관한 규칙 제56조의2)에 부합하지 않음이 확인됨.
(주)볼보자동차코리아,V60CC,2018-11-05,2024-08-20,2025-05-02,사고기록장치 소프트웨어의 설정 오류로 인해 기록항목 중 일부 운행정보 기록시간이 국내기준(자동차 및 자동차부품의 성능과 기준에 관한 규칙 제56조의2)에 부합하지 않음이 확인됨.
(주)볼보자동차코리아,XC60,2017-04-25,2024-11-12,2025-05-02,사고기록장치 소프트웨어의 설정 오류로 인해 기록항목 중 일부 운행정보 기록시간이 국내기준(자동차 및 자동차부품의 성능과 기준에 관한 규칙 제56조의2)에 부합하지 않음이 확인됨.
(주)볼보자동차코리아,XC90,2015-12-04,2024-11-12,2025-05-02,사고기록장치 소프트웨어의 설정 오류로 인해 기록항목 중 일부 운행정보 기록시간이 국내기준(자동차 및 자동차부품의 성능과 기준에 관한 규칙 제56조의2)에 부합하지 않음이 확인됨.
(주)볼보자동차코리아,XC40,2018-04-25,2024-10-08,2025-05-02,사고기록장치 소프트웨어의 설정 오류로 인해 기록항목 중 일부 운행정보 기록시간이 국내기준(자동차 및 자동차부품의 성능과 기준에 관한 규칙 제56조의2)에 부합하지 않음이 확인됨.
(주)볼보자동차코리아,C40,2022-01-05,2023-12-19,2025-05-02,사고기록장치 소프트웨어의 설정 오류로 인해 기록항목 중 일부 운행정보 기록시간이 국내기준(자동차 및 자동차부품의 성능과 기준에 관한 규칙 제56조의2)에 부합하지 않음이 확인됨.
혼다코리아(주),ACCORD,2008-10-16,2008-10-16,2025-05-02,"2024년 12월 ACCORD 등 7차종 모델 12,713대 대상으로 시행했던 리콜의 대상 확대 건이다. (수년간의 시장조사 및 분석 결과 시정조치 대상 이외의 차량에서도 증상이 발생할 수 있다고 판단하여 해당 연료펌프가 장착된 모든 차량을 시정조치 대상으로 지정함) 2. 연료펌프 내부에 부적절하게 제작된 저밀도의 임펠러가 조립되어 임펠러 표면에 크랙이 발생할 수 있고, 차량 사용 중 크랙 부분에 연료가 침투하여 고온 환경에서 팽창에 의해 임펠러가 변형되어 펌프 내부 커버와의 접촉으로 인해 연료펌프 모터가 손상될 수 있다."
혼다코리아(주),ACCORD,2013-03-05,2017-06-29,2025-05-02,"2024년 12월 ACCORD 등 7차종 모델 12,713대 대상으로 시행했던 리콜의 대상 확대 건이다. (수년간의 시장조사 및 분석 결과 시정조치 대상 이외의 차량에서도 증상이 발생할 수 있다고 판단하여 해당 연료펌프가 장착된 모든 차량을 시정조치 대상으로 지정함) 2. 연료펌프 내부에 부적절하게 제작된 저밀도의 임펠러가 조립되어 임펠러 표면에 크랙이 발생할 수 있고, 차량 사용 중 크랙 부분에 연료가 침투하여 고온 환경에서 팽창에 의해 임펠러가 변형되어 펌프 내부 커버와의 접촉으로 인해 연료펌프 모터가 손상될 수 있다."
혼다코리아(주),ACCORD,2012-10-31,2016-06-13,2025-05-02,"2024년 12월 ACCORD 등 7차종 모델 12,713대 대상으로 시행했던 리콜의 대상 확대 건이다. (수년간의 시장조사 및 분석 결과 시정조치 대상 이외의 차량에서도 증상이 발생할 수 있다고 판단하여 해당 연료펌프가 장착된 모든 차량을 시정조치 대상으로 지정함) 2. 연료펌프 내부에 부적절하게 제작된 저밀도의 임펠러가 조립되어 임펠러 표면에 크랙이 발생할 수 있고, 차량 사용 중 크랙 부분에 연료가 침투하여 고온 환경에서 팽창에 의해 임펠러가 변형되어 펌프 내부 커버와의 접촉으로 인해 연료펌프 모터가 손상될 수 있다."
혼다코리아(주),ACCORD,2017-11-07,2019-07-30,2025-05-02,"2024년 12월 ACCORD 등 7차종 모델 12,713대 대상으로 시행했던 리콜의 대상 확대 건이다. (수년간의 시장조사 및 분석 결과 시정조치 대상 이외의 차량에서도 증상이 발생할 수 있다고 판단하여 해당 연료펌프가 장착된 모든 차량을 시정조치 대상으로 지정함) 2. 연료펌프 내부에 부적절하게 제작된 저밀도의 임펠러가 조립되어 임펠러 표면에 크랙이 발생할 수 있고, 차량 사용 중 크랙 부분에 연료가 침투하여 고온 환경에서 팽창에 의해 임펠러가 변형되어 펌프 내부 커버와의 접촉으로 인해 연료펌프 모터가 손상될 수 있다."
혼다코리아(주),ACCORD,2018-03-28,2019-03-05,2025-05-02,"2024년 12월 ACCORD 등 7차종 모델 12,713대 대상으로 시행했던 리콜의 대상 확대 건이다. (수년간의 시장조사 및 분석 결과 시정조치 대상 이외의 차량에서도 증상이 발생할 수 있다고 판단하여 해당 연료펌프가 장착된 모든 차량을 시정조치 대상으로 지정함) 2. 연료펌프 내부에 부적절하게 제작된 저밀도의 임펠러가 조립되어 임펠러 표면에 크랙이 발생할 수 있고, 차량 사용 중 크랙 부분에 연료가 침투하여 고온 환경에서 팽창에 의해 임펠러가 변형되어 펌프 내부 커버와의 접촉으로 인해 연료펌프 모터가 손상될 수 있다."
혼다코리아(주),ACCORD HYBRID,2017-01-10,2017-09-01,2025-05-02,"2024년 12월 ACCORD 등 7차종 모델 12,713대 대상으로 시행했던 리콜의 대상 확대 건이다. (수년간의 시장조사 및 분석 결과 시정조치 대상 이외의 차량에서도 증상이 발생할 수 있다고 판단하여 해당 연료펌프가 장착된 모든 차량을 시정조치 대상으로 지정함) 2. 연료펌프 내부에 부적절하게 제작된 저밀도의 임펠러가 조립되어 임펠러 표면에 크랙이 발생할 수 있고, 차량 사용 중 크랙 부분에 연료가 침투하여 고온 환경에서 팽창에 의해 임펠러가 변형되어 펌프 내부 커버와의 접촉으로 인해 연료펌프 모터가 손상될 수 있다."
혼다코리아(주),ACCORD HYBRID,2018-11-13,2019-08-21,2025-05-02,"2024년 12월 ACCORD 등 7차종 모델 12,713대 대상으로 시행했던 리콜의 대상 확대 건이다. (수년간의 시장조사 및 분석 결과 시정조치 대상 이외의 차량에서도 증상이 발생할 수 있다고 판단하여 해당 연료펌프가 장착된 모든 차량을 시정조치 대상으로 지정함) 2. 연료펌프 내부에 부적절하게 제작된 저밀도의 임펠러가 조립되어 임펠러 표면에 크랙이 발생할 수 있고, 차량 사용 중 크랙 부분에 연료가 침투하여 고온 환경에서 팽창에 의해 임펠러가 변형되어 펌프 내부 커버와의 접촉으로 인해 연료펌프 모터가 손상될 수 있다."
혼다코리아(주),CR-V,2015-01-08,2016-06-02,2025-05-02,"2024년 12월 ACCORD 등 7차종 모델 12,713대 대상으로 시행했던 리콜의 대상 확대 건이다. (수년간의 시장조사 및 분석 결과 시정조치 대상 이외의 차량에서도 증상이 발생할 수 있다고 판단하여 해당 연료펌프가 장착된 모든 차량을 시정조치 대상으로 지정함) 2. 연료펌프 내부에 부적절하게 제작된 저밀도의 임펠러가 조립되어 임펠러 표면에 크랙이 발생할 수 있고, 차량 사용 중 크랙 부분에 연료가 침투하여 고온 환경에서 팽창에 의해 임펠러가 변형되어 펌프 내부 커버와의 접촉으로 인해 연료펌프 모터가 손상될 수 있다."
혼다코리아(주),CR-V,2017-04-03,2017-09-13,2025-05-02,"2024년 12월 ACCORD 등 7차종 모델 12,713대 대상으로 시행했던 리콜의 대상 확대 건이다. (수년간의 시장조사 및 분석 결과 시정조치 대상 이외의 차량에서도 증상이 발생할 수 있다고 판단하여 해당 연료펌프가 장착된 모든 차량을 시정조치 대상으로 지정함) 2. 연료펌프 내부에 부적절하게 제작된 저밀도의 임펠러가 조립되어 임펠러 표면에 크랙이 발생할 수 있고, 차량 사용 중 크랙 부분에 연료가 침투하여 고온 환경에서 팽창에 의해 임펠러가 변형되어 펌프 내부 커버와의 접촉으로 인해 연료펌프 모터가 손상될 수 있다."
혼다코리아(주),ODYSSEY,2014-06-11,2016-05-05,2025-05-02,"2024년 12월 ACCORD 등 7차종 모델 12,713대 대상으로 시행했던 리콜의 대상 확대 건이다. (수년간의 시장조사 및 분석 결과 시정조치 대상 이외의 차량에서도 증상이 발생할 수 있다고 판단하여 해당 연료펌프가 장착된 모든 차량을 시정조치 대상으로 지정함) 2. 연료펌프 내부에 부적절하게 제작된 저밀도의 임펠러가 조립되어 임펠러 표면에 크랙이 발생할 수 있고, 차량 사용 중 크랙 부분에 연료가 침투하여 고온 환경에서 팽창에 의해 임펠러가 변형되어 펌프 내부 커버와의 접촉으로 인해 연료펌프 모터가 손상될 수 있다."
혼다코리아(주),PILOT,2017-01-04,2019-04-17,2025-05-02,"2024년 12월 ACCORD 등 7차종 모델 12,713대 대상으로 시행했던 리콜의 대상 확대 건이다. (수년간의 시장조사 및 분석 결과 시정조치 대상 이외의 차량에서도 증상이 발생할 수 있다고 판단하여 해당 연료펌프가 장착된 모든 차량을 시정조치 대상으로 지정함) 2. 연료펌프 내부에 부적절하게 제작된 저밀도의 임펠러가 조립되어 임펠러 표면에 크랙이 발생할 수 있고, 차량 사용 중 크랙 부분에 연료가 침투하여 고온 환경에서 팽창에 의해 임펠러가 변형되어 펌프 내부 커버와의 접촉으로 인해 연료펌프 모터가 손상될 수 있다."
혼다코리아(주),CIVIC,2012-11-12,2012-11-12,2025-05-02,"2024년 12월 ACCORD 등 7차종 모델 12,713대 대상으로 시행했던 리콜의 대상 확대 건이다. (수년간의 시장조사 및 분석 결과 시정조치 대상 이외의 차량에서도 증상이 발생할 수 있다고 판단하여 해당 연료펌프가 장착된 모든 차량을 시정조치 대상으로 지정함) 2. 연료펌프 내부에 부적절하게 제작된 저밀도의 임펠러가 조립되어 임펠러 표면에 크랙이 발생할 수 있고, 차량 사용 중 크랙 부분에 연료가 침투하여 고온 환경에서 팽창에 의해 임펠러가 변형되어 펌프 내부 커버와의 접촉으로 인해 연료펌프 모터가 손상될 수 있다."
혼다코리아(주),CROSSTOUR,2012-10-17,2013-01-12,2025-05-02,"2024년 12월 ACCORD 등 7차종 모델 12,713대 대상으로 시행했던 리콜의 대상 확대 건이다. (수년간의 시장조사 및 분석 결과 시정조치 대상 이외의 차량에서도 증상이 발생할 수 있다고 판단하여 해당 연료펌프가 장착된 모든 차량을 시정조치 대상으로 지정함) 2. 연료펌프 내부에 부적절하게 제작된 저밀도의 임펠러가 조립되어 임펠러 표면에 크랙이 발생할 수 있고, 차량 사용 중 크랙 부분에 연료가 침투하여 고온 환경에서 팽창에 의해 임펠러가 변형되어 펌프 내부 커버와의 접촉으로 인해 연료펌프 모터가 손상될 수 있다."
혼다코리아(주),CR-Z,2011-11-09,2011-11-09,2025-05-02,"2024년 12월 ACCORD 등 7차종 모델 12,713대 대상으로 시행했던 리콜의 대상 확대 건이다. (수년간의 시장조사 및 분석 결과 시정조치 대상 이외의 차량에서도 증상이 발생할 수 있다고 판단하여 해당 연료펌프가 장착된 모든 차량을 시정조치 대상으로 지정함) 2. 연료펌프 내부에 부적절하게 제작된 저밀도의 임펠러가 조립되어 임펠러 표면에 크랙이 발생할 수 있고, 차량 사용 중 크랙 부분에 연료가 침투하여 고온 환경에서 팽창에 의해 임펠러가 변형되어 펌프 내부 커버와의 접촉으로 인해 연료펌프 모터가 손상될 수 있다."
혼다코리아(주),HR-V,2019-02-20,2019-08-08,2025-05-02,"2024년 12월 ACCORD 등 7차종 모델 12,713대 대상으로 시행했던 리콜의 대상 확대 건이다. (수년간의 시장조사 및 분석 결과 시정조치 대상 이외의 차량에서도 증상이 발생할 수 있다고 판단하여 해당 연료펌프가 장착된 모든 차량을 시정조치 대상으로 지정함) 2. 연료펌프 내부에 부적절하게 제작된 저밀도의 임펠러가 조립되어 임펠러 표면에 크랙이 발생할 수 있고, 차량 사용 중 크랙 부분에 연료가 침투하여 고온 환경에서 팽창에 의해 임펠러가 변형되어 펌프 내부 커버와의 접촉으로 인해 연료펌프 모터가 손상될 수 있다."
혼다코리아(주),LEGEND,2008-05-08,2010-03-12,2025-05-02,"2024년 12월 ACCORD 등 7차종 모델 12,713대 대상으로 시행했던 리콜의 대상 확대 건이다. (수년간의 시장조사 및 분석 결과 시정조치 대상 이외의 차량에서도 증상이 발생할 수 있다고 판단하여 해당 연료펌프가 장착된 모든 차량을 시정조치 대상으로 지정함) 2. 연료펌프 내부에 부적절하게 제작된 저밀도의 임펠러가 조립되어 임펠러 표면에 크랙이 발생할 수 있고, 차량 사용 중 크랙 부분에 연료가 침투하여 고온 환경에서 팽창에 의해 임펠러가 변형되어 펌프 내부 커버와의 접촉으로 인해 연료펌프 모터가 손상될 수 있다."
비엠더블유코리아(주),BMW i5 xDrive40,2024-04-16,2024-04-16,2025-05-02,통합제동장치에 장착된 서보모터 위치센서의 품질 결함으로 인해 신호 장애가 발생할 가능성이 확인되었습니다.
메르세데스벤츠코리아(주),AMG S 63 E Performance,2022-11-04,2024-01-31,2025-05-09,고전압 시동 발전기의 소프트웨어 오류로 인하여 고전압 시동 발전기 컨트롤 유닛의 처리 장치(processor)에서 과부하가 발생될 수 있습니다.
메르세데스벤츠코리아(주),AMG GT 63 S E Performance,2023-04-25,2023-04-25,2025-05-09,고전압 시동 발전기의 소프트웨어 오류로 인하여 고전압 시동 발전기 컨트롤 유닛의 처리 장치(processor)에서 과부하가 발생될 수 있습니다.
메르세데스벤츠코리아(주),E 220 d 4MATIC,2024-02-08,2024-02-27,2025-05-09,생산 공정 오류로 인해 48V 접지선의 연결 볼트가 정확히 고정되지 않았을 수 있습니다. 이러한 경우 접지선의 연결 단자와 볼트의 닿는 면적이 줄어들어 전기 저항이 증가할 수 있습니다.
메르세데스벤츠코리아(주),E 300 4MATIC,2024-02-23,2024-05-08,2025-05-09,생산 공정 오류로 인해 48V 접지선의 연결 볼트가 정확히 고정되지 않았을 수 있습니다. 이러한 경우 접지선의 연결 단자와 볼트의 닿는 면적이 줄어들어 전기 저항이 증가할 수 있습니다.
메르세데스벤츠코리아(주),E 200,2024-03-20,2024-05-22,2025-05-09,생산 공정 오류로 인해 48V 접지선의 연결 볼트가 정확히 고정되지 않았을 수 있습니다. 이러한 경우 접지선의 연결 단자와 볼트의 닿는 면적이 줄어들어 전기 저항이 증가할 수 있습니다.
메르세데스벤츠코리아(주),E 450 4MATIC,2024-02-21,2024-04-11,2025-05-09,생산 공정 오류로 인해 48V 접지선의 연결 볼트가 정확히 고정되지 않았을 수 있습니다. 이러한 경우 접지선의 연결 단자와 볼트의 닿는 면적이 줄어들어 전기 저항이 증가할 수 있습니다.
비엠더블유코리아(주),MINI Cooper SE,2021-12-21,2021-12-21,2025-05-16,고전압 배터리 하우징의 밀봉(Sealing)이 불충분하게 되었을 가능성을 확인하였습니다.
비엠더블유코리아(주),BMW X3 20 xDrive,2024-08-22,2024-12-11,2025-05-16,차량 생산과정에서 48V 스타터 발전기와 배터리의 배선 연결 볼트가 규정된 토크로 체결되지 않아 48V 스타터 발전기와 배선 연결부의 접촉 저항이 증가할 가능성이 확인되었습니다.
비엠더블유코리아(주),BMW X3 20d xDrive,2024-09-03,2024-11-11,2025-05-16,차량 생산과정에서 48V 스타터 발전기와 배터리의 배선 연결 볼트가 규정된 토크로 체결되지 않아 48V 스타터 발전기와 배선 연결부의 접촉 저항이 증가할 가능성이 확인되었습니다.
비엠더블유코리아(주),BMW 320i,2024-06-28,2025-01-31,2025-05-16,48V 스타터 발전기와 배터리의 배선 연결부의 슬리브가 부정확한 압력으로 장착되었을 가능성이 확인되었습니다.
비엠더블유코리아(주),BMW X3 20d xDrive,2024-12-02,2025-02-18,2025-05-16,48V 스타터 발전기와 배터리의 배선 연결부의 슬리브가 부정확한 압력으로 장착되었을 가능성이 확인되었습니다.
비엠더블유코리아(주),BMW 420i Coupe,2024-10-30,2025-01-20,2025-05-16,48V 스타터 발전기와 배터리의 배선 연결부의 슬리브가 부정확한 압력으로 장착되었을 가능성이 확인되었습니다.
비엠더블유코리아(주),BMW 420i Convertible,2024-10-10,2025-01-22,2025-05-16,48V 스타터 발전기와 배터리의 배선 연결부의 슬리브가 부정확한 압력으로 장착되었을 가능성이 확인되었습니다.
비엠더블유코리아(주),BMW 520i,2023-09-01,2025-01-29,2025-05-16,48V 스타터 발전기와 배터리의 배선 연결부의 슬리브가 부정확한 압력으로 장착되었을 가능성이 확인되었습니다.
비엠더블유코리아(주),BMW 420i Gran Coupe,2024-11-04,2025-01-27,2025-05-16,48V 스타터 발전기와 배터리의 배선 연결부의 슬리브가 부정확한 압력으로 장착되었을 가능성이 확인되었습니다.
비엠더블유코리아(주),BMW 523d,2024-10-17,2025-01-22,2025-05-16,48V 스타터 발전기와 배터리의 배선 연결부의 슬리브가 부정확한 압력으로 장착되었을 가능성이 확인되었습니다.
비엠더블유코리아(주),BMW X3 20 xDrive,2024-09-13,2025-02-20,2025-05-16,48V 스타터 발전기와 배터리의 배선 연결부의 슬리브가 부정확한 압력으로 장착되었을 가능성이 확인되었습니다.
비엠더블유코리아(주),BMW 530i xDrive,2023-12-12,2025-01-29,2025-05-16,48V 스타터 발전기와 배터리의 배선 연결부의 슬리브가 부정확한 압력으로 장착되었을 가능성이 확인되었습니다.
비엠더블유코리아(주),BMW 523d xDrive,2024-10-18,2025-01-27,2025-05-16,48V 스타터 발전기와 배터리의 배선 연결부의 슬리브가 부정확한 압력으로 장착되었을 가능성이 확인되었습니다.
비엠더블유코리아(주),BMW 320i Touring,2024-08-02,2025-01-20,2025-05-16,48V 스타터 발전기와 배터리의 배선 연결부의 슬리브가 부정확한 압력으로 장착되었을 가능성이 확인되었습니다.
(주)재규어랜드로버코리아,디펜더 110 D250,2022-05-27,2022-05-27,2025-05-21,당사에서 수입한‘디펜더 110’일부 차량에서 엔진 오일필터 하우징의 제조불량으로 차량 운행 시 오일필터 하우징에 균열이 생겨 오일이 엔진으로 누유 될 가능성이 확인되어 다음과 같이 시정조치 계획을 보고하고 시정조치를 하고자 합니다. ※결함원인: 엔진 오일필터 하우징의 제조불량으로 차량 운행 시 오일필터 하우징에 균열이 생겨 오일이 엔진으로 누유 될 가능성이 있음
현대자동차(주),일렉시티(CY) 수소전기버스,2019-05-15,2025-03-24,2025-05-22,일렉시티(CY) 수소전기버스 일부 차량에서 수소 배출구 보호마개를 통한 수분유입 및 빙결이 발생되어 수소가 배출되지 못할 시 중압 배관 연결부가 이탈되어 수소가 누출될 가능성이 있는 결함이 확인 ※ 수소 배출구 보호마개 : 수소 감압기의 토출압이 과다할 경우 수소를 배출시키는 마개
한국지엠주식회사,트래버스,2016-11-17,2019-01-11,2025-05-23,"현상 : 후부 및 옆면 반사기의 반사 성능이 안전 기준을 충족하지 못할 가능성이 있음. 원인 : 현재까지 근본 원인은 파악 중에 있으나, 정확한 원인을 규명하는 데에는 한계가 있음. 그러나, 국내로 수입, 판매된 반사기의 한정된 부품 품질 편차가 반사 성능 저하에 영향을 주었을 것으로 추정됨. * 2024년 4월부터 반사기 부품업체의 생산품질 강화 및 개선사항이 적용된 부품이 국내로 공급되고 있음."
차봇모터스 주식회사,이네오스 그레나디어 스테이션왜건 가솔린,2023-08-22,2024-04-30,2025-05-26,외부 도어 열림 버튼 (바깥쪽 문걸쇠 풀림장치)의 원형 버튼에 충분한 양의 그리스가 도포되지 않음으로 인해 버튼이 눌린채로 고정되어 원위치로 복귀하지 않을 수 있는 가능성이 있음
기아 주식회사,셀토스 (SP2),2024-10-21,2024-12-30,2025-05-28,고압 파이프 제조 불량으로 인해 연결부 기밀성이 저하되어 연료가 누유되는 경우 차량 화재 발생 가능성
기아 주식회사,스포티지 (NQ5),2024-10-16,2024-12-30,2025-05-28,고압 파이프 제조 불량으로 인해 연결부 기밀성이 저하되어 연료가 누유되는 경우 차량 화재 발생 가능성
스텔란티스코리아 주식회사,마세라티 그란투리스모 트로페오,2024-04-30,2024-05-08,2025-05-28,운전석 B-필러에 부착된 제조사 인증 라벨이 특정 질감의 광택 페인트로 인해 올바르게 부착되지 않아 떨어질 가능성이 있음
폭스바겐그룹코리아 주식회사,Q5 45 TFSI qu.,2021-11-22,2023-12-15,2025-05-30,특정 기간에 생산된 일부 차량의 실린더 헤드 볼트가 규정 토크로 고정되지 않았을 가능성이 있습니다.
폭스바겐그룹코리아 주식회사,Q5 45 TFSI qu. Premium,2021-10-15,2024-01-15,2025-05-30,특정 기간에 생산된 일부 차량의 실린더 헤드 볼트가 규정 토크로 고정되지 않았을 가능성이 있습니다.
폭스바겐그룹코리아 주식회사,Q5 Sportback 45 TFSI qu.,2021-09-20,2023-09-03,2025-05-30,특정 기간에 생산된 일부 차량의 실린더 헤드 볼트가 규정 토크로 고정되지 않았을 가능성이 있습니다.
폭스바겐그룹코리아 주식회사,Q5 Sportback 45 TFSI qu. Premium,2021-09-20,2023-12-09,2025-05-30,특정 기간에 생산된 일부 차량의 실린더 헤드 볼트가 규정 토크로 고정되지 않았을 가능성이 있습니다.
폭스바겐그룹코리아 주식회사,Beelte,2011-08-20,2017-01-31,2025-06-05,특정 기간 동안 생산된 일부 차량에 장착된 운전자석 에어백 인플레이터가 고온 다습한 환경에 장기간 노출될 경우 추진제 성능이 저하로 인하여 에어백이 의도치 않게 전개될 가능성이 있습니다.
메르세데스벤츠코리아(주),S 450 d 4MATIC,2023-07-20,2023-07-20,2025-06-05,서비스센터에서의 리콜 작업 시 사양에 맞지 않은 퓨즈 박스로 교체되었을 수 있습니다.
메르세데스벤츠코리아(주),S 400 d 4MATIC,2023-02-15,2023-02-17,2025-06-05,서비스센터에서의 리콜 작업 시 사양에 맞지 않은 퓨즈 박스로 교체되었을 수 있습니다.
메르세데스벤츠코리아(주),S 450 4MATIC,2023-02-13,2023-04-24,2025-06-05,서비스센터에서의 리콜 작업 시 사양에 맞지 않은 퓨즈 박스로 교체되었을 수 있습니다.
메르세데스벤츠코리아(주),S 500 4MATIC,2023-04-26,2023-07-07,2025-06-05,서비스센터에서의 리콜 작업 시 사양에 맞지 않은 퓨즈 박스로 교체되었을 수 있습니다.
메르세데스벤츠코리아(주),Mercedes-AMG SL 63 4MATIC+,2023-05-31,2023-05-31,2025-06-05,서비스센터에서의 리콜 작업 시 사양에 맞지 않은 퓨즈 박스로 교체되었을 수 있습니다.
메르세데스벤츠코리아(주),GLC 300 4MATIC,2023-06-13,2023-10-06,2025-06-05,서비스센터에서의 리콜 작업 시 사양에 맞지 않은 퓨즈 박스로 교체되었을 수 있습니다.
메르세데스벤츠코리아(주),Mercedes-AMG EQE 53 4MATIC,2023-03-29,2023-05-26,2025-06-05,서비스센터에서의 리콜 작업 시 사양에 맞지 않은 퓨즈 박스로 교체되었을 수 있습니다.
메르세데스벤츠코리아(주),Mercedes-AMG EQS 53 4MATIC,2023-03-02,2023-04-11,2025-06-05,서비스센터에서의 리콜 작업 시 사양에 맞지 않은 퓨즈 박스로 교체되었을 수 있습니다.
메르세데스벤츠코리아(주),AMG G 63,2024-03-22,2025-01-20,2025-06-05,공급 업체 개발 공정 오류로 인해 ESP 컨트롤 유닛 소프트웨어에 잘못된 경고 메시지가 입력되었을 수 있습니다.
메르세데스벤츠코리아(주),G 450 d,2024-01-10,2024-12-13,2025-06-05,공급 업체 개발 공정 오류로 인해 ESP 컨트롤 유닛 소프트웨어에 잘못된 경고 메시지가 입력되었을 수 있습니다.
메르세데스벤츠코리아(주),G 580,2024-01-19,2024-09-21,2025-06-05,공급 업체 개발 공정 오류로 인해 ESP 컨트롤 유닛 소프트웨어에 잘못된 경고 메시지가 입력되었을 수 있습니다.
브리타니아오토 주식회사,DBX707,2024-02-26,2024-02-26,2025-06-05,엔진오일쿨러 호스 제조불량으로 인해 호스 내벽에 손상이 발생되어 해당 부분이 정상적인 오일 압력(7.85Bar) 범위에서도 파열될 수 있음.
비엠더블유코리아(주),R 1300 GS,2023-05-15,2024-08-30,2025-06-09,제조상의 오류로 다기능 스위치에 습기가 침투하여 부식 및 기능 고장이 발생할 가능성이 있습니다.
비엠더블유코리아(주),R 1300 GS Adventure,2024-06-17,2024-07-17,2025-06-09,제조상의 오류로 다기능 스위치에 습기가 침투하여 부식 및 기능 고장이 발생할 가능성이 있습니다.
비엠더블유코리아(주),R 12 nineT,2023-09-22,2024-07-04,2025-06-09,제조상의 오류로 다기능 스위치에 습기가 침투하여 부식 및 기능 고장이 발생할 가능성이 있습니다.
비엠더블유코리아(주),R 12,2023-11-10,2024-08-30,2025-06-09,제조상의 오류로 다기능 스위치에 습기가 침투하여 부식 및 기능 고장이 발생할 가능성이 있습니다.
현대자동차(주),아반떼(HD),2008-10-31,2009-07-30,2025-06-10,아반떼(HD) 등 2차종 일부 차량에서 운전석 에어백 전개시 인플레이터의 과도한 내부 압력 증가로 인해 인플레이터 용기가 파손되어 승객이 상해를 입을 가능성이 있는 결함
현대자동차(주),i30(FD),2008-10-02,2009-02-13,2025-06-10,아반떼(HD) 등 2차종 일부 차량에서 운전석 에어백 전개시 인플레이터의 과도한 내부 압력 증가로 인해 인플레이터 용기가 파손되어 승객이 상해를 입을 가능성이 있는 결함
비엠더블유코리아(주),BMW 520i,2024-10-22,2025-01-23,2025-06-12,차량 생산과정에서 48V 스타터 발전기와 배터리의 양극 케이블 연결부의 슬리브가 부정확한 압력으로 장착되었을 가능성이 확인되었습니다.
비엠더블유코리아(주),BMW 523d,2024-11-20,2024-11-20,2025-06-12,차량 생산과정에서 48V 스타터 발전기와 배터리의 양극 케이블 연결부의 슬리브가 부정확한 압력으로 장착되었을 가능성이 확인되었습니다.
비엠더블유코리아(주),MINI Cooper SE,2024-03-26,2024-06-24,2025-06-12,"고전압 배터리 셀 모듈 내 음극 판이 이중으로 구성되었거나 음극, 양극 판 정렬이 올바르게 되지 않았을 수 있습니다."
비엠더블유코리아(주),MINI Cooper SE,2024-03-25,2024-06-21,2025-06-12,제조 공정의 오류로 인해 고전압 배터리 셀 전극 시트 절단 과정에서 잔여물이 제거되지 않은 상태로 제조되었을 가능성이 확인되었습니다.
(주)GS글로벌,NEW BYD eBus-12,2021-12-15,2023-10-13,2025-06-12,연료장치(고전압배터리 트레이)의 리벳 고정부 내구성 부족으로 인해 차량 주행진동 등에 의한 고정력 저하 또는 고정부 탈락 가능성으로 내부 배터리셀이 트레이와 간섭 또는 접촉될 수 있으며 이로 인해 절연불량 현상이 발생될 수 있음.
(주)GS글로벌,NEW BYD eBus-7,2022-09-22,2022-09-22,2025-06-12,연료장치(고전압배터리 트레이)의 리벳 고정부 내구성 부족으로 인해 차량 주행진동 등에 의한 고정력 저하 또는 고정부 탈락 가능성으로 내부 배터리셀이 트레이와 간섭 또는 접촉될 수 있으며 이로 인해 절연불량 현상이 발생될 수 있음.
(주)GS글로벌,NEW BYD eBus-7,2022-05-09,2022-06-20,2025-06-12,연료장치(고전압배터리 트레이)의 리벳 고정부 내구성 부족으로 인해 차량 주행진동 등에 의한 고정력 저하 또는 고정부 탈락 가능성으로 내부 배터리셀이 트레이와 간섭 또는 접촉될 수 있으며 이로 인해 절연불량 현상이 발생될 수 있음.
브리타니아오토 주식회사,720S Spider,2019-08-30,2019-08-30,2025-06-12,차량 생산공정상의 문제로 브레이크 파이프가 제어 모듈에 잘못 연결되어 있을 수 있는 가능성
브리타니아오토 주식회사,Artura,2023-12-05,2023-12-05,2025-06-12,차량 생산공정상의 문제로 브레이크 파이프가 제어 모듈에 잘못 연결되어 있을 수 있는 가능성
브리타니아오토 주식회사,GT,2019-09-13,2019-09-13,2025-06-12,차량 생산공정상의 문제로 브레이크 파이프가 제어 모듈에 잘못 연결되어 있을 수 있는 가능성
폴스타오토모티브코리아 유한회사,Polestar2,2024-12-24,2025-04-11,2025-06-16,"폴스타의 조사 결과, 국내 수입된 ‘25년식 Polestar 2 차량 중 특정 버전의 소프트웨어가 탑재된 차량에서 원 페달 드라이브를 활성화한 상태에서 특정 운행 조건에 부합하면 제동 성능이 일시적으로 상실되는 증상이 나타날 수 있음을 발견하였습니다."
혼다코리아(주),SCV125S,2024-08-03,2025-02-17,2025-06-16,차량 설계상 고려되지 않은 리어캐리어를 혼다코리아가 공급 및 판매하였습니다.
폭스바겐그룹코리아 주식회사,Q6 e-tron performance,2025-02-14,2025-02-17,2025-06-18,특정 기간 동안 생산/수입된 일부 차량의 생산 과정에서 부품이 올바르게 할당되지 않았을 가능성이 있습니다. 이로 인하여 전방 동승자석에 에어백 제어 시스템이 장착되지 않았음에도 유아용 시트 혹은 아동용 시트를 장착할 수 있는 ISOFIX가 설치되었습니다. 이는 ‘자동차 및 자동차 부품의 성능과 기준에 관한 규칙’ 제103조의2(어린이보호용 좌석부착장치)의 일부를 준수하지 않아 국내 자동차 안전 기준을 충족하지 않습니다.
(주)볼보자동차코리아,S90T8 AWD,2023-03-02,2025-05-26,2025-06-18,025년 5월 12일 배포된 소프트웨어 3.5.14가 설치된 차량에서 브레이크 컨트롤 모듈 소프트웨어의 오류로 인해 제동기능이 일시적으로 작동하지 않을 수 있는 현상이 확인됨
(주)볼보자동차코리아,XC60T8 AWD,2022-04-22,2025-05-21,2025-06-18,025년 5월 12일 배포된 소프트웨어 3.5.14가 설치된 차량에서 브레이크 컨트롤 모듈 소프트웨어의 오류로 인해 제동기능이 일시적으로 작동하지 않을 수 있는 현상이 확인됨
(주)볼보자동차코리아,XC90T8 AWD,2023-04-21,2025-03-07,2025-06-18,025년 5월 12일 배포된 소프트웨어 3.5.14가 설치된 차량에서 브레이크 컨트롤 모듈 소프트웨어의 오류로 인해 제동기능이 일시적으로 작동하지 않을 수 있는 현상이 확인됨
(주)볼보자동차코리아,EX40,2024-04-22,2025-04-11,2025-06-18,025년 5월 12일 배포된 소프트웨어 3.5.14가 설치된 차량에서 브레이크 컨트롤 모듈 소프트웨어의 오류로 인해 제동기능이 일시적으로 작동하지 않을 수 있는 현상이 확인됨
현대자동차(주),카운티 일렉트릭(CS EV),2020-05-28,2025-06-07,2025-06-19,카운티 일렉트릭(CS EV) 일부 차량에서 주차브레이크 하중전달용 케이블 설계 오류로 이물질 유입으로 인해 주차브레이크 하중전달용 케이블이 절손되어 경사로 주차 시 차량 밀림으로 충돌사고 발생 가능성이 있는 결함
메르세데스벤츠코리아(주),AMG EQE 53 4MATIC,2023-02-23,2023-02-23,2025-06-20,개발 과정에서의 문서 편차로 인해 파노라마 슬라이딩 선루프 컨트롤 유닛의 소프트웨어가 사양을 충족하지 않을 수 있습니다.
메르세데스벤츠코리아(주),EQS 450 4MATIC,2022-11-29,2022-12-07,2025-06-20,개발 과정에서의 문서 편차로 인해 파노라마 슬라이딩 선루프 컨트롤 유닛의 소프트웨어가 사양을 충족하지 않을 수 있습니다.
메르세데스벤츠코리아(주),EQS 580 4MATIC,2022-10-25,2022-11-02,2025-06-20,개발 과정에서의 문서 편차로 인해 파노라마 슬라이딩 선루프 컨트롤 유닛의 소프트웨어가 사양을 충족하지 않을 수 있습니다.
기아 주식회사,포르테 (TD),2008-11-14,2012-11-16,2025-06-23,조수석 에어백 인플레이터 용기 제조 공정 불량으로 인해 저온조건에서 에어백 전개 시 인플레이터 용기가 파열되어 탑승자에게 상해를 입힐 가능성
폭스바겐그룹코리아 주식회사,Q6 e-tron quattro Premium,2025-03-11,2025-03-11,2025-06-25,특정 기간 동안 생산/수입된 일부 차량의 생산 과정에서 부품이 올바르게 할당되지 않았을 가능성이 있습니다. 이로 인하여 전방 동승자석에 에어백 제어 시스템이 장착되지 않았음에도 유아용 시트 혹은 아동용 시트를 장착할 수 있는 ISOFIX가 설치되었습니다. 이는 ‘자동차 및 자동차 부품의 성능과 기준에 관한 규칙’ 제103조의2(어린이보호용 좌석부착장치)의 일부를 준수하지 않아 국내 자동차 안전 기준을 충족하지 않습니다.
(주)한국모터스,LJ125T-G,2024-02-28,2024-08-13,2025-06-25,후미등 장치의 회로기판의 스위치소자(Switching element) 부품 불량으로 기준치 이상의 전자파 발생 가능.
지엠아시아퍼시픽지역본부 주식회사,리릭,2022-08-24,2024-06-26,2025-06-27,라디오&인포테인먼트 모듈의 소프트웨어 오류로 인해 계기판 및 디스플레이 꺼짐 현상이 간헐적으로 발생할 가능성이 있음.
한국지엠주식회사,카마로,2019-08-27,2021-05-04,2025-06-27,자동변속기 유압 제어 장치 내부가 시간이 지남에 따라 마모된 경우 오일 누유로 인한 압력 저하로 밸브가 의도하지 않게 오작동하여 주행 중 변속 충격 및 드물게 순간적인 바퀴잠김 현상이 발생할 가능성이 있음.
포르쉐코리아 주식회사,타이칸,2021-06-22,2023-10-06,2025-07-03,제조상 문제로 고전압 배터리 내부 단락이 발생할 가능성이 있습니다.
포르쉐코리아 주식회사,타이칸 크로스 투리스모,2021-07-13,2023-06-27,2025-07-03,제조상 문제로 고전압 배터리 내부 단락이 발생할 가능성이 있습니다.
포르쉐코리아 주식회사,타이칸 4S,2020-09-23,2023-11-23,2025-07-03,제조상 문제로 고전압 배터리 내부 단락이 발생할 가능성이 있습니다.
포르쉐코리아 주식회사,타이칸 크로스 투리스모 4S,2021-11-11,2023-10-06,2025-07-03,제조상 문제로 고전압 배터리 내부 단락이 발생할 가능성이 있습니다.
포르쉐코리아 주식회사,타이칸 GTS,2022-02-15,2023-12-09,2025-07-03,제조상 문제로 고전압 배터리 내부 단락이 발생할 가능성이 있습니다.
포르쉐코리아 주식회사,타이칸 터보,2021-01-21,2023-08-08,2025-07-03,제조상 문제로 고전압 배터리 내부 단락이 발생할 가능성이 있습니다.
포르쉐코리아 주식회사,타이칸 크로스 투리스모 터보,2021-07-13,2023-11-29,2025-07-03,제조상 문제로 고전압 배터리 내부 단락이 발생할 가능성이 있습니다.
포르쉐코리아 주식회사,타이칸 터보 S,2020-12-21,2023-07-27,2025-07-03,제조상 문제로 고전압 배터리 내부 단락이 발생할 가능성이 있습니다.
메르세데스벤츠코리아(주),Mercedes-AMG GLE 53 4MATIC,2024-08-31,2024-09-04,2025-07-04,공급업체의 생산 편차로 인해 전면 유리에 위치한 다목적 카메라 및/또는 내부 미러의 접착이 사양을 충족하지 못할 수 있습니다.
메르세데스벤츠코리아(주),GLE 450 4MATIC,2024-09-02,2024-09-02,2025-07-04,공급업체의 생산 편차로 인해 전면 유리에 위치한 다목적 카메라 및/또는 내부 미러의 접착이 사양을 충족하지 못할 수 있습니다.
(주)재규어랜드로버코리아,디스커버리3,2005-07-12,2009-06-09,2025-07-04,"당사에서 수입한‘레인지로버 스포츠, 디스커버리 3 및 디스커버리 4모델에 차량 액세서리로 판매한 정품 분리식 토우볼에 대하여 제작사 지침(토우볼을 사용하지 않을 때는 탈거하여 보관하여야 함)대로 사용하지 않을 시 안전운행에 영향을 줄 가능성이 확인되어 다음과 같이 시정조치 계획을 보고하고 시정조치를 하고자 합니다. ※결함원인: 차량 액세서리로 판매한 정품 분리식 토우볼을 제작사 지침(토우볼을 사용하지 않을 때는 탈거하여 보관하여야 함)에 따라 사용하지 않을 경우 점진적으로 열화되어 제대로 작동하지 않을 가능성이 있음"
(주)재규어랜드로버코리아,디스커버리3 TDV6,2006-10-11,2009-06-30,2025-07-04,"당사에서 수입한‘레인지로버 스포츠, 디스커버리 3 및 디스커버리 4모델에 차량 액세서리로 판매한 정품 분리식 토우볼에 대하여 제작사 지침(토우볼을 사용하지 않을 때는 탈거하여 보관하여야 함)대로 사용하지 않을 시 안전운행에 영향을 줄 가능성이 확인되어 다음과 같이 시정조치 계획을 보고하고 시정조치를 하고자 합니다. ※결함원인: 차량 액세서리로 판매한 정품 분리식 토우볼을 제작사 지침(토우볼을 사용하지 않을 때는 탈거하여 보관하여야 함)에 따라 사용하지 않을 경우 점진적으로 열화되어 제대로 작동하지 않을 가능성이 있음"
(주)재규어랜드로버코리아,디스커버리4 2.7D,2007-02-19,2010-07-21,2025-07-04,"당사에서 수입한‘레인지로버 스포츠, 디스커버리 3 및 디스커버리 4모델에 차량 액세서리로 판매한 정품 분리식 토우볼에 대하여 제작사 지침(토우볼을 사용하지 않을 때는 탈거하여 보관하여야 함)대로 사용하지 않을 시 안전운행에 영향을 줄 가능성이 확인되어 다음과 같이 시정조치 계획을 보고하고 시정조치를 하고자 합니다. ※결함원인: 차량 액세서리로 판매한 정품 분리식 토우볼을 제작사 지침(토우볼을 사용하지 않을 때는 탈거하여 보관하여야 함)에 따라 사용하지 않을 경우 점진적으로 열화되어 제대로 작동하지 않을 가능성이 있음"
(주)재규어랜드로버코리아,디스커버리4 3.0D,2009-09-10,2016-09-15,2025-07-04,"당사에서 수입한‘레인지로버 스포츠, 디스커버리 3 및 디스커버리 4모델에 차량 액세서리로 판매한 정품 분리식 토우볼에 대하여 제작사 지침(토우볼을 사용하지 않을 때는 탈거하여 보관하여야 함)대로 사용하지 않을 시 안전운행에 영향을 줄 가능성이 확인되어 다음과 같이 시정조치 계획을 보고하고 시정조치를 하고자 합니다. ※결함원인: 차량 액세서리로 판매한 정품 분리식 토우볼을 제작사 지침(토우볼을 사용하지 않을 때는 탈거하여 보관하여야 함)에 따라 사용하지 않을 경우 점진적으로 열화되어 제대로 작동하지 않을 가능성이 있음"
(주)재규어랜드로버코리아,디스커버리4 5.0,2009-06-02,2013-01-03,2025-07-04,"당사에서 수입한‘레인지로버 스포츠, 디스커버리 3 및 디스커버리 4모델에 차량 액세서리로 판매한 정품 분리식 토우볼에 대하여 제작사 지침(토우볼을 사용하지 않을 때는 탈거하여 보관하여야 함)대로 사용하지 않을 시 안전운행에 영향을 줄 가능성이 확인되어 다음과 같이 시정조치 계획을 보고하고 시정조치를 하고자 합니다. ※결함원인: 차량 액세서리로 판매한 정품 분리식 토우볼을 제작사 지침(토우볼을 사용하지 않을 때는 탈거하여 보관하여야 함)에 따라 사용하지 않을 경우 점진적으로 열화되어 제대로 작동하지 않을 가능성이 있음"
(주)재규어랜드로버코리아,레인지로버 스포츠,2005-11-30,2006-07-20,2025-07-04,"당사에서 수입한‘레인지로버 스포츠, 디스커버리 3 및 디스커버리 4모델에 차량 액세서리로 판매한 정품 분리식 토우볼에 대하여 제작사 지침(토우볼을 사용하지 않을 때는 탈거하여 보관하여야 함)대로 사용하지 않을 시 안전운행에 영향을 줄 가능성이 확인되어 다음과 같이 시정조치 계획을 보고하고 시정조치를 하고자 합니다. ※결함원인: 차량 액세서리로 판매한 정품 분리식 토우볼을 제작사 지침(토우볼을 사용하지 않을 때는 탈거하여 보관하여야 함)에 따라 사용하지 않을 경우 점진적으로 열화되어 제대로 작동하지 않을 가능성이 있음"
(주)재규어랜드로버코리아,레인지로버 스포츠 3.0D,2009-05-20,2013-05-03,2025-07-04,"당사에서 수입한‘레인지로버 스포츠, 디스커버리 3 및 디스커버리 4모델에 차량 액세서리로 판매한 정품 분리식 토우볼에 대하여 제작사 지침(토우볼을 사용하지 않을 때는 탈거하여 보관하여야 함)대로 사용하지 않을 시 안전운행에 영향을 줄 가능성이 확인되어 다음과 같이 시정조치 계획을 보고하고 시정조치를 하고자 합니다. ※결함원인: 차량 액세서리로 판매한 정품 분리식 토우볼을 제작사 지침(토우볼을 사용하지 않을 때는 탈거하여 보관하여야 함)에 따라 사용하지 않을 경우 점진적으로 열화되어 제대로 작동하지 않을 가능성이 있음"
(주)재규어랜드로버코리아,레인지로버 스포츠 5.0,2009-06-04,2010-06-24,2025-07-04,"당사에서 수입한‘레인지로버 스포츠, 디스커버리 3 및 디스커버리 4모델에 차량 액세서리로 판매한 정품 분리식 토우볼에 대하여 제작사 지침(토우볼을 사용하지 않을 때는 탈거하여 보관하여야 함)대로 사용하지 않을 시 안전운행에 영향을 줄 가능성이 확인되어 다음과 같이 시정조치 계획을 보고하고 시정조치를 하고자 합니다. ※결함원인: 차량 액세서리로 판매한 정품 분리식 토우볼을 제작사 지침(토우볼을 사용하지 않을 때는 탈거하여 보관하여야 함)에 따라 사용하지 않을 경우 점진적으로 열화되어 제대로 작동하지 않을 가능성이 있음"
(주)재규어랜드로버코리아,레인지로버 스포츠 5.0 SC,2010-04-29,2012-11-14,2025-07-04,"당사에서 수입한‘레인지로버 스포츠, 디스커버리 3 및 디스커버리 4모델에 차량 액세서리로 판매한 정품 분리식 토우볼에 대하여 제작사 지침(토우볼을 사용하지 않을 때는 탈거하여 보관하여야 함)대로 사용하지 않을 시 안전운행에 영향을 줄 가능성이 확인되어 다음과 같이 시정조치 계획을 보고하고 시정조치를 하고자 합니다. ※결함원인: 차량 액세서리로 판매한 정품 분리식 토우볼을 제작사 지침(토우볼을 사용하지 않을 때는 탈거하여 보관하여야 함)에 따라 사용하지 않을 경우 점진적으로 열화되어 제대로 작동하지 않을 가능성이 있음"
(주)재규어랜드로버코리아,레인지로버 스포츠 TDV6,2006-10-17,2009-01-29,2025-07-04,"당사에서 수입한‘레인지로버 스포츠, 디스커버리 3 및 디스커버리 4모델에 차량 액세서리로 판매한 정품 분리식 토우볼에 대하여 제작사 지침(토우볼을 사용하지 않을 때는 탈거하여 보관하여야 함)대로 사용하지 않을 시 안전운행에 영향을 줄 가능성이 확인되어 다음과 같이 시정조치 계획을 보고하고 시정조치를 하고자 합니다. ※결함원인: 차량 액세서리로 판매한 정품 분리식 토우볼을 제작사 지침(토우볼을 사용하지 않을 때는 탈거하여 보관하여야 함)에 따라 사용하지 않을 경우 점진적으로 열화되어 제대로 작동하지 않을 가능성이 있음"
(주)재규어랜드로버코리아,레인지로버 스포츠 V8,2006-11-02,2009-01-29,2025-07-04,"당사에서 수입한‘레인지로버 스포츠, 디스커버리 3 및 디스커버리 4모델에 차량 액세서리로 판매한 정품 분리식 토우볼에 대하여 제작사 지침(토우볼을 사용하지 않을 때는 탈거하여 보관하여야 함)대로 사용하지 않을 시 안전운행에 영향을 줄 가능성이 확인되어 다음과 같이 시정조치 계획을 보고하고 시정조치를 하고자 합니다. ※결함원인: 차량 액세서리로 판매한 정품 분리식 토우볼을 제작사 지침(토우볼을 사용하지 않을 때는 탈거하여 보관하여야 함)에 따라 사용하지 않을 경우 점진적으로 열화되어 제대로 작동하지 않을 가능성이 있음"
(주)재규어랜드로버코리아,레인지로버 스포츠 V8SC,2007-11-14,2007-11-14,2025-07-04,"당사에서 수입한‘레인지로버 스포츠, 디스커버리 3 및 디스커버리 4모델에 차량 액세서리로 판매한 정품 분리식 토우볼에 대하여 제작사 지침(토우볼을 사용하지 않을 때는 탈거하여 보관하여야 함)대로 사용하지 않을 시 안전운행에 영향을 줄 가능성이 확인되어 다음과 같이 시정조치 계획을 보고하고 시정조치를 하고자 합니다. ※결함원인: 차량 액세서리로 판매한 정품 분리식 토우볼을 제작사 지침(토우볼을 사용하지 않을 때는 탈거하여 보관하여야 함)에 따라 사용하지 않을 경우 점진적으로 열화되어 제대로 작동하지 않을 가능성이 있음"
포르쉐코리아 주식회사,파나메라 4,2024-12-19,2025-03-31,2025-07-09,"제조상 결함으로 인해 공차가 발생하면서, 전륜 좌우 에어 서스펜션 스트럿 상단 고정링이 올바르게 장착되지 않았을 가능성이 확인되었습니다."
포르쉐코리아 주식회사,파나메라 4 E-하이브리드,2025-01-07,2025-03-26,2025-07-09,"제조상 결함으로 인해 공차가 발생하면서, 전륜 좌우 에어 서스펜션 스트럿 상단 고정링이 올바르게 장착되지 않았을 가능성이 확인되었습니다."
포르쉐코리아 주식회사,파나메라 GTS,2024-12-19,2025-01-10,2025-07-09,"제조상 결함으로 인해 공차가 발생하면서, 전륜 좌우 에어 서스펜션 스트럿 상단 고정링이 올바르게 장착되지 않았을 가능성이 확인되었습니다."
포르쉐코리아 주식회사,타이칸,2025-03-06,2025-04-29,2025-07-09,"제조상 결함으로 인해 공차가 발생하면서, 전륜 좌우 에어 서스펜션 스트럿 상단 고정링이 올바르게 장착되지 않았을 가능성이 확인되었습니다."
포르쉐코리아 주식회사,타이칸 4,2025-04-02,2025-04-02,2025-07-09,"제조상 결함으로 인해 공차가 발생하면서, 전륜 좌우 에어 서스펜션 스트럿 상단 고정링이 올바르게 장착되지 않았을 가능성이 확인되었습니다."
포르쉐코리아 주식회사,타이칸 4 크로스 투리스모,2025-03-11,2025-04-14,2025-07-09,"제조상 결함으로 인해 공차가 발생하면서, 전륜 좌우 에어 서스펜션 스트럿 상단 고정링이 올바르게 장착되지 않았을 가능성이 확인되었습니다."
포르쉐코리아 주식회사,타이칸 4S,2025-04-03,2025-04-03,2025-07-09,"제조상 결함으로 인해 공차가 발생하면서, 전륜 좌우 에어 서스펜션 스트럿 상단 고정링이 올바르게 장착되지 않았을 가능성이 확인되었습니다."
포르쉐코리아 주식회사,타이칸 GTS,2025-03-28,2025-04-02,2025-07-09,"제조상 결함으로 인해 공차가 발생하면서, 전륜 좌우 에어 서스펜션 스트럿 상단 고정링이 올바르게 장착되지 않았을 가능성이 확인되었습니다."
포르쉐코리아 주식회사,타이칸 터보 S,2025-03-06,2025-03-11,2025-07-09,"제조상 결함으로 인해 공차가 발생하면서, 전륜 좌우 에어 서스펜션 스트럿 상단 고정링이 올바르게 장착되지 않았을 가능성이 확인되었습니다."
현대자동차(주),싼타페 하이브리드(MX5 HEV),2024-04-04,2024-04-04,2025-07-09,싼타페 하이브리드(MX5 HEV) 일부 차량에서 차체 하단 와이어링(배선) 경로 설계 불량으로 인해 2열 시트를 접을 시 와이어링(배선)과 시트 회전 장치가 간섭되어 2열 사이드 에어백 오전개 및 미전개 가능성이 있는 결함 사항이 확인
현대자동차(주),캐스퍼 일렉트릭 (AX1 EV),2024-07-17,2025-03-31,2025-07-10,캐스퍼 일렉트릭(AX1 EV) 일부 차량에서 조수석 하단 운전자 보조 주차 제어기(ADAS PRK ECU) 조립용 차체부 볼트가 노출되어 뒷좌석 승객이 맨발로 탑승시 상해가 발생할 가능성이 있는 결함
혼다코리아(주),PILOT,2023-07-27,2024-11-06,2025-07-11,생산 공정에서 작업자가 브레이크 페달 피벗 핀을 단단히 고정시키지 않아 브레이크 페달이 좌우로 움직일 수 있다.
혼다코리아(주),CB750A,2024-12-16,2025-02-11,2025-07-14,엔진 크랭크케이스에 부착되는 오일 압력 스위치 체결 볼트의 나사부가 제조상의 문제로 인하여 기밀 기능이 저하되어 엔진오일 누유가 발생합니다.
혼다코리아(주),CB1000SP,2024-12-19,2024-12-19,2025-07-14,엔진 크랭크케이스에 부착되는 오일 압력 스위치 체결 볼트의 나사부가 제조상의 문제로 인하여 기밀 기능이 저하되어 엔진오일 누유가 발생합니다.
혼다코리아(주),CMX1100A,2024-12-06,2025-01-20,2025-07-14,엔진 크랭크케이스에 부착되는 오일 압력 스위치 체결 볼트의 나사부가 제조상의 문제로 인하여 기밀 기능이 저하되어 엔진오일 누유가 발생합니다.
혼다코리아(주),CBF125NA,2017-12-21,2024-07-26,2025-07-14,전조등 내부 회로 기판의 전선과 주변 부품의 간섭이 있습니다. 엔진 및 주행 진동으로 인해 기판에 접속하고 있는 단자가 힘을 받게 됩니다.
혼다코리아(주),CBF300NA,2018-03-16,2023-09-16,2025-07-14,전조등 내부 회로 기판의 전선과 주변 부품의 간섭이 있습니다. 엔진 및 주행 진동으로 인해 기판에 접속하고 있는 단자가 힘을 받게 됩니다.
스텔란티스코리아 주식회사,짚그랜드체로키,2022-11-02,2023-08-28,2025-07-15,"블로우모터에 전원을 공급하는 커넥터의 핀이 손상되어 블로우모터가 작동하지 않을 수 있고, 블로우모터가 작동하지 않을 경우, 전면 유리 습기 제거(디프로스트) 기능 작동시에 에어컨/히터 바람이 나오지 않아 전면 유리 습기를 제거할 수 없습니다"
폭스바겐그룹코리아 주식회사,e-tron GT,2021-09-23,2023-06-28,2025-07-17,"특정 기간에 생산된 차량에 장착된 일부 고전압 배터리 모듈의 제조과정의 문제로 인하여, 고전압 배터리 모듈 내부에서 단락이 발생할 가능성이 있습니다."
폭스바겐그룹코리아 주식회사,RS e-tron GT,2021-09-13,2023-02-02,2025-07-17,"특정 기간에 생산된 차량에 장착된 일부 고전압 배터리 모듈의 제조과정의 문제로 인하여, 고전압 배터리 모듈 내부에서 단락이 발생할 가능성이 있습니다."
에프엘오토코리아 유한회사,2025년식 Bronco 2.3L,2025-03-31,2025-04-29,2025-07-17,일부 2025년식 Bronco 차량의 운전석 뒷문에는 규격을 초과하여 생산된 잠금 장치가 장착되어 운전석 뒷문 잠금장치 하우징이 변형되었을 수 있는 가능성이 확인되었습니다. 잠금장치 하우징이 변형된 경우 어린이 보호 안전 잠금장치가 정상적으로 작동하지 않아 실내에서 뒷문이 열려 탑승자의 안전에 지장을 줄 가능성이 있어 제작결함을 시정하고자 합니다.
비엠더블유코리아(주),523d,2023-07-13,2024-01-30,2025-07-17,통합제동장치에 장착된 서보모터 위치센서의 품질 결함으로 인해 신호 장애가 발생할 가능성이 확인되었습니다.
비엠더블유코리아(주),523d xDrive,2023-07-20,2023-10-11,2025-07-17,통합제동장치에 장착된 서보모터 위치센서의 품질 결함으로 인해 신호 장애가 발생할 가능성이 확인되었습니다.
비엠더블유코리아(주),530i xDrive,2023-07-06,2023-12-11,2025-07-17,통합제동장치에 장착된 서보모터 위치센서의 품질 결함으로 인해 신호 장애가 발생할 가능성이 확인되었습니다.
비엠더블유코리아(주),740d xDrive,2022-11-14,2023-09-27,2025-07-17,통합제동장치에 장착된 서보모터 위치센서의 품질 결함으로 인해 신호 장애가 발생할 가능성이 확인되었습니다.
비엠더블유코리아(주),740i,2022-10-13,2023-01-30,2025-07-17,통합제동장치에 장착된 서보모터 위치센서의 품질 결함으로 인해 신호 장애가 발생할 가능성이 확인되었습니다.
비엠더블유코리아(주),740i xDrive,2023-09-01,2023-09-01,2025-07-17,통합제동장치에 장착된 서보모터 위치센서의 품질 결함으로 인해 신호 장애가 발생할 가능성이 확인되었습니다.
비엠더블유코리아(주),i5 eDrive40,2023-09-21,2023-12-08,2025-07-17,통합제동장치에 장착된 서보모터 위치센서의 품질 결함으로 인해 신호 장애가 발생할 가능성이 확인되었습니다.
비엠더블유코리아(주),i7 xDrive60,2023-11-13,2023-11-13,2025-07-17,통합제동장치에 장착된 서보모터 위치센서의 품질 결함으로 인해 신호 장애가 발생할 가능성이 확인되었습니다.
비엠더블유코리아(주),iX2 eDrive20,2024-04-18,2024-04-18,2025-07-17,통합제동장치에 장착된 서보모터 위치센서의 품질 결함으로 인해 신호 장애가 발생할 가능성이 확인되었습니다.
비엠더블유코리아(주),X1 xDrive28i,2022-12-07,2022-12-07,2025-07-17,통합제동장치에 장착된 서보모터 위치센서의 품질 결함으로 인해 신호 장애가 발생할 가능성이 확인되었습니다.
비엠더블유코리아(주),X5 M Competition,2023-04-06,2023-04-06,2025-07-17,통합제동장치에 장착된 서보모터 위치센서의 품질 결함으로 인해 신호 장애가 발생할 가능성이 확인되었습니다.
비엠더블유코리아(주),X5 xDrive30d,2023-07-27,2024-02-27,2025-07-17,통합제동장치에 장착된 서보모터 위치센서의 품질 결함으로 인해 신호 장애가 발생할 가능성이 확인되었습니다.
비엠더블유코리아(주),X5 xDrive40i,2023-05-10,2024-02-15,2025-07-17,통합제동장치에 장착된 서보모터 위치센서의 품질 결함으로 인해 신호 장애가 발생할 가능성이 확인되었습니다.
비엠더블유코리아(주),X5 xDrive50e,2024-01-17,2024-01-17,2025-07-17,통합제동장치에 장착된 서보모터 위치센서의 품질 결함으로 인해 신호 장애가 발생할 가능성이 확인되었습니다.
비엠더블유코리아(주),X6 M Competition,2023-05-13,2023-07-12,2025-07-17,통합제동장치에 장착된 서보모터 위치센서의 품질 결함으로 인해 신호 장애가 발생할 가능성이 확인되었습니다.
비엠더블유코리아(주),X6 xDrive30d M Sport,2023-08-16,2024-03-07,2025-07-17,통합제동장치에 장착된 서보모터 위치센서의 품질 결함으로 인해 신호 장애가 발생할 가능성이 확인되었습니다.
비엠더블유코리아(주),X6 xDrive40d,2023-10-02,2023-10-02,2025-07-17,통합제동장치에 장착된 서보모터 위치센서의 품질 결함으로 인해 신호 장애가 발생할 가능성이 확인되었습니다.
비엠더블유코리아(주),X6 xDrive40i M Sport,2023-04-20,2024-02-15,2025-07-17,통합제동장치에 장착된 서보모터 위치센서의 품질 결함으로 인해 신호 장애가 발생할 가능성이 확인되었습니다.
비엠더블유코리아(주),X7 M60i xDrive,2022-09-13,2023-11-17,2025-07-17,통합제동장치에 장착된 서보모터 위치센서의 품질 결함으로 인해 신호 장애가 발생할 가능성이 확인되었습니다.
비엠더블유코리아(주),X7 xDrive40d,2022-08-15,2024-03-09,2025-07-17,통합제동장치에 장착된 서보모터 위치센서의 품질 결함으로 인해 신호 장애가 발생할 가능성이 확인되었습니다.
비엠더블유코리아(주),X7 xDrive40i,2022-08-17,2024-03-25,2025-07-17,통합제동장치에 장착된 서보모터 위치센서의 품질 결함으로 인해 신호 장애가 발생할 가능성이 확인되었습니다.
비엠더블유코리아(주),XM,2023-02-22,2023-09-28,2025-07-17,통합제동장치에 장착된 서보모터 위치센서의 품질 결함으로 인해 신호 장애가 발생할 가능성이 확인되었습니다.
비엠더블유코리아(주),530e,2024-03-13,2024-03-13,2025-07-17,통합제동장치에 장착된 서보모터 위치센서의 품질 결함으로 인해 신호 장애가 발생할 가능성이 확인되었습니다.
비엠더블유코리아(주),520i,2023-08-31,2024-01-23,2025-07-17,통합제동장치에 장착된 서보모터 위치센서의 품질 결함으로 인해 신호 장애가 발생할 가능성이 확인되었습니다.
대전기계공업(주),Ninja ZX-6R,2023-12-06,2025-05-16,2025-07-21,작업자의 부주의로 크랭크케이스 고정볼트가 규정보다 높은 토크 값으로 체결되었을 가능성이 있습니다.
혼다코리아(주),CMX1100,2022-12-23,2024-07-02,2025-07-21,"부적절한 ECM(엔진 제어 모듈) 프로그래밍으로 인하여, 실제와 저장된 대기압 값의 불일치가 발생합니다. 공연비(공기/연료 혼합비) 이상으로 인해 실화가 발생하고 실린더에 연료 분사가 차단됩니다."
혼다코리아(주),NC750XA,2024-02-28,2024-03-11,2025-07-21,타이어 제조 과정에서 앞타이어의 접지 가장자리의 플라이 코드(타이어 내부 보강 심재)가 잘못 조립되어 압력이 많이 가해지고 끊어집니다.
비엠더블유코리아(주),M1000R,2024-11-26,2024-11-26,2025-07-21,스티어링 댐퍼의 제작 오류로 노즐 니들이 스티어링 댐퍼 내부의 나사 연결부에서 이탈할 수 있을 가능성이 있습니다.
혼다코리아(주),ACCORD,2012-10-18,2013-02-20,2025-07-23,"2021년 2월 ACCORD 1차종 2,799대 대상으로 시행했던 리콜의 대상 확대 건이다. 나. 드라이브 샤프트에 다이나믹 댐퍼를 장착 시 사용되는 접착제가 부적절하여 페인트 코팅에 열화가 가속되어 벗겨질 수 있다. ※ 다이나믹 댐퍼 : 드라이브 샤프트의 진동을 완화하는 장치 다. 강한 염해 지역을 장기간 운행하거나 제설제(염수)가 페인트 코팅이 벗겨진 다이나믹 댐퍼 내부로 침투되면 부식이 발생할 수 있다."
폭스바겐그룹코리아 주식회사,A7 55 TFSI e qu. Premium,2023-05-15,2024-07-23,2025-07-25,"특정 기간 동안 생산/수입된 일부 차량에 탑재된 고전압 배터리의 생산 공정에서 제조 편차가 발생하였을 가능성이 있습니다. 이로 인하여, 셀 양극의 미세 결함 혹은 셀 분리막층에서 국부적인 응력이 발생할 수 있습니다."
메르세데스벤츠코리아(주),EQE 350 4MATIC,2023-04-10,2024-02-28,2025-07-25,"고전압 배터리 관리 시스템의 소프트웨어 오류로 인해 다른 제어 장치들로부터 비정상적으로 많은 양의 데이터를 요청받을 경우, 배터리 관리 시스템에 과부하가 발생할 수 있습니다."
메르세데스벤츠코리아(주),EQE 500 4MATIC,2023-02-15,2023-10-19,2025-07-25,"고전압 배터리 관리 시스템의 소프트웨어 오류로 인해 다른 제어 장치들로부터 비정상적으로 많은 양의 데이터를 요청받을 경우, 배터리 관리 시스템에 과부하가 발생할 수 있습니다."
메르세데스벤츠코리아(주),AMG EQE 53 4MATIC,2023-02-23,2023-02-23,2025-07-25,"고전압 배터리 관리 시스템의 소프트웨어 오류로 인해 다른 제어 장치들로부터 비정상적으로 많은 양의 데이터를 요청받을 경우, 배터리 관리 시스템에 과부하가 발생할 수 있습니다."
메르세데스벤츠코리아(주),EQS 450 4MATIC,2023-08-04,2023-10-26,2025-07-25,"고전압 배터리 관리 시스템의 소프트웨어 오류로 인해 다른 제어 장치들로부터 비정상적으로 많은 양의 데이터를 요청받을 경우, 배터리 관리 시스템에 과부하가 발생할 수 있습니다."
메르세데스벤츠코리아(주),EQS 580 4MATIC,2023-09-01,2023-09-29,2025-07-25,"고전압 배터리 관리 시스템의 소프트웨어 오류로 인해 다른 제어 장치들로부터 비정상적으로 많은 양의 데이터를 요청받을 경우, 배터리 관리 시스템에 과부하가 발생할 수 있습니다."
메르세데스벤츠코리아(주),E 350 4MATIC,2021-02-02,2023-09-27,2025-07-25,엔진 컨트롤 유닛 소프트웨어 개발 공정 오류로 인해 차량이 글라이딩 모드(타력 주행모드)로 주행하다가 글라이딩 모드 종료 시점에 엔진 컨트롤 유닛 소프트웨어가 정상적인 엔진 점화 상태를 오류로 잘못 감지할 수 있습니다. (글라이딩 모드: 연료 효율성을 높이기 위해 설계된 기능으로 운전자가 가속 페달에서 발을 뗄 때 엔진과 변속기가 자동으로 분리되어 타력 주행하는 모드)
에프엘오토코리아 유한회사,2024년식 Bronco 2.7,2024-09-06,2024-09-18,2025-07-31,"일부 2024년식 Bronco 차량은 전륜 완충 장치의 어퍼-암* 볼-조인트* 너트가 제대로 조립되어 있지 않을 가능성이 있습니다. 이런 경우 주행 중 소음이 발생될 수 있으며, 너트가 이탈되는 경우에는 어퍼-암이 분리되어 차량 조향에 영향을 미쳐 사고가 발생할 수 있습니다."
에프엘오토코리아 유한회사,2024년식 Bronco 2.3,2024-09-10,2024-11-13,2025-07-31,"일부 2024년식 Bronco 차량은 전륜 완충 장치의 어퍼-암* 볼-조인트* 너트가 제대로 조립되어 있지 않을 가능성이 있습니다. 이런 경우 주행 중 소음이 발생될 수 있으며, 너트가 이탈되는 경우에는 어퍼-암이 분리되어 차량 조향에 영향을 미쳐 사고가 발생할 수 있습니다."
에프엘오토코리아 유한회사,2025년식 Explore,2024-04-03,2024-09-06,2025-07-31,"2025년식 Explorer 차량은 의도치 않은 PCM (파워트레인 제어 모듈)의 리셋으로 인하여 경고등이 점등되고 동력이 순간적으로 차단되었다 복귀될 수 있습니다. 또한 의도치 않게 차량의 변속 기어가 P(주차)로 적용되어 변속기가 주차 상태로 작동하며, 관련 부품이 파손될 수도 있습니다. 이런 경우 주행중 충돌 사고가 발생되거나 주차 중 차량이 의도치 않게 이동할 수 있는 가능성이"
현대자동차(주),스타리아 카고 (US4),2022-12-09,2025-04-21,2025-07-31,"스타리아 카고(US4), 쏠라티(EU) 일부 차량에서 휠 고정용 너트 체결 작업 불량으로 주행 중 너트 풀림에 의한 휠 이탈 발생 가능성이 있는 결함 사항 확인"
현대자동차(주),쏠라티 (EU),2015-09-29,2025-04-23,2025-07-31,"스타리아 카고(US4), 쏠라티(EU) 일부 차량에서 휠 고정용 너트 체결 작업 불량으로 주행 중 너트 풀림에 의한 휠 이탈 발생 가능성이 있는 결함 사항 확인"
만트럭버스코리아(주),TGL,2023-09-14,2024-02-16,2025-08-01,제조 과정에서 작업자의 실수로 인하여 조향축이 올바르게 조립되지 않았을 수 있습니다.
만트럭버스코리아(주),TGL,2023-12-19,2024-02-22,2025-08-01,제조 과정에서 작업자의 실수로 인하여 조향축이 올바르게 조립되지 않았을 수 있습니다.
만트럭버스코리아(주),TGL,2023-10-25,2024-04-23,2025-08-01,제조 과정에서 작업자의 실수로 인하여 조향축이 올바르게 조립되지 않았을 수 있습니다.
만트럭버스코리아(주),TGL,2024-02-12,2024-04-25,2025-08-01,제조 과정에서 작업자의 실수로 인하여 조향축이 올바르게 조립되지 않았을 수 있습니다.
만트럭버스코리아(주),TGM,2023-09-08,2024-05-07,2025-08-01,제조 과정에서 작업자의 실수로 인하여 조향축이 올바르게 조립되지 않았을 수 있습니다.
만트럭버스코리아(주),TGM,2023-12-13,2024-05-01,2025-08-01,제조 과정에서 작업자의 실수로 인하여 조향축이 올바르게 조립되지 않았을 수 있습니다.
만트럭버스코리아(주),TGM,2023-09-08,2024-05-16,2025-08-01,제조 과정에서 작업자의 실수로 인하여 조향축이 올바르게 조립되지 않았을 수 있습니다.
만트럭버스코리아(주),TGM,2023-12-13,2024-07-18,2025-08-01,제조 과정에서 작업자의 실수로 인하여 조향축이 올바르게 조립되지 않았을 수 있습니다.
만트럭버스코리아(주),TGM,2023-12-11,2024-03-09,2025-08-01,제조 과정에서 작업자의 실수로 인하여 조향축이 올바르게 조립되지 않았을 수 있습니다.
만트럭버스코리아(주),TGM,2024-03-19,2024-03-29,2025-08-01,제조 과정에서 작업자의 실수로 인하여 조향축이 올바르게 조립되지 않았을 수 있습니다.
만트럭버스코리아(주),TGS,2024-03-01,2024-03-04,2025-08-01,제조 과정에서 작업자의 실수로 인하여 조향축이 올바르게 조립되지 않았을 수 있습니다.
만트럭버스코리아(주),TGS,2023-10-11,2023-10-23,2025-08-01,제조 과정에서 작업자의 실수로 인하여 조향축이 올바르게 조립되지 않았을 수 있습니다.
만트럭버스코리아(주),TGS,2024-04-15,2024-08-09,2025-08-01,제조 과정에서 작업자의 실수로 인하여 조향축이 올바르게 조립되지 않았을 수 있습니다.
만트럭버스코리아(주),TGS,2024-05-14,2024-06-24,2025-08-01,제조 과정에서 작업자의 실수로 인하여 조향축이 올바르게 조립되지 않았을 수 있습니다.
만트럭버스코리아(주),TGX,2023-12-18,2023-12-19,2025-08-01,제조 과정에서 작업자의 실수로 인하여 조향축이 올바르게 조립되지 않았을 수 있습니다.
만트럭버스코리아(주),TGX,2024-02-15,2024-02-15,2025-08-01,제조 과정에서 작업자의 실수로 인하여 조향축이 올바르게 조립되지 않았을 수 있습니다.
만트럭버스코리아(주),TGX,2024-06-26,2024-06-27,2025-08-01,제조 과정에서 작업자의 실수로 인하여 조향축이 올바르게 조립되지 않았을 수 있습니다.
만트럭버스코리아(주),TGX,2023-09-27,2024-02-27,2025-08-01,제조 과정에서 작업자의 실수로 인하여 조향축이 올바르게 조립되지 않았을 수 있습니다.
만트럭버스코리아(주),TGX,2024-01-18,2024-05-13,2025-08-01,제조 과정에서 작업자의 실수로 인하여 조향축이 올바르게 조립되지 않았을 수 있습니다.
만트럭버스코리아(주),TGX,2024-02-16,2024-02-22,2025-08-01,제조 과정에서 작업자의 실수로 인하여 조향축이 올바르게 조립되지 않았을 수 있습니다.
만트럭버스코리아(주),TGX,2024-05-08,2024-07-12,2025-08-01,제조 과정에서 작업자의 실수로 인하여 조향축이 올바르게 조립되지 않았을 수 있습니다.
만트럭버스코리아(주),TGX,2023-09-29,2024-02-14,2025-08-01,제조 과정에서 작업자의 실수로 인하여 조향축이 올바르게 조립되지 않았을 수 있습니다.
만트럭버스코리아(주),TGX,2024-04-26,2024-05-02,2025-08-01,제조 과정에서 작업자의 실수로 인하여 조향축이 올바르게 조립되지 않았을 수 있습니다.
만트럭버스코리아(주),TGX,2024-02-13,2024-07-27,2025-08-01,제조 과정에서 작업자의 실수로 인하여 조향축이 올바르게 조립되지 않았을 수 있습니다.
만트럭버스코리아(주),TGX,2024-03-21,2024-08-12,2025-08-01,제조 과정에서 작업자의 실수로 인하여 조향축이 올바르게 조립되지 않았을 수 있습니다.
만트럭버스코리아(주),TGX,2023-11-16,2023-12-28,2025-08-01,제조 과정에서 작업자의 실수로 인하여 조향축이 올바르게 조립되지 않았을 수 있습니다.
만트럭버스코리아(주),TGX,2024-04-15,2024-09-26,2025-08-01,제조 과정에서 작업자의 실수로 인하여 조향축이 올바르게 조립되지 않았을 수 있습니다.
만트럭버스코리아(주),TGX,2024-05-07,2024-08-02,2025-08-01,제조 과정에서 작업자의 실수로 인하여 조향축이 올바르게 조립되지 않았을 수 있습니다.
범한자동차 주식회사,E-SKY 11,2021-06-07,2023-12-13,2025-08-04,「자동차 및 자동차부품의 성능과 기준에 관한 규칙」제 50조(간접시계장치) 전사경의 곡률반경 200mm이상 조건을 불만족하였음
범한자동차 주식회사,E-SKY 9,2021-10-01,2024-09-03,2025-08-04,「자동차 및 자동차부품의 성능과 기준에 관한 규칙」제 50조(간접시계장치) 전사경의 곡률반경 200mm이상 조건을 불만족하였음
범한자동차 주식회사,E-SKY II,2020-11-01,2020-11-01,2025-08-04,「자동차 및 자동차부품의 성능과 기준에 관한 규칙」제 50조(간접시계장치) 전사경의 곡률반경 200mm이상 조건을 불만족하였음
범한자동차 주식회사,E-SKY,2020-05-05,2020-11-01,2025-08-04,「자동차 및 자동차부품의 성능과 기준에 관한 규칙」제 50조(간접시계장치) 전사경의 곡률반경 200mm이상 조건을 불만족하였음
에프엘오토코리아 유한회사,2020-2022년식 Corsair,2019-07-12,2022-08-24,2025-08-06,일부 2020-2023년식 Aviator 및 2020-2022년식 Corsair 차량은 2023년 2월 3일 시행된 리콜번호 2023RIV028 (제작자 관리 번호: 22C35) 결함 시정 조치를 받았습니다. 하지만 일부 차량에서 오디오 컨트롤 모듈이 올바른 소프트웨어 버전으로 업데이트 되지 않은 것으로 확인되었습니다. 그리하여 안전벨트 미착용 경고음이 미국안전기준의 작동 방식*으로 수정되지 않았습니다. 그리하여 제작결함을 다시 시정하고자 합니다. *미국안전기준의 작동 방식: 4초 이상 8초 이하의 구간 동안 연속 또는 간헐적 가청 신호를 활성화하고 안전 벨트 지시에 대한 식별 기호를 운전자가 볼 수 있는 연속 또는 깜박이는 경고등이나 경고표시로 활성화합니다.
에프엘오토코리아 유한회사,2020-2023년식 Aviator 3.0,2019-09-10,2022-12-05,2025-08-06,일부 2020-2023년식 Aviator 및 2020-2022년식 Corsair 차량은 2023년 2월 3일 시행된 리콜번호 2023RIV028 (제작자 관리 번호: 22C35) 결함 시정 조치를 받았습니다. 하지만 일부 차량에서 오디오 컨트롤 모듈이 올바른 소프트웨어 버전으로 업데이트 되지 않은 것으로 확인되었습니다. 그리하여 안전벨트 미착용 경고음이 미국안전기준의 작동 방식*으로 수정되지 않았습니다. 그리하여 제작결함을 다시 시정하고자 합니다. *미국안전기준의 작동 방식: 4초 이상 8초 이하의 구간 동안 연속 또는 간헐적 가청 신호를 활성화하고 안전 벨트 지시에 대한 식별 기호를 운전자가 볼 수 있는 연속 또는 깜박이는 경고등이나 경고표시로 활성화합니다.
에프엘오토코리아 유한회사,2020-2021년식 Aviator PHEV,2020-09-11,2021-01-19,2025-08-06,일부 2020-2023년식 Aviator 및 2020-2022년식 Corsair 차량은 2023년 2월 3일 시행된 리콜번호 2023RIV028 (제작자 관리 번호: 22C35) 결함 시정 조치를 받았습니다. 하지만 일부 차량에서 오디오 컨트롤 모듈이 올바른 소프트웨어 버전으로 업데이트 되지 않은 것으로 확인되었습니다. 그리하여 안전벨트 미착용 경고음이 미국안전기준의 작동 방식*으로 수정되지 않았습니다. 그리하여 제작결함을 다시 시정하고자 합니다. *미국안전기준의 작동 방식: 4초 이상 8초 이하의 구간 동안 연속 또는 간헐적 가청 신호를 활성화하고 안전 벨트 지시에 대한 식별 기호를 운전자가 볼 수 있는 연속 또는 깜박이는 경고등이나 경고표시로 활성화합니다.
에프엘오토코리아 유한회사,2025년식 Ranger Wildtrak,2025-01-22,2025-01-22,2025-08-06,일부 2025년식 Ranger Wildtrak 차량은 운전석 좌석 양쪽 사이드 에어백이 위치가 바뀌어 장착되어 있을 가능성이 있습니다. 이로 인해 충돌 시 운전석 좌석 사이드 에어백이 제대로 전개되지 않아 부상 위험이 증가할 수 있습니다. 이런 경우 국내 자동차 안전 기준 제102조의4(기둥측면충돌 안전성)에 명시된 요구 사항을 충족하지 못할 수 있습니다. 그리하여 제작결함을 시정하고자 합니다.
(유)기흥모터스,HARLEY-DAVIDSON FLHC,2017-06-28,2024-11-27,2025-08-08,리어 서스펜션 조절기의 브라켓이 내구도 부족으로 파손됨.
(유)기흥모터스,HARLEY-DAVIDSON FLHCS,2017-06-28,2024-11-27,2025-08-08,리어 서스펜션 조절기의 브라켓이 내구도 부족으로 파손됨.
(유)기흥모터스,HARLEY-DAVIDSON FLHCS ANV,2017-06-28,2024-11-27,2025-08-08,리어 서스펜션 조절기의 브라켓이 내구도 부족으로 파손됨.
(유)기흥모터스,HARLEY-DAVIDSON FLDE,2017-06-28,2024-11-27,2025-08-08,리어 서스펜션 조절기의 브라켓이 내구도 부족으로 파손됨.
(유)기흥모터스,HARLEY-DAVIDSON FXLRS,2017-06-28,2024-11-27,2025-08-08,리어 서스펜션 조절기의 브라켓이 내구도 부족으로 파손됨.
(유)기흥모터스,HARLEY-DAVIDSON FXLRST,2017-06-28,2024-11-27,2025-08-08,리어 서스펜션 조절기의 브라켓이 내구도 부족으로 파손됨.
(유)기흥모터스,HARLEY-DAVIDSON FXRST,2017-06-28,2024-11-27,2025-08-08,리어 서스펜션 조절기의 브라켓이 내구도 부족으로 파손됨.
(주) 한국모터트레이딩,CZD300-A,2017-04-03,2022-09-17,2025-08-08,"캠샤프트 고정 플레이트의 구조적 설계 미비로 인해, 차량 운행 중 발생하는 엔진의 진동 및 열 팽창으로 고정 볼트가 풀릴 가능성 있음."
(주) 한국모터트레이딩,CZD300-A,2021-01-06,2022-09-29,2025-08-08,"캠샤프트 고정 플레이트의 구조적 설계 미비로 인해, 차량 운행 중 발생하는 엔진의 진동 및 열 팽창으로 고정 볼트가 풀릴 가능성 있음."
혼다코리아(주),EVN4,2020-03-30,2020-03-31,2025-08-08,"차량 프레임 제조 과정에서 용접 비산물 제거 작업이 충분하지 않았습니다. 또한 메인 하네스 내부의 보호 튜브(PVC 튜브)가 도면 사양과 일치하지 않아 전선 보호 성능이 부족한 경우가 있습니다. 위의 조건에서 생산된 부품이 동일한 위치에 조립될 경우, 주행 중 진동 등으로 인하여 하네스의 심선이 조기에 노출될 수 있습니다."
르노코리아(주),SM6,2023-02-07,2023-04-27,2025-08-11,"일부 차량에 장착된 진공펌프 내 체크밸브를 고정하는 스크류가 체결되는 하우징의 나사산 가공 불량으로, 스크류가 이탈되어 진공압이 부족할 가능성이 있음"
르노코리아(주),XM3,2023-01-31,2023-05-10,2025-08-11,"일부 차량에 장착된 진공펌프 내 체크밸브를 고정하는 스크류가 체결되는 하우징의 나사산 가공 불량으로, 스크류가 이탈되어 진공압이 부족할 가능성이 있음"
만트럭버스코리아(주),TGX 트랙터,2024-06-20,2024-09-30,2025-08-11,"시각경고 신호표시에 대한 자동차 안전기준 89조(조향장치),제2항 및 별표6의2에서 정한 기준에 미달되어, 운전자가 조향조정 장치를 잡거나 전자식제어시스템이 수동 또는 자동으로 해제될 때까지 시각경고 신호표시가 활성화 되어야 하는데 스티어링 레버 버튼을 조작하였을 때 시각경고 신호표시가 사라질 수 있는 것을 확인하였습니다."
만트럭버스코리아(주),TGX 트랙터,2024-08-23,2024-10-11,2025-08-11,"시각경고 신호표시에 대한 자동차 안전기준 89조(조향장치),제2항 및 별표6의2에서 정한 기준에 미달되어, 운전자가 조향조정 장치를 잡거나 전자식제어시스템이 수동 또는 자동으로 해제될 때까지 시각경고 신호표시가 활성화 되어야 하는데 스티어링 레버 버튼을 조작하였을 때 시각경고 신호표시가 사라질 수 있는 것을 확인하였습니다."
만트럭버스코리아(주),TGX 트랙터,2024-08-23,2024-10-15,2025-08-11,"시각경고 신호표시에 대한 자동차 안전기준 89조(조향장치),제2항 및 별표6의2에서 정한 기준에 미달되어, 운전자가 조향조정 장치를 잡거나 전자식제어시스템이 수동 또는 자동으로 해제될 때까지 시각경고 신호표시가 활성화 되어야 하는데 스티어링 레버 버튼을 조작하였을 때 시각경고 신호표시가 사라질 수 있는 것을 확인하였습니다."
만트럭버스코리아(주),TGX 트랙터,2024-06-05,2024-06-24,2025-08-11,"시각경고 신호표시에 대한 자동차 안전기준 89조(조향장치),제2항 및 별표6의2에서 정한 기준에 미달되어, 운전자가 조향조정 장치를 잡거나 전자식제어시스템이 수동 또는 자동으로 해제될 때까지 시각경고 신호표시가 활성화 되어야 하는데 스티어링 레버 버튼을 조작하였을 때 시각경고 신호표시가 사라질 수 있는 것을 확인하였습니다."
만트럭버스코리아(주),TGX 트랙터,2024-03-07,2024-10-17,2025-08-11,"시각경고 신호표시에 대한 자동차 안전기준 89조(조향장치),제2항 및 별표6의2에서 정한 기준에 미달되어, 운전자가 조향조정 장치를 잡거나 전자식제어시스템이 수동 또는 자동으로 해제될 때까지 시각경고 신호표시가 활성화 되어야 하는데 스티어링 레버 버튼을 조작하였을 때 시각경고 신호표시가 사라질 수 있는 것을 확인하였습니다."
만트럭버스코리아(주),TGX 트랙터,2024-06-05,2024-06-08,2025-08-11,"시각경고 신호표시에 대한 자동차 안전기준 89조(조향장치),제2항 및 별표6의2에서 정한 기준에 미달되어, 운전자가 조향조정 장치를 잡거나 전자식제어시스템이 수동 또는 자동으로 해제될 때까지 시각경고 신호표시가 활성화 되어야 하는데 스티어링 레버 버튼을 조작하였을 때 시각경고 신호표시가 사라질 수 있는 것을 확인하였습니다."
만트럭버스코리아(주),TGX 트랙터,2024-05-14,2024-08-01,2025-08-11,"시각경고 신호표시에 대한 자동차 안전기준 89조(조향장치),제2항 및 별표6의2에서 정한 기준에 미달되어, 운전자가 조향조정 장치를 잡거나 전자식제어시스템이 수동 또는 자동으로 해제될 때까지 시각경고 신호표시가 활성화 되어야 하는데 스티어링 레버 버튼을 조작하였을 때 시각경고 신호표시가 사라질 수 있는 것을 확인하였습니다."
만트럭버스코리아(주),TGX 트랙터,2024-05-24,2024-10-02,2025-08-11,"시각경고 신호표시에 대한 자동차 안전기준 89조(조향장치),제2항 및 별표6의2에서 정한 기준에 미달되어, 운전자가 조향조정 장치를 잡거나 전자식제어시스템이 수동 또는 자동으로 해제될 때까지 시각경고 신호표시가 활성화 되어야 하는데 스티어링 레버 버튼을 조작하였을 때 시각경고 신호표시가 사라질 수 있는 것을 확인하였습니다."
만트럭버스코리아(주),TGX 카고,2021-02-26,2021-04-27,2025-08-11,"주간주행등에 대한 자동차 안전기준 제38조(주간주행등의 설치 및 광도기준)의4제3호의 작동조건에서 정한 기준에 미달되어, 운전자가 방향지시등을 작동 시킨 후 꺼졌을 때 상호 결합된 주간주행등이 자동으 로 점등되지 않을 수 있는 가능성을 확인하였습니다"
만트럭버스코리아(주),TGX 트랙터,2020-02-19,2022-08-09,2025-08-11,"주간주행등에 대한 자동차 안전기준 제38조(주간주행등의 설치 및 광도기준)의4제3호의 작동조건에서 정한 기준에 미달되어, 운전자가 방향지시등을 작동 시킨 후 꺼졌을 때 상호 결합된 주간주행등이 자동으 로 점등되지 않을 수 있는 가능성을 확인하였습니다"
만트럭버스코리아(주),TGX 트랙터,2020-11-20,2024-02-16,2025-08-11,"주간주행등에 대한 자동차 안전기준 제38조(주간주행등의 설치 및 광도기준)의4제3호의 작동조건에서 정한 기준에 미달되어, 운전자가 방향지시등을 작동 시킨 후 꺼졌을 때 상호 결합된 주간주행등이 자동으 로 점등되지 않을 수 있는 가능성을 확인하였습니다"
만트럭버스코리아(주),TGS 카고,2021-10-22,2022-06-21,2025-08-11,"주간주행등에 대한 자동차 안전기준 제38조(주간주행등의 설치 및 광도기준)의4제3호의 작동조건에서 정한 기준에 미달되어, 운전자가 방향지시등을 작동 시킨 후 꺼졌을 때 상호 결합된 주간주행등이 자동으 로 점등되지 않을 수 있는 가능성을 확인하였습니다"
만트럭버스코리아(주),TGS 카고,2021-01-19,2022-05-25,2025-08-11,"주간주행등에 대한 자동차 안전기준 제38조(주간주행등의 설치 및 광도기준)의4제3호의 작동조건에서 정한 기준에 미달되어, 운전자가 방향지시등을 작동 시킨 후 꺼졌을 때 상호 결합된 주간주행등이 자동으 로 점등되지 않을 수 있는 가능성을 확인하였습니다"
만트럭버스코리아(주),TGS 카고,2020-12-10,2022-08-10,2025-08-11,"주간주행등에 대한 자동차 안전기준 제38조(주간주행등의 설치 및 광도기준)의4제3호의 작동조건에서 정한 기준에 미달되어, 운전자가 방향지시등을 작동 시킨 후 꺼졌을 때 상호 결합된 주간주행등이 자동으 로 점등되지 않을 수 있는 가능성을 확인하였습니다"
만트럭버스코리아(주),TGS 카고,2021-01-14,2022-06-30,2025-08-11,"주간주행등에 대한 자동차 안전기준 제38조(주간주행등의 설치 및 광도기준)의4제3호의 작동조건에서 정한 기준에 미달되어, 운전자가 방향지시등을 작동 시킨 후 꺼졌을 때 상호 결합된 주간주행등이 자동으 로 점등되지 않을 수 있는 가능성을 확인하였습니다"
만트럭버스코리아(주),TGM 카고,2021-12-01,2024-04-06,2025-08-11,"주간주행등에 대한 자동차 안전기준 제38조(주간주행등의 설치 및 광도기준)의4제3호의 작동조건에서 정한 기준에 미달되어, 운전자가 방향지시등을 작동 시킨 후 꺼졌을 때 상호 결합된 주간주행등이 자동으 로 점등되지 않을 수 있는 가능성을 확인하였습니다"
만트럭버스코리아(주),TGM 카고,2021-11-02,2023-12-14,2025-08-11,"주간주행등에 대한 자동차 안전기준 제38조(주간주행등의 설치 및 광도기준)의4제3호의 작동조건에서 정한 기준에 미달되어, 운전자가 방향지시등을 작동 시킨 후 꺼졌을 때 상호 결합된 주간주행등이 자동으 로 점등되지 않을 수 있는 가능성을 확인하였습니다"
만트럭버스코리아(주),TGM 카고,2021-11-22,2023-12-15,2025-08-11,"주간주행등에 대한 자동차 안전기준 제38조(주간주행등의 설치 및 광도기준)의4제3호의 작동조건에서 정한 기준에 미달되어, 운전자가 방향지시등을 작동 시킨 후 꺼졌을 때 상호 결합된 주간주행등이 자동으 로 점등되지 않을 수 있는 가능성을 확인하였습니다"
만트럭버스코리아(주),TGL 카고,2021-10-21,2024-01-31,2025-08-11,"주간주행등에 대한 자동차 안전기준 제38조(주간주행등의 설치 및 광도기준)의4제3호의 작동조건에서 정한 기준에 미달되어, 운전자가 방향지시등을 작동 시킨 후 꺼졌을 때 상호 결합된 주간주행등이 자동으 로 점등되지 않을 수 있는 가능성을 확인하였습니다"
한국지엠주식회사,타호,2021-06-22,2022-11-23,2025-08-13,"엔진의 일부 부품의 제조 품질 문제로 인해 엔진 베어링의 이상 마모가 발생하여 엔진을 손상시킬 가능성을 확인하였고, 이로 인해 주행 중 추진력 상실 및 시동꺼짐 현상이 발생할 가능성이 있음. 엔진 분해 분석 결과 이는 아래 두 가지 제조 품질 원인에 기인함. 1) 커넥팅 로드의 제조 공정상 발생한 이물질에 의한 엔진 베어링 손상 2) 크랭크 샤프트의 제조 품질 문제 (치수 및 표면 마무리)"
한국지엠주식회사,시에라,2022-06-08,2024-05-28,2025-08-13,"엔진의 일부 부품의 제조 품질 문제로 인해 엔진 베어링의 이상 마모가 발생하여 엔진을 손상시킬 가능성을 확인하였고, 이로 인해 주행 중 추진력 상실 및 시동꺼짐 현상이 발생할 가능성이 있음. 엔진 분해 분석 결과 이는 아래 두 가지 제조 품질 원인에 기인함. 1) 커넥팅 로드의 제조 공정상 발생한 이물질에 의한 엔진 베어링 손상 2) 크랭크 샤프트의 제조 품질 문제 (치수 및 표면 마무리)"
지엠아시아퍼시픽지역본부 주식회사,에스컬레이드,2020-11-18,2024-04-11,2025-08-13,"엔진의 일부 부품의 제조 품질 문제로 인해 엔진 베어링의 이상 마모가 발생하여 엔진을 손상시킬 가능성을 확인하였고, 이로 인해 주행 중 추진력 상실 및 시동꺼짐 현상이 발생할 가능성이 있음. 엔진 분해 분석 결과 이는 아래 두 가지 제조 품질 원인에 기인함. 1) 커넥팅 로드의 제조 공정상 발생한 이물질에 의한 엔진 베어링 손상 2) 크랭크 샤프트의 제조 품질 문제 (치수 및 표면 마무리)"
폭스바겐그룹코리아 주식회사,Revuelto,2025-05-19,2025-05-19,2025-08-14,"특정 기간 동안 생산/수입된 일부 차량의 부품 조립 공정의 생산 편차로 인하여, 부품이 올바른 조립 순서대로 생산되지 않았을 가능성이 있습니다. 이로 인하여, 도어 지지 가스 스프링의 고정핀이 느슨해질 가능성이 있습니다."
(주)에프엠케이,페라리 Purosangue,2023-12-01,2025-02-20,2025-08-14,"퓨즈박스 전원 공급 단자와 조수석 발판 브래킷의 조립이 미흡할 경우, 두 부품 간 접촉 가능성"
범한자동차 주식회사,E-STAR 8V1,2022-08-12,2024-12-17,2025-08-14,「자동차 및 자동차부품의 성능과 기준에 관한 규칙」제 50조(간접시계장치) 전사경의 곡률반경 200mm이상 조건을 불만족하였음
범한자동차 주식회사,E-STAR 11,2022-10-01,2025-06-05,2025-08-14,「자동차 및 자동차부품의 성능과 기준에 관한 규칙」제 50조(간접시계장치) 전사경의 곡률반경 200mm이상 조건을 불만족하였음
비엠더블유코리아(주),X3 20 xDrive,2024-08-07,2025-06-17,2025-08-21,뒷좌석 머리지지대 제조 과정에서 머리지지대와 머리지지대 쇠막대를 고정하는 고정핀 삽입구가 이물질로 인해 고정핀이 제대로 장착되지 않았을 가능성이 확인되었습니다.
비엠더블유코리아(주),X3 20d xDrive,2024-08-05,2025-06-17,2025-08-21,뒷좌석 머리지지대 제조 과정에서 머리지지대와 머리지지대 쇠막대를 고정하는 고정핀 삽입구가 이물질로 인해 고정핀이 제대로 장착되지 않았을 가능성이 확인되었습니다.
비엠더블유코리아(주),X3 M50 xDrive,2024-08-19,2025-06-13,2025-08-21,뒷좌석 머리지지대 제조 과정에서 머리지지대와 머리지지대 쇠막대를 고정하는 고정핀 삽입구가 이물질로 인해 고정핀이 제대로 장착되지 않았을 가능성이 확인되었습니다.
비엠더블유코리아(주),i4 eDrive40,2021-11-23,2023-12-13,2025-08-21,구동모터 내 브러시 모듈의 제조 또는 조립 과정에서 유입된 이물질로 인하여 브러시 모듈과 하우징 사이에 전도성 연결을 생성할 수 있습니다.
비엠더블유코리아(주),i4 eDrive40,2022-06-07,2022-06-07,2025-08-21,구동모터 내 브러시 모듈의 제조 또는 조립 과정에서 유입된 이물질로 인하여 브러시 모듈과 하우징 사이에 전도성 연결을 생성할 수 있습니다.
비엠더블유코리아(주),i4 M50,2021-11-22,2023-12-08,2025-08-21,구동모터 내 브러시 모듈의 제조 또는 조립 과정에서 유입된 이물질로 인하여 브러시 모듈과 하우징 사이에 전도성 연결을 생성할 수 있습니다.
비엠더블유코리아(주),i5 eDrive40,2022-07-29,2023-12-13,2025-08-21,구동모터 내 브러시 모듈의 제조 또는 조립 과정에서 유입된 이물질로 인하여 브러시 모듈과 하우징 사이에 전도성 연결을 생성할 수 있습니다.
비엠더블유코리아(주),i5 M60 xDrive,2023-06-27,2023-12-13,2025-08-21,구동모터 내 브러시 모듈의 제조 또는 조립 과정에서 유입된 이물질로 인하여 브러시 모듈과 하우징 사이에 전도성 연결을 생성할 수 있습니다.
비엠더블유코리아(주),i5 M60 xDrive,2023-09-13,2023-09-13,2025-08-21,구동모터 내 브러시 모듈의 제조 또는 조립 과정에서 유입된 이물질로 인하여 브러시 모듈과 하우징 사이에 전도성 연결을 생성할 수 있습니다.
비엠더블유코리아(주),i7 eDrive50,2023-06-30,2023-12-11,2025-08-21,구동모터 내 브러시 모듈의 제조 또는 조립 과정에서 유입된 이물질로 인하여 브러시 모듈과 하우징 사이에 전도성 연결을 생성할 수 있습니다.
비엠더블유코리아(주),i7 M70 xDrive,2023-07-28,2023-11-07,2025-08-21,구동모터 내 브러시 모듈의 제조 또는 조립 과정에서 유입된 이물질로 인하여 브러시 모듈과 하우징 사이에 전도성 연결을 생성할 수 있습니다.
비엠더블유코리아(주),i7 xDrive60,2022-02-15,2023-12-11,2025-08-21,구동모터 내 브러시 모듈의 제조 또는 조립 과정에서 유입된 이물질로 인하여 브러시 모듈과 하우징 사이에 전도성 연결을 생성할 수 있습니다.
비엠더블유코리아(주),i7 xDrive60,2023-11-29,2023-11-29,2025-08-21,구동모터 내 브러시 모듈의 제조 또는 조립 과정에서 유입된 이물질로 인하여 브러시 모듈과 하우징 사이에 전도성 연결을 생성할 수 있습니다.
비엠더블유코리아(주),iX M60,2022-03-29,2023-12-08,2025-08-21,구동모터 내 브러시 모듈의 제조 또는 조립 과정에서 유입된 이물질로 인하여 브러시 모듈과 하우징 사이에 전도성 연결을 생성할 수 있습니다.
비엠더블유코리아(주),iX xDrive40,2021-08-02,2023-07-03,2025-08-21,구동모터 내 브러시 모듈의 제조 또는 조립 과정에서 유입된 이물질로 인하여 브러시 모듈과 하우징 사이에 전도성 연결을 생성할 수 있습니다.
비엠더블유코리아(주),iX xDrive40,2023-02-10,2023-02-10,2025-08-21,구동모터 내 브러시 모듈의 제조 또는 조립 과정에서 유입된 이물질로 인하여 브러시 모듈과 하우징 사이에 전도성 연결을 생성할 수 있습니다.
비엠더블유코리아(주),iX xDrive50,2020-09-01,2023-12-12,2025-08-21,구동모터 내 브러시 모듈의 제조 또는 조립 과정에서 유입된 이물질로 인하여 브러시 모듈과 하우징 사이에 전도성 연결을 생성할 수 있습니다.
비엠더블유코리아(주),iX xDrive50,2023-07-19,2023-07-19,2025-08-21,구동모터 내 브러시 모듈의 제조 또는 조립 과정에서 유입된 이물질로 인하여 브러시 모듈과 하우징 사이에 전도성 연결을 생성할 수 있습니다.
비엠더블유코리아(주),iX1 xDrive30,2022-11-08,2023-12-14,2025-08-21,구동모터 내 브러시 모듈의 제조 또는 조립 과정에서 유입된 이물질로 인하여 브러시 모듈과 하우징 사이에 전도성 연결을 생성할 수 있습니다.
비엠더블유코리아(주),iX3 M Sport,2021-06-09,2024-10-31,2025-08-21,구동모터 내 브러시 모듈의 제조 또는 조립 과정에서 유입된 이물질로 인하여 브러시 모듈과 하우징 사이에 전도성 연결을 생성할 수 있습니다.
비엠더블유코리아(주),BMW 320i,2025-01-08,2025-01-08,2025-08-21,차량 생산과정에서 48V 스타터 발전기와 배터리의 양극 케이블 연결부의 슬리브가 부정확한 압력으로 장착되었을 가능성이 확인되었습니다.
비엠더블유코리아(주),BMW 420i Convertible,2024-07-31,2024-07-31,2025-08-21,차량 생산과정에서 48V 스타터 발전기와 배터리의 양극 케이블 연결부의 슬리브가 부정확한 압력으로 장착되었을 가능성이 확인되었습니다.
비엠더블유코리아(주),BMW 520i,2024-12-11,2025-01-28,2025-08-21,차량 생산과정에서 48V 스타터 발전기와 배터리의 양극 케이블 연결부의 슬리브가 부정확한 압력으로 장착되었을 가능성이 확인되었습니다.
비엠더블유코리아(주),BMW 530i xDrive,2023-10-06,2025-01-28,2025-08-21,차량 생산과정에서 48V 스타터 발전기와 배터리의 양극 케이블 연결부의 슬리브가 부정확한 압력으로 장착되었을 가능성이 확인되었습니다.
비엠더블유코리아(주),BMW X3 20 xDrive,2024-09-12,2025-02-06,2025-08-21,차량 생산과정에서 48V 스타터 발전기와 배터리의 양극 케이블 연결부의 슬리브가 부정확한 압력으로 장착되었을 가능성이 확인되었습니다.
비엠더블유코리아(주),BMW X3 20d xDrive,2025-02-11,2025-02-11,2025-08-21,차량 생산과정에서 48V 스타터 발전기와 배터리의 양극 케이블 연결부의 슬리브가 부정확한 압력으로 장착되었을 가능성이 확인되었습니다.
에프엘오토코리아 유한회사,2022년식 Nautilus,2021-10-13,2021-10-14,2025-08-25,"일부 2022년식 Nautilus, 2021-2022년식 Aviator 3.0/PHEV, 및 2021년식 Explorer 3.0/PHEV 차량에서 엔진 흡기 밸브*가 손상될 가능성이 확인되었습니다. 흡기 밸브가 손상될 경우 계기판에 엔진 경고등이 켜지고 엔진에 부조가 발생되거나, 심한 경우 엔진 작동이 멈출 수 있습니다. 주행 중 엔진 작동이 멈추는 경우 사고가 발생할 수 있습니다. 그리하여 제작결함을 시정하고자 합니다. *흡기 밸브: 실린더 상단에 위치하는 밸브로서 흡입 행정 시 공기 흡입을 위해 개방되고 나머지 압축, 폭발, 배기 행정 구간에서는 닫혀있는 밸브."
에프엘오토코리아 유한회사,2021-2022년식 Aviator 3.0,2021-06-07,2021-10-29,2025-08-25,"일부 2022년식 Nautilus, 2021-2022년식 Aviator 3.0/PHEV, 및 2021년식 Explorer 3.0/PHEV 차량에서 엔진 흡기 밸브*가 손상될 가능성이 확인되었습니다. 흡기 밸브가 손상될 경우 계기판에 엔진 경고등이 켜지고 엔진에 부조가 발생되거나, 심한 경우 엔진 작동이 멈출 수 있습니다. 주행 중 엔진 작동이 멈추는 경우 사고가 발생할 수 있습니다. 그리하여 제작결함을 시정하고자 합니다. *흡기 밸브: 실린더 상단에 위치하는 밸브로서 흡입 행정 시 공기 흡입을 위해 개방되고 나머지 압축, 폭발, 배기 행정 구간에서는 닫혀있는 밸브."
에프엘오토코리아 유한회사,2021-2022년식 Aviator PHEV,2021-06-15,2021-09-27,2025-08-25,"일부 2022년식 Nautilus, 2021-2022년식 Aviator 3.0/PHEV, 및 2021년식 Explorer 3.0/PHEV 차량에서 엔진 흡기 밸브*가 손상될 가능성이 확인되었습니다. 흡기 밸브가 손상될 경우 계기판에 엔진 경고등이 켜지고 엔진에 부조가 발생되거나, 심한 경우 엔진 작동이 멈출 수 있습니다. 주행 중 엔진 작동이 멈추는 경우 사고가 발생할 수 있습니다. 그리하여 제작결함을 시정하고자 합니다. *흡기 밸브: 실린더 상단에 위치하는 밸브로서 흡입 행정 시 공기 흡입을 위해 개방되고 나머지 압축, 폭발, 배기 행정 구간에서는 닫혀있는 밸브."
에프엘오토코리아 유한회사,2021년식 Explorer 3.0,2021-06-22,2021-10-31,2025-08-25,"일부 2022년식 Nautilus, 2021-2022년식 Aviator 3.0/PHEV, 및 2021년식 Explorer 3.0/PHEV 차량에서 엔진 흡기 밸브*가 손상될 가능성이 확인되었습니다. 흡기 밸브가 손상될 경우 계기판에 엔진 경고등이 켜지고 엔진에 부조가 발생되거나, 심한 경우 엔진 작동이 멈출 수 있습니다. 주행 중 엔진 작동이 멈추는 경우 사고가 발생할 수 있습니다. 그리하여 제작결함을 시정하고자 합니다. *흡기 밸브: 실린더 상단에 위치하는 밸브로서 흡입 행정 시 공기 흡입을 위해 개방되고 나머지 압축, 폭발, 배기 행정 구간에서는 닫혀있는 밸브."
에프엘오토코리아 유한회사,2021년식 Explorer PHEV,2021-06-11,2021-09-23,2025-08-25,"일부 2022년식 Nautilus, 2021-2022년식 Aviator 3.0/PHEV, 및 2021년식 Explorer 3.0/PHEV 차량에서 엔진 흡기 밸브*가 손상될 가능성이 확인되었습니다. 흡기 밸브가 손상될 경우 계기판에 엔진 경고등이 켜지고 엔진에 부조가 발생되거나, 심한 경우 엔진 작동이 멈출 수 있습니다. 주행 중 엔진 작동이 멈추는 경우 사고가 발생할 수 있습니다. 그리하여 제작결함을 시정하고자 합니다. *흡기 밸브: 실린더 상단에 위치하는 밸브로서 흡입 행정 시 공기 흡입을 위해 개방되고 나머지 압축, 폭발, 배기 행정 구간에서는 닫혀있는 밸브."
에프엘오토코리아 유한회사,2024년식 Nautilus,2023-09-15,2024-07-08,2025-08-25,"일부 2024년식 Nautilus 차량은 멀티미디어 소프트웨어 문제로 인해 디스플레이(화면) 시스템이 예기치 않게 재부팅되거나 기타 성능 문제가 발생할 수 있습니다. 이런 경우 운전 중 3개의 디스플레이 중 하나 이상의 화면이 재부팅(3~6초) 될 수 있습니다. 운전 중 좌측 디스플레이(계기판)가 재부팅되면 운전자는 재부팅이 되는 동안 차량 속도, 기어 선택, 경고등, 작동표시 또는 어라운드 뷰 카메라 화면과 같은 중요한 차량 정보를 볼 수 없어 사고가 발생될 가능성이 있습니다."
에프엘오토코리아 유한회사,2019년식 Mustang 5.0,2019-02-18,2019-08-02,2025-08-25,"일부 2018-2020년식 Mustang 차량의 조향 기어에는 기본 및 보조 2개의 조향 토크 센서*가 장착되어 있습니다. 하지만, 일부 차량에 대하여 수리 시 보조 조향 토크 센서의 일부 기능이 잘못 설정된 조향 기어 부품이 장착되었을 수 있습니다. 이런 경우 기본 조향 토크 센서가 정상 작동될 때는 문제가 없지만, 기본 조향 토크 센서에 오류 또는 결함이 발생된 경우에는 조향 시 경고 없이 조향 휠에 좌우 진동이 발생될 수 있습니다. 이로 인해 조향력이 저하되어 사고가 발생될 가능성이 있습니다. 그리하여 제작결함을 시정하고자 합니다. *조향 토크 센서: 차량 하부에 파워 조향 기어 어셈블리 내부에 위치하며 조향 휠과 파워 조향 기어 어셈블리 내부의 피니언 기어를 연결하는 축의 회전 토크를 측정하는 센서 *제작결함시정조치 배경 설명: 2024년 10월 22일 보고드린 제작자 리콜 관리번호 24S44(리콜번호: 2024RIV282)와 연관됩니다. 24S44 리콜은 생산 시에 잘못된 조향 기어가 장착되었을 수 있는 차량 대상이었으며, 해당 제작결함시정조치는 운행 중 수리를 위하여 조향 기어를 교체한 건들 중에 교환 부품으로 잘못된 조향 기어가 장착되었을 수 있는 차량을 대상으로 진행하는 제작결함시정조치 입니다. 그리고 해당 제작결함시정계획은 2024년 10월 22일 보고드린 제작자 리콜 관리번호 24S45(리콜번호: 2024RIV283)에 대상 차량이 추가로 확인되어 진행하는 내용입니다. 하지만 2019-2020년식 Mustang 차량은 구형 진단기를 사용하기 때문에 별도의 소프트웨어를 개발중 입니다."
에프엘오토코리아 유한회사,2018-2020년식 Mustang 2.3,2018-01-23,2020-06-17,2025-08-25,"일부 2018-2020년식 Mustang 차량의 조향 기어에는 기본 및 보조 2개의 조향 토크 센서*가 장착되어 있습니다. 하지만, 일부 차량에 대하여 수리 시 보조 조향 토크 센서의 일부 기능이 잘못 설정된 조향 기어 부품이 장착되었을 수 있습니다. 이런 경우 기본 조향 토크 센서가 정상 작동될 때는 문제가 없지만, 기본 조향 토크 센서에 오류 또는 결함이 발생된 경우에는 조향 시 경고 없이 조향 휠에 좌우 진동이 발생될 수 있습니다. 이로 인해 조향력이 저하되어 사고가 발생될 가능성이 있습니다. 그리하여 제작결함을 시정하고자 합니다. *조향 토크 센서: 차량 하부에 파워 조향 기어 어셈블리 내부에 위치하며 조향 휠과 파워 조향 기어 어셈블리 내부의 피니언 기어를 연결하는 축의 회전 토크를 측정하는 센서 *제작결함시정조치 배경 설명: 2024년 10월 22일 보고드린 제작자 리콜 관리번호 24S44(리콜번호: 2024RIV282)와 연관됩니다. 24S44 리콜은 생산 시에 잘못된 조향 기어가 장착되었을 수 있는 차량 대상이었으며, 해당 제작결함시정조치는 운행 중 수리를 위하여 조향 기어를 교체한 건들 중에 교환 부품으로 잘못된 조향 기어가 장착되었을 수 있는 차량을 대상으로 진행하는 제작결함시정조치 입니다. 그리고 해당 제작결함시정계획은 2024년 10월 22일 보고드린 제작자 리콜 관리번호 24S45(리콜번호: 2024RIV283)에 대상 차량이 추가로 확인되어 진행하는 내용입니다. 하지만 2019-2020년식 Mustang 차량은 구형 진단기를 사용하기 때문에 별도의 소프트웨어를 개발중 입니다."
에프엘오토코리아 유한회사,2020년식 Mustang 2.3,2020-06-12,2020-06-12,2025-08-25,"일부 2018-2020년식 Mustang 차량의 조향 기어에는 기본 및 보조 2개의 조향 토크 센서*가 장착되어 있습니다. 하지만, 일부 차량에 대하여 수리 시 보조 조향 토크 센서의 일부 기능이 잘못 설정된 조향 기어 부품이 장착되었을 수 있습니다. 이런 경우 기본 조향 토크 센서가 정상 작동될 때는 문제가 없지만, 기본 조향 토크 센서에 오류 또는 결함이 발생된 경우에는 조향 시 경고 없이 조향 휠에 좌우 진동이 발생될 수 있습니다. 이로 인해 조향력이 저하되어 사고가 발생될 가능성이 있습니다. 그리하여 제작결함을 시정하고자 합니다. *조향 토크 센서: 차량 하부에 파워 조향 기어 어셈블리 내부에 위치하며 조향 휠과 파워 조향 기어 어셈블리 내부의 피니언 기어를 연결하는 축의 회전 토크를 측정하는 센서 *제작결함시정조치 배경 설명: 2024년 10월 22일 보고드린 제작자 리콜 관리번호 24S44(리콜번호: 2024RIV282)와 연관됩니다. 24S44 리콜은 생산 시에 잘못된 조향 기어가 장착되었을 수 있는 차량 대상이었으며, 해당 제작결함시정조치는 운행 중 수리를 위하여 조향 기어를 교체한 건들 중에 교환 부품으로 잘못된 조향 기어가 장착되었을 수 있는 차량을 대상으로 진행하는 제작결함시정조치 입니다. 그리고 해당 제작결함시정계획은 2024년 10월 22일 보고드린 제작자 리콜 관리번호 24S45(리콜번호: 2024RIV283)에 대상 차량이 추가로 확인되어 진행하는 내용입니다. 하지만 2019-2020년식 Mustang 차량은 구형 진단기를 사용하기 때문에 별도의 소프트웨어를 개발중 입니다."
스텔란티스코리아 주식회사,Peugeot 308 Smart Hybrid,2024-04-02,2025-04-17,2025-08-25,"2024년 ~ 2025년식 Peugeot 308 Smart Hybrid, Peugeot 408 Smart Hybrid, Peugeot 3008 Smart Hybrid, Peugeot 5008 Smart Hybrid 차량은 차량 조립 과정에서 연료고압펌프와 커먼 레일 사이의 너트 조립 불량이 확인되었습니다."
스텔란티스코리아 주식회사,Peugeot 408 Smart Hybrid,2024-04-02,2025-04-17,2025-08-25,"2024년 ~ 2025년식 Peugeot 308 Smart Hybrid, Peugeot 408 Smart Hybrid, Peugeot 3008 Smart Hybrid, Peugeot 5008 Smart Hybrid 차량은 차량 조립 과정에서 연료고압펌프와 커먼 레일 사이의 너트 조립 불량이 확인되었습니다."
스텔란티스코리아 주식회사,Peugeot 3008 Smart Hybrid,2023-07-26,2025-04-24,2025-08-25,"2024년 ~ 2025년식 Peugeot 308 Smart Hybrid, Peugeot 408 Smart Hybrid, Peugeot 3008 Smart Hybrid, Peugeot 5008 Smart Hybrid 차량은 차량 조립 과정에서 연료고압펌프와 커먼 레일 사이의 너트 조립 불량이 확인되었습니다."
스텔란티스코리아 주식회사,Peugeot 5008 Smart Hybrid,2023-12-05,2025-04-22,2025-08-25,"2024년 ~ 2025년식 Peugeot 308 Smart Hybrid, Peugeot 408 Smart Hybrid, Peugeot 3008 Smart Hybrid, Peugeot 5008 Smart Hybrid 차량은 차량 조립 과정에서 연료고압펌프와 커먼 레일 사이의 너트 조립 불량이 확인되었습니다."
지엠아시아퍼시픽지역본부 주식회사,CT6,2018-07-18,2019-11-02,2025-08-29,자동변속기 유압 제어 장치 내부가 시간이 지남에 따라 마모된 경우 오일 누유로 인한 압력 저하로 밸브가 의도하지 않게 오작동하여 주행 중 변속 충격 및 드물게 순간적인 바퀴잠김 현상이 발생할 가능성이 있음.
메르세데스벤츠코리아(주),EQC 400 4MATIC,2019-03-19,2019-10-23,2025-08-29,개발 과정 오류로 인하여 고전압 배터리 하우징이 사양에 맞지 않게 제작되었을 수 있습니다.
에프엘오토코리아 유한회사,2020년식 Aviator PHEV,2020-02-12,2020-07-08,2025-09-05,"일부 2020년식 Explorer, Aviator 차량에서 일부 좌석의 안전벨트 버클 고정 볼트가 제대로 조립되지 않았을 수 있는 가능성이 확인되었습니다. 이런 경우 충돌 사고 발생 시 안전벨트 시스템이 승객을 올바로 고정하지 못해 부상 위험이 커질 수 있어 제작결함을 시정하고자 합니다."
에프엘오토코리아 유한회사,2020년식 Explorer,2019-05-09,2020-07-11,2025-09-05,"일부 2020년식 Explorer, Aviator 차량에서 일부 좌석의 안전벨트 버클 고정 볼트가 제대로 조립되지 않았을 수 있는 가능성이 확인되었습니다. 이런 경우 충돌 사고 발생 시 안전벨트 시스템이 승객을 올바로 고정하지 못해 부상 위험이 커질 수 있어 제작결함을 시정하고자 합니다."
에프엘오토코리아 유한회사,2020년식 Explorer PHEV,2019-12-02,2020-06-10,2025-09-05,"일부 2020년식 Explorer, Aviator 차량에서 일부 좌석의 안전벨트 버클 고정 볼트가 제대로 조립되지 않았을 수 있는 가능성이 확인되었습니다. 이런 경우 충돌 사고 발생 시 안전벨트 시스템이 승객을 올바로 고정하지 못해 부상 위험이 커질 수 있어 제작결함을 시정하고자 합니다."
에프엘오토코리아 유한회사,2020년식 Aviator,2019-08-29,2020-07-10,2025-09-05,"일부 2020년식 Explorer, Aviator 차량에서 일부 좌석의 안전벨트 버클 고정 볼트가 제대로 조립되지 않았을 수 있는 가능성이 확인되었습니다. 이런 경우 충돌 사고 발생 시 안전벨트 시스템이 승객을 올바로 고정하지 못해 부상 위험이 커질 수 있어 제작결함을 시정하고자 합니다."
현대자동차(주),팰리세이드(LX3),2025-01-02,2025-07-01,2025-09-05,"팰리세이드(LX3), 팰리세이드HEV (LX3 HEV) 일부 차량에서 휠 고정용 너트 체결 작업 불량으로 주행 중 너트 풀림에 의한 휠 이탈 발생 가능성이 있는 결함 사항 확인"
현대자동차(주),팰리세이드 하이브리드(LX3 HEV),2025-04-11,2025-06-30,2025-09-05,"팰리세이드(LX3), 팰리세이드HEV (LX3 HEV) 일부 차량에서 휠 고정용 너트 체결 작업 불량으로 주행 중 너트 풀림에 의한 휠 이탈 발생 가능성이 있는 결함 사항 확인"
현대자동차(주),포터II 일렉트릭(HR EV),2022-06-13,2024-02-27,2025-09-05,"일부 차량에서 고전압배터리 케이스 사후관리용 부품 불량으로 인해 프로펠러 샤프트와 케이스 간의 간섭 부위가 절삭되지 않은 부품이 장착되어, 프로펠러 샤프트에 충격 피로 누적 시 파손 및 동력 전달 불가로 차량 멈춤 가능성이 있는 결함"
스텔란티스코리아 주식회사,짚랭글러,2023-07-19,2024-12-18,2025-09-05,"2024~2025년식 짚랭글러 승용자동차 관련하여, 좌측 뒷좌석 안전벨트 리트랙터 브라켓과 그 아래 위치한 원격 시동 안테나 케이블을 고정하는 과정에 원격 시동 안테나의 케이블이 안전벨트 리트랙터 브라켓에 눌린 채 조립될 수 있음을 확인하였습니다"
주식회사 이누리,OK1KOOROO PRO,2025-03-01,2025-06-12,2025-09-10,제작 결함이 있는 구조 장치: 조종장치 (조작스위치) 제작결함의 원인: 방수 미흡 (일부 부품이 제조상의 문제로 방수처리가 미흡하여 폭우등의 과도한 상황이나 조건에서 빗물이 유입되어 오작동 및 미작동의 가능성이 있음)
디앤에이모터스 주식회사,UHR125,2022-04-04,2023-09-21,2025-09-10,"제작결함이 있는 구조· 장치 : 동력장치(ACGenerator 홀센서) ※ ACGenerator 홀센서 부품 설명 : 엔진의 크랭크샤프트 회전 위치를 감지하여 엔진제어유닛(ECU)에 정보를 전달하여 점화시기, 연료분사량 및 타이밍, 엔진 시동, 발전 기능을 제어함 2. 제작결함의 원인 : 동력장치 중 ACGenerator 홀센서 부품의 제조 공정 과정 중 센서 솔더링 공정과 에폭시 몰딩 공정에서 일부 불량 가능성이 있어 시동꺼짐의 원인이 될 가능성 있음 ※ 제조 공정 설명 1)웨이브 솔더링 공정 : PCB(인쇄 회로 기판)의 대량 제조 중 사용되는 일종의 납땜 공정 플럭스 분사 공정(기판의 세척 및 산화방지) → 예열 공정(열충격 방지, 플럭스 기화) → 웨이브 납땜(기판이 액화 납 위를 지나가면서 자동 납땜되는 공정) 2) 에폭시 몰딩 공정 :완성된 PCB 기판을 충격 보호, 방수·방진 목적을 위해 에폭시 수지를 도포하는 공정 에폭시 수지 도포 공정 → 고온 후처리 공정(에폭시 수지 고체화)"
메르세데스벤츠코리아(주),AMG EQE 53 4MATIC+,2023-03-30,2023-04-14,2025-09-12,생산 과정 편차로 인해 스티어링 커플링의 볼트가 의도한대로 체결되지 않았을 수 있습니다.
메르세데스벤츠코리아(주),AMG GLC 43 4MATIC Coupe,2024-03-06,2025-07-04,2025-09-12,생산 과정 편차로 인해 스티어링 커플링의 볼트가 의도한대로 체결되지 않았을 수 있습니다.
메르세데스벤츠코리아(주),AMG GLC 43 4MATIC,2024-01-10,2025-04-08,2025-09-12,생산 과정 편차로 인해 스티어링 커플링의 볼트가 의도한대로 체결되지 않았을 수 있습니다.
메르세데스벤츠코리아(주),C 200,2023-11-08,2024-03-28,2025-09-12,생산 과정 편차로 인해 스티어링 커플링의 볼트가 의도한대로 체결되지 않았을 수 있습니다.
메르세데스벤츠코리아(주),EQE 300,2022-09-02,2023-01-24,2025-09-12,생산 과정 편차로 인해 스티어링 커플링의 볼트가 의도한대로 체결되지 않았을 수 있습니다.
메르세데스벤츠코리아(주),EQE 350 4MATIC,2022-04-29,2023-11-02,2025-09-12,생산 과정 편차로 인해 스티어링 커플링의 볼트가 의도한대로 체결되지 않았을 수 있습니다.
메르세데스벤츠코리아(주),EQE 350+,2022-05-30,2023-11-10,2025-09-12,생산 과정 편차로 인해 스티어링 커플링의 볼트가 의도한대로 체결되지 않았을 수 있습니다.
메르세데스벤츠코리아(주),GLC 220 d 4MATIC,2023-04-03,2025-07-11,2025-09-12,생산 과정 편차로 인해 스티어링 커플링의 볼트가 의도한대로 체결되지 않았을 수 있습니다.
메르세데스벤츠코리아(주),GLC 300 4MATIC Coupe,2023-09-20,2025-07-16,2025-09-12,생산 과정 편차로 인해 스티어링 커플링의 볼트가 의도한대로 체결되지 않았을 수 있습니다.
메르세데스벤츠코리아(주),GLC 300 4MATIC,2023-05-12,2025-06-30,2025-09-12,생산 과정 편차로 인해 스티어링 커플링의 볼트가 의도한대로 체결되지 않았을 수 있습니다.
현대자동차(주),팰리세이드(LX3),2024-12-24,2025-07-19,2025-09-16,"일부 차량에서 전방 후드 래치 설계 미흡으로 인해 과속방지턱을 주행할 경우 전방 후드 열림 현상이 발생할 수 있으며, 전방 시야 확보가 불가하여 주행 안정성 저하 가능성이 있는 결함"
현대자동차(주),팰리세이드 하이브리드(LX3 HEV),2025-03-21,2025-07-18,2025-09-16,"일부 차량에서 전방 후드 래치 설계 미흡으로 인해 과속방지턱을 주행할 경우 전방 후드 열림 현상이 발생할 수 있으며, 전방 시야 확보가 불가하여 주행 안정성 저하 가능성이 있는 결함"
볼보트럭코리아(주),FH 트랙터,2009-06-25,2014-01-08,2025-09-19,"가변축 스위치가 자동모드에 있을 경우, 구동축에 걸리는 하중이 10톤을 초과하여 가변축의 자동하강 기능이 작동할 가능성이 있음"
볼보트럭코리아(주),FM 트랙터,2012-01-25,2014-03-06,2025-09-19,"가변축 스위치가 자동모드에 있을 경우, 구동축에 걸리는 하중이 10톤을 초과하여 가변축의 자동하강 기능이 작동할 가능성이 있음"
볼보트럭코리아(주),FM 트랙터,2009-06-15,2013-12-17,2025-09-19,"가변축 스위치가 자동모드에 있을 경우, 구동축에 걸리는 하중이 10톤을 초과하여 가변축의 자동하강 기능이 작동할 가능성이 있음"
기아 주식회사,EV3,2025-07-01,2025-07-09,2025-09-24,"기아㈜에서는 EV3(SV), EV4(CT) 일부 차량에서 차량 내부 A필러(LH) 트림 테더클립 미체결로 인한 들뜸으로 커튼 에어백 전개 시 A필러(LH) 트림이 이탈되어 고객 상해 발생 가능성이 있는 결함이 확인되어 제작결함시정을 하고자 함 (결함인지일 : ‘25. 8. 29) ※ 테더클립 : 커튼에어백 전개 시 A필러 트림이 완전히 이탈되지 않고 적당히 열리면서 커튼 에어백만 전개 될 수 있도록 하는 장치"
기아 주식회사,EV4,2025-07-01,2025-07-08,2025-09-24,"기아㈜에서는 EV3(SV), EV4(CT) 일부 차량에서 차량 내부 A필러(LH) 트림 테더클립 미체결로 인한 들뜸으로 커튼 에어백 전개 시 A필러(LH) 트림이 이탈되어 고객 상해 발생 가능성이 있는 결함이 확인되어 제작결함시정을 하고자 함 (결함인지일 : ‘25. 8. 29) ※ 테더클립 : 커튼에어백 전개 시 A필러 트림이 완전히 이탈되지 않고 적당히 열리면서 커튼 에어백만 전개 될 수 있도록 하는 장치"
에프엘오토코리아 유한회사,2025년식 Bronco,2025-03-31,2025-06-11,2025-09-25,"2025년식 Bronco 및 Ranger Wildtrak 차량에서 주행 중 잠시동안 전자식 *브레이크 부스트 기능이 작동되지 않을 수 있습니다. 해당 기능이 상실되는 경우, 브레이크 페달 감각 변화 및 페달 작동 깊이 증가 현상이 나타날 수 있습니다. 이와 함께 계기판에 ABS, ESC, 브레이크 경고등이 점등되며, 경고음과 관련 정보 메시지가 함께 표시됩니다. 주행 중 상기 현상이 발생할 경우 제동 거리가 길어져 충돌 위험이 높아질 수 있어 제작결함을 시정하고자 합니다. *브레이크 부스트 기능: 브레이크 부스트 기능은 진공 또는 유압 장치를 이용하여 운전자가 브레이크 페달을 밟는 힘을 증폭시켜, 적은 힘으로도 강력한 제동력을 만들어내는 기능입니다."
에프엘오토코리아 유한회사,2025년식 Ranger Wildtrak,2024-10-15,2025-06-11,2025-09-25,"2025년식 Bronco 및 Ranger Wildtrak 차량에서 주행 중 잠시동안 전자식 *브레이크 부스트 기능이 작동되지 않을 수 있습니다. 해당 기능이 상실되는 경우, 브레이크 페달 감각 변화 및 페달 작동 깊이 증가 현상이 나타날 수 있습니다. 이와 함께 계기판에 ABS, ESC, 브레이크 경고등이 점등되며, 경고음과 관련 정보 메시지가 함께 표시됩니다. 주행 중 상기 현상이 발생할 경우 제동 거리가 길어져 충돌 위험이 높아질 수 있어 제작결함을 시정하고자 합니다. *브레이크 부스트 기능: 브레이크 부스트 기능은 진공 또는 유압 장치를 이용하여 운전자가 브레이크 페달을 밟는 힘을 증폭시켜, 적은 힘으로도 강력한 제동력을 만들어내는 기능입니다."
르노코리아(주),XM3 하이브리드,2022-09-30,2024-03-26,2025-09-25,"모터만 작동하는 EV 모드에서 엔진이 구동하는 모드로 변환 시, 특정 조건에서 연료 펌프에 공급되는 전원이 차단/공급되는 로직으로 인해 연료 펌프 컨트롤 유닛의 커패시터의 열화가 발생할 가능성이 있음"
르노코리아(주),ARKANA 하이브리드,2024-04-01,2025-06-24,2025-09-25,"모터만 작동하는 EV 모드에서 엔진이 구동하는 모드로 변환 시, 특정 조건에서 연료 펌프에 공급되는 전원이 차단/공급되는 로직으로 인해 연료 펌프 컨트롤 유닛의 커패시터의 열화가 발생할 가능성이 있음"
현대자동차(주),포터2(HR),2023-11-29,2025-03-04,2025-09-25,포터2(HR) LPG 엔진 일부 차량에서 장력조절장치(텐셔너) 고정볼트 체결부 형상 설계 불량으로 인해 고정볼트가 풀려 구동벨트가 이탈되는 경우 파워스티어링 펌프 작동불량에 의해 핸들 조향이 정상적으로 되지 않아 안전에 지장을 줄 가능성이 있는 결함이 확인되어 제작결함 시정을 하고자 함
기아 주식회사,봉고Ⅲ (PU),2023-12-05,2025-02-05,2025-09-25,봉고Ⅲ (PU) LPG 엔진 일부 차량에서 장력조절장치(텐셔너) 체결부 형상 설계 불량으로 인해 고정볼트가 풀려 구동벨트가 이탈되는 경우 파워스티어링 펌프 작동불량에 의해 핸들 조향이 정상적으로 되지 않아 안전에 지장을 줄 가능성
현대자동차(주),i30(FD),2011-04-01,2011-06-09,2025-09-26,30(FD) 일부 차량에서 운전석 에어백 인플레이터의 과도한 내부 압력 증가로 인해 인플레이터 용기가 파손되어 승객이 상해를 입을 가능성이 있는 결함이 발견됨
스텔란티스코리아 주식회사,짚그랜드체로키,2023-07-07,2023-09-15,2025-09-26,"2열시트 양쪽(가운데 시트 제외) 헤드레스트 내부 고정장치 불량으로 인해 헤드레스트가 수직상태로 유지되지 않고 앞쪽으로 접힐 수 있으며, 이로 인해 차량에 충격 발생시 탑승자의 부상 위험이 증가할 수 있습니다. 또한 위의 조건은 FMVSS 202-HEAD RESTRAINTSFOR PASSENGER VEHICLES(한국: 자동차 및 자동차부품의 성능과 기준 시행세칙-별표1 자동차 안전기준의 세부 시험기준 및 시험법등-7.5.1 머리지지대 최저높이)에 부합되지 않습니다"
현대자동차(주),파비스 (QV),2025-02-05,2025-08-03,2025-09-26,파비스 (QV) 일부 차량에서 엔진제어장치(ECU) 소프트웨어 오적용으로 인해엔진 최고 출력이 제원과 상이하여 ‘자동차 및 자동차 부품의 성능과 기준에 관한 규칙 제106조(원동기 출력) 1호’ 안전기준에 적합하지 않은 결함이 발견됨
에프엘오토코리아 유한회사,2019년식 MKZ,2018-11-07,2019-03-19,2025-09-30,"일부 2019년식 MKZ, 2020-2022년식Corsair, 2019-2020년식 Continental / Nautilus, 2019-2022년식 Mustang, 2021년식 Expedition / Navigator, 2020-2023년식 Aviator / Explorer 차량은 인포테인먼트 시스템 소프트웨어의 불안정성으로 인해 특정 인포테이먼트 설정이 리셋되거나 후진 시 간헐적으로 화면이 블랙스크린으로 나타나거나 후진 주행이 끝난 후에도 후방 카메라 영상이 계속 표시되는 현상이 발생할 수 있습니다. 이런 현상이 발생되는 경우 운전자의 후방 시야를 감소시키거나 주행간 집중력을 저하시켜 안전 운전에 영향을 줄 가능성이 있습니다. 그리하여 그리하여 제작결함을 시정하고자 합니다. *첨부파일 10개 제한으로 '2021년식 Navigator' 차량의 PNG 파일은 첨부를 못하였습니다."
에프엘오토코리아 유한회사,2019년식 MKZ HEV,2019-01-17,2020-03-12,2025-09-30,"일부 2019년식 MKZ, 2020-2022년식Corsair, 2019-2020년식 Continental / Nautilus, 2019-2022년식 Mustang, 2021년식 Expedition / Navigator, 2020-2023년식 Aviator / Explorer 차량은 인포테인먼트 시스템 소프트웨어의 불안정성으로 인해 특정 인포테이먼트 설정이 리셋되거나 후진 시 간헐적으로 화면이 블랙스크린으로 나타나거나 후진 주행이 끝난 후에도 후방 카메라 영상이 계속 표시되는 현상이 발생할 수 있습니다. 이런 현상이 발생되는 경우 운전자의 후방 시야를 감소시키거나 주행간 집중력을 저하시켜 안전 운전에 영향을 줄 가능성이 있습니다. 그리하여 그리하여 제작결함을 시정하고자 합니다. *첨부파일 10개 제한으로 '2021년식 Navigator' 차량의 PNG 파일은 첨부를 못하였습니다."
에프엘오토코리아 유한회사,2020-2022년식 Corsair,2020-07-23,2022-04-22,2025-09-30,"일부 2019년식 MKZ, 2020-2022년식Corsair, 2019-2020년식 Continental / Nautilus, 2019-2022년식 Mustang, 2021년식 Expedition / Navigator, 2020-2023년식 Aviator / Explorer 차량은 인포테인먼트 시스템 소프트웨어의 불안정성으로 인해 특정 인포테이먼트 설정이 리셋되거나 후진 시 간헐적으로 화면이 블랙스크린으로 나타나거나 후진 주행이 끝난 후에도 후방 카메라 영상이 계속 표시되는 현상이 발생할 수 있습니다. 이런 현상이 발생되는 경우 운전자의 후방 시야를 감소시키거나 주행간 집중력을 저하시켜 안전 운전에 영향을 줄 가능성이 있습니다. 그리하여 그리하여 제작결함을 시정하고자 합니다. *첨부파일 10개 제한으로 '2021년식 Navigator' 차량의 PNG 파일은 첨부를 못하였습니다."
에프엘오토코리아 유한회사,2019-2020년식 Continental,2018-09-18,2019-10-25,2025-09-30,"일부 2019년식 MKZ, 2020-2022년식Corsair, 2019-2020년식 Continental / Nautilus, 2019-2022년식 Mustang, 2021년식 Expedition / Navigator, 2020-2023년식 Aviator / Explorer 차량은 인포테인먼트 시스템 소프트웨어의 불안정성으로 인해 특정 인포테이먼트 설정이 리셋되거나 후진 시 간헐적으로 화면이 블랙스크린으로 나타나거나 후진 주행이 끝난 후에도 후방 카메라 영상이 계속 표시되는 현상이 발생할 수 있습니다. 이런 현상이 발생되는 경우 운전자의 후방 시야를 감소시키거나 주행간 집중력을 저하시켜 안전 운전에 영향을 줄 가능성이 있습니다. 그리하여 그리하여 제작결함을 시정하고자 합니다. *첨부파일 10개 제한으로 '2021년식 Navigator' 차량의 PNG 파일은 첨부를 못하였습니다."
에프엘오토코리아 유한회사,2019-2020년식 Nautilus,2019-03-29,2020-10-30,2025-09-30,"일부 2019년식 MKZ, 2020-2022년식Corsair, 2019-2020년식 Continental / Nautilus, 2019-2022년식 Mustang, 2021년식 Expedition / Navigator, 2020-2023년식 Aviator / Explorer 차량은 인포테인먼트 시스템 소프트웨어의 불안정성으로 인해 특정 인포테이먼트 설정이 리셋되거나 후진 시 간헐적으로 화면이 블랙스크린으로 나타나거나 후진 주행이 끝난 후에도 후방 카메라 영상이 계속 표시되는 현상이 발생할 수 있습니다. 이런 현상이 발생되는 경우 운전자의 후방 시야를 감소시키거나 주행간 집중력을 저하시켜 안전 운전에 영향을 줄 가능성이 있습니다. 그리하여 그리하여 제작결함을 시정하고자 합니다. *첨부파일 10개 제한으로 '2021년식 Navigator' 차량의 PNG 파일은 첨부를 못하였습니다."
에프엘오토코리아 유한회사,2019-2022년식 Mustang 2.3L,2018-08-29,2022-08-15,2025-09-30,"일부 2019년식 MKZ, 2020-2022년식Corsair, 2019-2020년식 Continental / Nautilus, 2019-2022년식 Mustang, 2021년식 Expedition / Navigator, 2020-2023년식 Aviator / Explorer 차량은 인포테인먼트 시스템 소프트웨어의 불안정성으로 인해 특정 인포테이먼트 설정이 리셋되거나 후진 시 간헐적으로 화면이 블랙스크린으로 나타나거나 후진 주행이 끝난 후에도 후방 카메라 영상이 계속 표시되는 현상이 발생할 수 있습니다. 이런 현상이 발생되는 경우 운전자의 후방 시야를 감소시키거나 주행간 집중력을 저하시켜 안전 운전에 영향을 줄 가능성이 있습니다. 그리하여 그리하여 제작결함을 시정하고자 합니다. *첨부파일 10개 제한으로 '2021년식 Navigator' 차량의 PNG 파일은 첨부를 못하였습니다."
에프엘오토코리아 유한회사,2019-2022년식 Mustang 5.0L,2018-08-02,2022-06-08,2025-09-30,"일부 2019년식 MKZ, 2020-2022년식Corsair, 2019-2020년식 Continental / Nautilus, 2019-2022년식 Mustang, 2021년식 Expedition / Navigator, 2020-2023년식 Aviator / Explorer 차량은 인포테인먼트 시스템 소프트웨어의 불안정성으로 인해 특정 인포테이먼트 설정이 리셋되거나 후진 시 간헐적으로 화면이 블랙스크린으로 나타나거나 후진 주행이 끝난 후에도 후방 카메라 영상이 계속 표시되는 현상이 발생할 수 있습니다. 이런 현상이 발생되는 경우 운전자의 후방 시야를 감소시키거나 주행간 집중력을 저하시켜 안전 운전에 영향을 줄 가능성이 있습니다. 그리하여 그리하여 제작결함을 시정하고자 합니다. *첨부파일 10개 제한으로 '2021년식 Navigator' 차량의 PNG 파일은 첨부를 못하였습니다."
에프엘오토코리아 유한회사,2021년식 Expedition,2018-11-07,2019-03-19,2025-09-30,"일부 2019년식 MKZ, 2020-2022년식Corsair, 2019-2020년식 Continental / Nautilus, 2019-2022년식 Mustang, 2021년식 Expedition / Navigator, 2020-2023년식 Aviator / Explorer 차량은 인포테인먼트 시스템 소프트웨어의 불안정성으로 인해 특정 인포테이먼트 설정이 리셋되거나 후진 시 간헐적으로 화면이 블랙스크린으로 나타나거나 후진 주행이 끝난 후에도 후방 카메라 영상이 계속 표시되는 현상이 발생할 수 있습니다. 이런 현상이 발생되는 경우 운전자의 후방 시야를 감소시키거나 주행간 집중력을 저하시켜 안전 운전에 영향을 줄 가능성이 있습니다. 그리하여 그리하여 제작결함을 시정하고자 합니다. *첨부파일 10개 제한으로 '2021년식 Navigator' 차량의 PNG 파일은 첨부를 못하였습니다."
에프엘오토코리아 유한회사,2021년식 Navigator,2021-02-22,2021-11-23,2025-09-30,"일부 2019년식 MKZ, 2020-2022년식Corsair, 2019-2020년식 Continental / Nautilus, 2019-2022년식 Mustang, 2021년식 Expedition / Navigator, 2020-2023년식 Aviator / Explorer 차량은 인포테인먼트 시스템 소프트웨어의 불안정성으로 인해 특정 인포테이먼트 설정이 리셋되거나 후진 시 간헐적으로 화면이 블랙스크린으로 나타나거나 후진 주행이 끝난 후에도 후방 카메라 영상이 계속 표시되는 현상이 발생할 수 있습니다. 이런 현상이 발생되는 경우 운전자의 후방 시야를 감소시키거나 주행간 집중력을 저하시켜 안전 운전에 영향을 줄 가능성이 있습니다. 그리하여 그리하여 제작결함을 시정하고자 합니다. *첨부파일 10개 제한으로 '2021년식 Navigator' 차량의 PNG 파일은 첨부를 못하였습니다."
에프엘오토코리아 유한회사,2021년식 Aviator PHEV,2021-01-15,2021-01-15,2025-09-30,"일부 2019년식 MKZ, 2020-2022년식Corsair, 2019-2020년식 Continental / Nautilus, 2019-2022년식 Mustang, 2021년식 Expedition / Navigator, 2020-2023년식 Aviator / Explorer 차량은 인포테인먼트 시스템 소프트웨어의 불안정성으로 인해 특정 인포테이먼트 설정이 리셋되거나 후진 시 간헐적으로 화면이 블랙스크린으로 나타나거나 후진 주행이 끝난 후에도 후방 카메라 영상이 계속 표시되는 현상이 발생할 수 있습니다. 이런 현상이 발생되는 경우 운전자의 후방 시야를 감소시키거나 주행간 집중력을 저하시켜 안전 운전에 영향을 줄 가능성이 있습니다. 그리하여 그리하여 제작결함을 시정하고자 합니다. *첨부파일 10개 제한으로 '2021년식 Navigator' 차량의 PNG 파일은 첨부를 못하였습니다."
에프엘오토코리아 유한회사,2020-2023년식 Aviator 3.0,2019-09-09,2023-08-09,2025-09-30,"일부 2019년식 MKZ, 2020-2022년식Corsair, 2019-2020년식 Continental / Nautilus, 2019-2022년식 Mustang, 2021년식 Expedition / Navigator, 2020-2023년식 Aviator / Explorer 차량은 인포테인먼트 시스템 소프트웨어의 불안정성으로 인해 특정 인포테이먼트 설정이 리셋되거나 후진 시 간헐적으로 화면이 블랙스크린으로 나타나거나 후진 주행이 끝난 후에도 후방 카메라 영상이 계속 표시되는 현상이 발생할 수 있습니다. 이런 현상이 발생되는 경우 운전자의 후방 시야를 감소시키거나 주행간 집중력을 저하시켜 안전 운전에 영향을 줄 가능성이 있습니다. 그리하여 그리하여 제작결함을 시정하고자 합니다. *첨부파일 10개 제한으로 '2021년식 Navigator' 차량의 PNG 파일은 첨부를 못하였습니다."
에프엘오토코리아 유한회사,2021년식 Explorer PHEV,2021-08-21,2021-08-21,2025-09-30,"일부 2019년식 MKZ, 2020-2022년식Corsair, 2019-2020년식 Continental / Nautilus, 2019-2022년식 Mustang, 2021년식 Expedition / Navigator, 2020-2023년식 Aviator / Explorer 차량은 인포테인먼트 시스템 소프트웨어의 불안정성으로 인해 특정 인포테이먼트 설정이 리셋되거나 후진 시 간헐적으로 화면이 블랙스크린으로 나타나거나 후진 주행이 끝난 후에도 후방 카메라 영상이 계속 표시되는 현상이 발생할 수 있습니다. 이런 현상이 발생되는 경우 운전자의 후방 시야를 감소시키거나 주행간 집중력을 저하시켜 안전 운전에 영향을 줄 가능성이 있습니다. 그리하여 그리하여 제작결함을 시정하고자 합니다. *첨부파일 10개 제한으로 '2021년식 Navigator' 차량의 PNG 파일은 첨부를 못하였습니다."
에프엘오토코리아 유한회사,2022년식 Explorer FHEV,2022-06-28,2022-06-28,2025-09-30,"일부 2019년식 MKZ, 2020-2022년식Corsair, 2019-2020년식 Continental / Nautilus, 2019-2022년식 Mustang, 2021년식 Expedition / Navigator, 2020-2023년식 Aviator / Explorer 차량은 인포테인먼트 시스템 소프트웨어의 불안정성으로 인해 특정 인포테이먼트 설정이 리셋되거나 후진 시 간헐적으로 화면이 블랙스크린으로 나타나거나 후진 주행이 끝난 후에도 후방 카메라 영상이 계속 표시되는 현상이 발생할 수 있습니다. 이런 현상이 발생되는 경우 운전자의 후방 시야를 감소시키거나 주행간 집중력을 저하시켜 안전 운전에 영향을 줄 가능성이 있습니다. 그리하여 그리하여 제작결함을 시정하고자 합니다. *첨부파일 10개 제한으로 '2021년식 Navigator' 차량의 PNG 파일은 첨부를 못하였습니다."
에프엘오토코리아 유한회사,2021-2023년식 Explorer 3.0,2021-06-23,2023-07-30,2025-09-30,"일부 2019년식 MKZ, 2020-2022년식Corsair, 2019-2020년식 Continental / Nautilus, 2019-2022년식 Mustang, 2021년식 Expedition / Navigator, 2020-2023년식 Aviator / Explorer 차량은 인포테인먼트 시스템 소프트웨어의 불안정성으로 인해 특정 인포테이먼트 설정이 리셋되거나 후진 시 간헐적으로 화면이 블랙스크린으로 나타나거나 후진 주행이 끝난 후에도 후방 카메라 영상이 계속 표시되는 현상이 발생할 수 있습니다. 이런 현상이 발생되는 경우 운전자의 후방 시야를 감소시키거나 주행간 집중력을 저하시켜 안전 운전에 영향을 줄 가능성이 있습니다. 그리하여 그리하여 제작결함을 시정하고자 합니다. *첨부파일 10개 제한으로 '2021년식 Navigator' 차량의 PNG 파일은 첨부를 못하였습니다."
에프엘오토코리아 유한회사,2020-2023년식 Explorer 2.3,2019-08-22,2023-08-30,2025-09-30,"일부 2019년식 MKZ, 2020-2022년식Corsair, 2019-2020년식 Continental / Nautilus, 2019-2022년식 Mustang, 2021년식 Expedition / Navigator, 2020-2023년식 Aviator / Explorer 차량은 인포테인먼트 시스템 소프트웨어의 불안정성으로 인해 특정 인포테이먼트 설정이 리셋되거나 후진 시 간헐적으로 화면이 블랙스크린으로 나타나거나 후진 주행이 끝난 후에도 후방 카메라 영상이 계속 표시되는 현상이 발생할 수 있습니다. 이런 현상이 발생되는 경우 운전자의 후방 시야를 감소시키거나 주행간 집중력을 저하시켜 안전 운전에 영향을 줄 가능성이 있습니다. 그리하여 그리하여 제작결함을 시정하고자 합니다. *첨부파일 10개 제한으로 '2021년식 Navigator' 차량의 PNG 파일은 첨부를 못하였습니다."
에프엘오토코리아 유한회사,2016-2018년식 MKX,2015-05-20,2018-06-28,2025-09-30,"2016-2018년식 MKX 차량의 후방 보조제동등 커버(렌즈)의 접착력이 저하되었을 수 있는 가능성이 확인되었습니다. 접착력이 저하되는 경우 커버가 분리될 수 있으며, 주행 중 분리가 발생하는 경우 다른 차량의 운전자들에게 위험을 초래하여 사고가 발생될 수 있습니다."
폭스바겐그룹코리아 주식회사,Urus SE,2025-02-13,2025-07-26,2025-10-01,"특정 기간 동안 생산/수입된 일부 차량의 연료 펌프 조립 공정에서 장비 오작동으로 인하여, 고압 연료 펌프가 실린더 헤드에 올바르게 고정되지 않았을 가능성이 있습니다."
주식회사 이엠코리아,에픽시티,2021-08-27,2022-04-11,2025-10-01,"간접시계장치(앞면시계장치)의 최초 설계 사양과 다른 사양의 부품이 적용되어, 이로 인해 자동차의 운전자 앞면의 시계 범위가 달라질 가능성에 따른 리콜"
주식회사 이엠코리아,에픽시티,2022-09-22,2022-09-22,2025-10-01,"간접시계장치(앞면시계장치)의 최초 설계 사양과 다른 사양의 부품이 적용되어, 이로 인해 자동차의 운전자 앞면의 시계 범위가 달라질 가능성에 따른 리콜"
주식회사 이엠코리아,에픽시티,2023-02-20,2023-08-16,2025-10-01,"간접시계장치(앞면시계장치)의 최초 설계 사양과 다른 사양의 부품이 적용되어, 이로 인해 자동차의 운전자 앞면의 시계 범위가 달라질 가능성에 따른 리콜"
주식회사 이엠코리아,에픽시티,2024-06-24,2024-07-22,2025-10-01,"간접시계장치(앞면시계장치)의 최초 설계 사양과 다른 사양의 부품이 적용되어, 이로 인해 자동차의 운전자 앞면의 시계 범위가 달라질 가능성에 따른 리콜"
주식회사 이엠코리아,에픽시티,2024-05-16,2024-12-16,2025-10-01,"간접시계장치(앞면시계장치)의 최초 설계 사양과 다른 사양의 부품이 적용되어, 이로 인해 자동차의 운전자 앞면의 시계 범위가 달라질 가능성에 따른 리콜"
주식회사 이엠코리아,에픽타운,2022-10-25,2022-10-25,2025-10-01,"간접시계장치(앞면시계장치)의 최초 설계 사양과 다른 사양의 부품이 적용되어, 이로 인해 자동차의 운전자 앞면의 시계 범위가 달라질 가능성에 따른 리콜"
주식회사 이엠코리아,에픽타운,2023-11-14,2024-06-24,2025-10-01,"간접시계장치(앞면시계장치)의 최초 설계 사양과 다른 사양의 부품이 적용되어, 이로 인해 자동차의 운전자 앞면의 시계 범위가 달라질 가능성에 따른 리콜"
주식회사 이엠코리아,에픽타운,2024-04-22,2024-04-22,2025-10-01,"간접시계장치(앞면시계장치)의 최초 설계 사양과 다른 사양의 부품이 적용되어, 이로 인해 자동차의 운전자 앞면의 시계 범위가 달라질 가능성에 따른 리콜"
주식회사 이엠코리아,에픽타운,2024-11-29,2025-04-24,2025-10-01,"간접시계장치(앞면시계장치)의 최초 설계 사양과 다른 사양의 부품이 적용되어, 이로 인해 자동차의 운전자 앞면의 시계 범위가 달라질 가능성에 따른 리콜"
주식회사 피라인모터스,HYPERS11L,2019-09-15,2021-09-26,2025-10-03,앞면 방향지시등의 광도가 부족하여 자동차 및 자동차부품의 성능과 기준에 관한 규칙 제44조(방향지시등)를 만족하지 못함
주식회사 피라인모터스,HYPERS11L,2019-09-15,2021-09-26,2025-10-03,주간주행등의 최대광도가 자동차 및 자동차부품의 성능과 기준에 관한 규칙 제38조의4(주간주행등)를 만족하지 못함
주식회사 피라인모터스,HYPERS,2017-07-26,2018-06-19,2025-10-03,HYPERS11L 외 3종 차량의 측면 창유리가 안전기준에 만족하지 못함
주식회사 피라인모터스,HYPERS 신형,2018-09-28,2022-01-03,2025-10-03,HYPERS11L 외 3종 차량의 측면 창유리가 안전기준에 만족하지 못함
주식회사 피라인모터스,HYPERS H,2018-12-20,2020-03-10,2025-10-03,HYPERS11L 외 3종 차량의 측면 창유리가 안전기준에 만족하지 못함
주식회사 피라인모터스,HYPERS11L,2019-09-15,2021-09-26,2025-10-03,HYPERS11L 외 3종 차량의 측면 창유리가 안전기준에 만족하지 못함
주식회사 피라인모터스,HYPERS11L,2021-09-26,2021-09-26,2025-10-03,주식회사 피라인모터스는 HYPERS H 및 HYPERS11L 모델의 고전원 전기장치(모터 컨트롤러) 경고 표시 미 부착으로 인한 안전 기준을 만족하지 못한 결함이 확인되어 제작결함시정을 하고자 함.
주식회사 피라인모터스,HYPERS11L,2021-09-26,2021-09-26,2025-10-03,주식회사 피라인모터스는 HYPERS11L 모델의 비상탈출장치가 안전 기준을 만족하지 못한 결함이 확인되어 제작결함시정을 하고자 함.
주식회사 피라인모터스,HYPERS11L,2021-09-26,2021-09-26,2025-10-03,"주식회사 피라인모터스는 HYPERS11L 모델의 승강구 외부 열림장치의 위치 및 높이, 내부 열림장치의 높이가 안전 기준을 만족하지 못하는 결함이 확인되어 제작결함시정을 하고자 함."
비엠더블유코리아(주),Aceman SE,2023-11-18,2023-11-18,2025-10-10,"고전압 배터리 셀 모듈의 제조 오류로 고전압 배터리 셀 모듈 내 음극, 양극 판 정렬이 올바르게 되지 않았을 수 있습니다."
비엠더블유코리아(주),Cooper SE,2024-03-25,2024-06-20,2025-10-10,"고전압 배터리 셀 모듈의 제조 오류로 고전압 배터리 셀 모듈 내 음극, 양극 판 정렬이 올바르게 되지 않았을 수 있습니다."
비엠더블유코리아(주),MINI Cooper SE,2024-03-25,2024-05-17,2025-10-10,고전압 배터리 셀 모듈의 제조 과정 중 고전압 배터리 셀이 물리적으로 손상되었을 가능성이 확인되었습니다.
(주)볼보자동차코리아,S90,2025-04-23,2025-08-08,2025-10-13,공정상의 오류로 실런트 도포 지점이 방화벽의 스티어링 칼럼홀에서 멀어짐
(주)볼보자동차코리아,S90,2025-06-25,2025-08-05,2025-10-13,부품 업체의 공정상 오류로 안전벨트 리트랙터 내부의 토션 바 부품이 손상되었을 수 있음.
비엠더블유코리아(주),BMW 220i Active Tourer,2025-06-26,2025-08-25,2025-10-13,안전띠 리트렉터 토션바가 생산 컨베이어 시스템에 설정 오류로 생산 중 손상되었을 가능성이 확인되었습니다.
비엠더블유코리아(주),BMW iX1 xDrive30,2025-06-20,2025-07-14,2025-10-13,안전띠 리트렉터 토션바가 생산 컨베이어 시스템에 설정 오류로 생산 중 손상되었을 가능성이 확인되었습니다.
비엠더블유코리아(주),BMW X1 M35i xDrive,2025-06-20,2025-06-20,2025-10-13,안전띠 리트렉터 토션바가 생산 컨베이어 시스템에 설정 오류로 생산 중 손상되었을 가능성이 확인되었습니다.
비엠더블유코리아(주),BMW X1 M35i xDrive,2025-06-23,2025-06-23,2025-10-13,안전띠 리트렉터 토션바가 생산 컨베이어 시스템에 설정 오류로 생산 중 손상되었을 가능성이 확인되었습니다.
비엠더블유코리아(주),BMW X1 sDrive18d,2025-06-23,2025-07-16,2025-10-13,안전띠 리트렉터 토션바가 생산 컨베이어 시스템에 설정 오류로 생산 중 손상되었을 가능성이 확인되었습니다.
비엠더블유코리아(주),BMW X1 xDrive20i,2025-06-20,2025-07-28,2025-10-13,안전띠 리트렉터 토션바가 생산 컨베이어 시스템에 설정 오류로 생산 중 손상되었을 가능성이 확인되었습니다.
비엠더블유코리아(주),BMW X2 xDrive20i,2025-06-20,2025-06-30,2025-10-13,안전띠 리트렉터 토션바가 생산 컨베이어 시스템에 설정 오류로 생산 중 손상되었을 가능성이 확인되었습니다.
비엠더블유코리아(주),MINI Cooper C,2025-07-21,2025-07-22,2025-10-13,안전띠 리트렉터 토션바가 생산 컨베이어 시스템에 설정 오류로 생산 중 손상되었을 가능성이 확인되었습니다.
비엠더블유코리아(주),MINI Cooper C Five-door,2025-07-04,2025-07-08,2025-10-13,안전띠 리트렉터 토션바가 생산 컨베이어 시스템에 설정 오류로 생산 중 손상되었을 가능성이 확인되었습니다.
비엠더블유코리아(주),MINI Cooper S,2025-07-22,2025-07-22,2025-10-13,안전띠 리트렉터 토션바가 생산 컨베이어 시스템에 설정 오류로 생산 중 손상되었을 가능성이 확인되었습니다.
비엠더블유코리아(주),MINI Cooper S Convertible,2025-07-09,2025-07-09,2025-10-13,안전띠 리트렉터 토션바가 생산 컨베이어 시스템에 설정 오류로 생산 중 손상되었을 가능성이 확인되었습니다.
비엠더블유코리아(주),MINI Cooper S five-door,2025-07-04,2025-07-22,2025-10-13,안전띠 리트렉터 토션바가 생산 컨베이어 시스템에 설정 오류로 생산 중 손상되었을 가능성이 확인되었습니다.
비엠더블유코리아(주),MINI Countryman S ALL4,2025-06-25,2025-07-03,2025-10-13,안전띠 리트렉터 토션바가 생산 컨베이어 시스템에 설정 오류로 생산 중 손상되었을 가능성이 확인되었습니다.
비엠더블유코리아(주),MINI John Cooper Works,2025-06-26,2025-07-09,2025-10-13,안전띠 리트렉터 토션바가 생산 컨베이어 시스템에 설정 오류로 생산 중 손상되었을 가능성이 확인되었습니다.
비엠더블유코리아(주),MINI John Cooper Works Countryman ALL4,2025-06-30,2025-07-07,2025-10-13,안전띠 리트렉터 토션바가 생산 컨베이어 시스템에 설정 오류로 생산 중 손상되었을 가능성이 확인되었습니다.
폭스바겐그룹코리아 주식회사,플라잉스퍼,2025-03-27,2025-04-10,2025-10-15,"특정 기간 동안 생산/수입된 일부 차량의 연료 펌프 조립 공정에서 장비 오작동으로 인하여, 고압연료펌프가 실린더 헤드에 올바르게 고정되지 않았을 가능성이 있습니다."
폭스바겐그룹코리아 주식회사,컨티넨탈 GT,2025-08-19,2025-08-19,2025-10-15,"특정 기간 동안 생산/수입된 일부 차량의 연료 펌프 조립 공정에서 장비 오작동으로 인하여, 고압연료펌프가 실린더 헤드에 올바르게 고정되지 않았을 가능성이 있습니다."
케이지모빌리티 주식회사(KG Mobility Corp.),무쏘 EV,2025-02-25,2025-09-23,2025-10-15,"고전압은 정상적으로 인가되나 간헐적으로 고전압 시스템 내 이상 신호가 진단될 경우, 고전압이 차단되어 경고등 점등 및 지속 주행 시 시동 꺼짐 현상 발생"
스텔란티스코리아 주식회사,짚그랜드체로키PHEV,2022-10-06,2023-08-28,2025-10-15,"하이브리드 컨트롤 프로세서(HCP)의 프로그램 설정 오류로 인해, 특정상황에서 고전압배터리 컨트롤 모듈(BPCM)이 하이브리드 컨트롤 프로세서(HCP)로 보내는 신호를 하이브리드 컨트롤 프로세서(HCP)가 고전압배터리의 열폭주 이벤트로 잘못 해석할 수 있습니다."
폭스바겐그룹코리아 주식회사,A5 40 TDI qu.,2025-07-03,2025-07-05,2025-10-17,"특정 기간 동안 생산/수입된 일부 차량의 부품 생산 공정의 오류로 인하여, 전방 좌석 안전 벨트 리트렉터 안의 토션바*가 손상되었을 가능성이 있습니다. *토션바: 안전벨트 리트랙터 내부에 있는 막대 형태의 부품으로, 한쪽은 고정되고 다른쪽은 벨트에 결합되어 뒤틀리는 힘에 의하여 안전벨트가 천천히 풀리도록 하는 장치"
폭스바겐그룹코리아 주식회사,A5 40 TFSI qu.,2025-06-25,2025-07-29,2025-10-17,"특정 기간 동안 생산/수입된 일부 차량의 부품 생산 공정의 오류로 인하여, 전방 좌석 안전 벨트 리트렉터 안의 토션바*가 손상되었을 가능성이 있습니다. *토션바: 안전벨트 리트랙터 내부에 있는 막대 형태의 부품으로, 한쪽은 고정되고 다른쪽은 벨트에 결합되어 뒤틀리는 힘에 의하여 안전벨트가 천천히 풀리도록 하는 장치"
폭스바겐그룹코리아 주식회사,A5 45 TFSI qu.,2025-06-27,2025-07-04,2025-10-17,"특정 기간 동안 생산/수입된 일부 차량의 부품 생산 공정의 오류로 인하여, 전방 좌석 안전 벨트 리트렉터 안의 토션바*가 손상되었을 가능성이 있습니다. *토션바: 안전벨트 리트랙터 내부에 있는 막대 형태의 부품으로, 한쪽은 고정되고 다른쪽은 벨트에 결합되어 뒤틀리는 힘에 의하여 안전벨트가 천천히 풀리도록 하는 장치"
폭스바겐그룹코리아 주식회사,S5,2025-06-30,2025-07-03,2025-10-17,"특정 기간 동안 생산/수입된 일부 차량의 부품 생산 공정의 오류로 인하여, 전방 좌석 안전 벨트 리트렉터 안의 토션바*가 손상되었을 가능성이 있습니다. *토션바: 안전벨트 리트랙터 내부에 있는 막대 형태의 부품으로, 한쪽은 고정되고 다른쪽은 벨트에 결합되어 뒤틀리는 힘에 의하여 안전벨트가 천천히 풀리도록 하는 장치"
포르쉐코리아 주식회사,카이엔 GTS 쿠페,2024-10-10,2024-10-10,2025-10-20,공정 라인의 스캐너 오작동으로 인하여 초기 체결단계에서 지정된 생산 공구로 작업이 수행되지 않았으며 이후 수작업 재작업 과정에서도 규격에 따른 최종 체결이 이루어지지 않아 고압 연료 펌프와 연료 라인간의 연결부가 제대로 밀봉되지 않았을 가능성이 확인되었습니다.
포르쉐코리아 주식회사,카이엔 GTS,2024-08-24,2024-12-06,2025-10-20,공정 라인의 스캐너 오작동으로 인하여 초기 체결단계에서 지정된 생산 공구로 작업이 수행되지 않았으며 이후 수작업 재작업 과정에서도 규격에 따른 최종 체결이 이루어지지 않아 고압 연료 펌프와 연료 라인간의 연결부가 제대로 밀봉되지 않았을 가능성이 확인되었습니다.
포르쉐코리아 주식회사,카이엔 터보 E-하이브리드 쿠페,2024-10-09,2025-06-12,2025-10-20,공정 라인의 스캐너 오작동으로 인하여 초기 체결단계에서 지정된 생산 공구로 작업이 수행되지 않았으며 이후 수작업 재작업 과정에서도 규격에 따른 최종 체결이 이루어지지 않아 고압 연료 펌프와 연료 라인간의 연결부가 제대로 밀봉되지 않았을 가능성이 확인되었습니다.
현대자동차(주),GV60(JW),2021-10-05,2024-07-01,2025-10-22,현대자동차㈜에서는 GV60(JW) 일부 차량에서 앞면창유리 상단 몰딩 제조 불량으로 인해 접착력이 저하되어 주행 중 앞면창유리 상단 몰딩 본체에서 표면부가 이탈하여 사고를 초래할 가능성이 있는 결함이 발견되어 제작결함시정을 하고자 함.
한국토요타자동차(주),렉서스 UX300e,2021-11-16,2022-07-12,2025-10-23,"전기 히터*(전열기) 내부 구성 부품의 내구성이 부족하여 장기간 사용할 경우, 내부 부품이 손상되어 히터 작동이 정지되고 제상 장치의 성능이 저하될 가능성이 있음. *전기 히터(전열기): 전기로 냉각수를 가열하여 실내난방을 제공하는 장치"
한국토요타자동차(주),렉서스 RZ450e,2023-02-02,2023-09-04,2025-10-23,"에어컨 시스템의 소프트웨어 오류로, 특정 고장코드가 검출될 경우 히터를 정지시키는 과도한 안전모드 제어가 이루어져 제상 장치의 성능이 저하될 가능성이 있음."
다임러트럭코리아(주),아록스,2022-06-24,2024-07-23,2025-10-23,"후축을 종방향으로 유도하는 ‘후축 베어링 브래킷’ 체결부(볼트/너트)에서 브래킷당 최대 2개의 볼트가 누락된 결함이 확인되었습니다. 개발부 평가에 따르면 즉각적 파손 가능성은 낮으나 약 600,000km 경과 후 체결부가 느슨해지며 소형 부품 이탈(볼트 145g, 너트 45g) 및 조향·제동 기능 장애(스큐·미스얼라인), 차축 횡방향 편심이 발생할 수 있습니다. 이에 잠재 영향 차량 557대를 대상으로 브래킷 모든 체결부 존재 여부를 점검하고, 누락 시 규정 토크로 보강 체결하는 시정조치를 실시하고자 합니다. 본 시정조치는 2025년3월28일 이후, 시정조치 대상이 추가되어 확대 실시되는 건입니다."
다임러트럭코리아(주),아록스,2022-06-30,2024-06-10,2025-10-23,"후축을 종방향으로 유도하는 ‘후축 베어링 브래킷’ 체결부(볼트/너트)에서 브래킷당 최대 2개의 볼트가 누락된 결함이 확인되었습니다. 개발부 평가에 따르면 즉각적 파손 가능성은 낮으나 약 600,000km 경과 후 체결부가 느슨해지며 소형 부품 이탈(볼트 145g, 너트 45g) 및 조향·제동 기능 장애(스큐·미스얼라인), 차축 횡방향 편심이 발생할 수 있습니다. 이에 잠재 영향 차량 557대를 대상으로 브래킷 모든 체결부 존재 여부를 점검하고, 누락 시 규정 토크로 보강 체결하는 시정조치를 실시하고자 합니다. 본 시정조치는 2025년3월28일 이후, 시정조치 대상이 추가되어 확대 실시되는 건입니다."
다임러트럭코리아(주),아록스,2022-11-29,2024-06-21,2025-10-23,"후축을 종방향으로 유도하는 ‘후축 베어링 브래킷’ 체결부(볼트/너트)에서 브래킷당 최대 2개의 볼트가 누락된 결함이 확인되었습니다. 개발부 평가에 따르면 즉각적 파손 가능성은 낮으나 약 600,000km 경과 후 체결부가 느슨해지며 소형 부품 이탈(볼트 145g, 너트 45g) 및 조향·제동 기능 장애(스큐·미스얼라인), 차축 횡방향 편심이 발생할 수 있습니다. 이에 잠재 영향 차량 557대를 대상으로 브래킷 모든 체결부 존재 여부를 점검하고, 누락 시 규정 토크로 보강 체결하는 시정조치를 실시하고자 합니다. 본 시정조치는 2025년3월28일 이후, 시정조치 대상이 추가되어 확대 실시되는 건입니다."
다임러트럭코리아(주),아록스,2022-10-05,2023-11-17,2025-10-23,"후축을 종방향으로 유도하는 ‘후축 베어링 브래킷’ 체결부(볼트/너트)에서 브래킷당 최대 2개의 볼트가 누락된 결함이 확인되었습니다. 개발부 평가에 따르면 즉각적 파손 가능성은 낮으나 약 600,000km 경과 후 체결부가 느슨해지며 소형 부품 이탈(볼트 145g, 너트 45g) 및 조향·제동 기능 장애(스큐·미스얼라인), 차축 횡방향 편심이 발생할 수 있습니다. 이에 잠재 영향 차량 557대를 대상으로 브래킷 모든 체결부 존재 여부를 점검하고, 누락 시 규정 토크로 보강 체결하는 시정조치를 실시하고자 합니다. 본 시정조치는 2025년3월28일 이후, 시정조치 대상이 추가되어 확대 실시되는 건입니다."
다임러트럭코리아(주),악트로스,2022-06-10,2024-04-22,2025-10-23,"후축을 종방향으로 유도하는 ‘후축 베어링 브래킷’ 체결부(볼트/너트)에서 브래킷당 최대 2개의 볼트가 누락된 결함이 확인되었습니다. 개발부 평가에 따르면 즉각적 파손 가능성은 낮으나 약 600,000km 경과 후 체결부가 느슨해지며 소형 부품 이탈(볼트 145g, 너트 45g) 및 조향·제동 기능 장애(스큐·미스얼라인), 차축 횡방향 편심이 발생할 수 있습니다. 이에 잠재 영향 차량 557대를 대상으로 브래킷 모든 체결부 존재 여부를 점검하고, 누락 시 규정 토크로 보강 체결하는 시정조치를 실시하고자 합니다. 본 시정조치는 2025년3월28일 이후, 시정조치 대상이 추가되어 확대 실시되는 건입니다."
다임러트럭코리아(주),아록스,2025-06-11,2025-06-13,2025-10-23,"RDF3 센서가 실제보다 높게 파라미터화되어 설정됨에 따라 전방 차량이나, 도로 상황을 정확히 인식하지 못할 수 있습니다. 이로 인해 전방 트럭이 감지되지 않거나 맨홀 뚜껑 선로 등 지면 물체를 잘못된 장애물로 인식해 불필요한 제동이 발생할수 있습니다. 결과적으로 ABA 제동 기능이 정상적으로 작동되지 않아 사고 위험이 높아질 수 있습니다."
다임러트럭코리아(주),악트로스,2025-06-14,2025-06-14,2025-10-23,"RDF3 센서가 실제보다 높게 파라미터화되어 설정됨에 따라 전방 차량이나, 도로 상황을 정확히 인식하지 못할 수 있습니다. 이로 인해 전방 트럭이 감지되지 않거나 맨홀 뚜껑 선로 등 지면 물체를 잘못된 장애물로 인식해 불필요한 제동이 발생할수 있습니다. 결과적으로 ABA 제동 기능이 정상적으로 작동되지 않아 사고 위험이 높아질 수 있습니다."
현대자동차(주),아이오닉6(CE),2022-08-17,2024-10-29,2025-10-24,"아이오닉6(CE) 일부 차량에서 충전도어 외부 커버 설계 미흡으로 인해 체결력이 부족하여, 주행 중 부품 이탈로 인한 사고 발생 가능성이 있는 결함이 발견됨"
비엠더블유코리아(주),X4 xDrive20d,2018-06-15,2019-03-25,2025-10-24,스타터 모터 내 수분이 유입될 가능성이 확인되었습니다.
비엠더블유코리아(주),X4 xDrive20d,2019-03-14,2020-12-15,2025-10-24,스타터 모터 내 수분이 유입될 가능성이 확인되었습니다.
비엠더블유코리아(주),X4 xDrive20i,2019-07-30,2020-12-15,2025-10-24,스타터 모터 내 수분이 유입될 가능성이 확인되었습니다.
비엠더블유코리아(주),X4 xDrive25i,2020-09-01,2020-09-01,2025-10-24,스타터 모터 내 수분이 유입될 가능성이 확인되었습니다.
비엠더블유코리아(주),Z4 sDrive,2019-04-30,2019-04-30,2025-10-24,스타터 모터 내 수분이 유입될 가능성이 확인되었습니다.
비엠더블유코리아(주),Z4 sDrive20i,2018-11-19,2020-09-01,2025-10-24,스타터 모터 내 수분이 유입될 가능성이 확인되었습니다.
비엠더블유코리아(주),320d,2020-07-10,2020-07-10,2025-10-24,스타터 모터 내 수분이 유입될 가능성이 확인되었습니다.
비엠더블유코리아(주),320d,2018-11-05,2020-09-16,2025-10-24,스타터 모터 내 수분이 유입될 가능성이 확인되었습니다.
비엠더블유코리아(주),320d Touring,2020-02-28,2020-07-21,2025-10-24,스타터 모터 내 수분이 유입될 가능성이 확인되었습니다.
비엠더블유코리아(주),320d xDrive,2018-11-12,2020-09-08,2025-10-24,스타터 모터 내 수분이 유입될 가능성이 확인되었습니다.
비엠더블유코리아(주),320i,2019-12-02,2020-09-17,2025-10-24,스타터 모터 내 수분이 유입될 가능성이 확인되었습니다.
비엠더블유코리아(주),320i Touring,2020-02-20,2020-07-22,2025-10-24,스타터 모터 내 수분이 유입될 가능성이 확인되었습니다.
비엠더블유코리아(주),330i,2019-02-12,2019-02-12,2025-10-24,스타터 모터 내 수분이 유입될 가능성이 확인되었습니다.
비엠더블유코리아(주),330i,2018-11-14,2020-02-06,2025-10-24,스타터 모터 내 수분이 유입될 가능성이 확인되었습니다.
비엠더블유코리아(주),330i xDrive,2019-12-13,2019-12-13,2025-10-24,스타터 모터 내 수분이 유입될 가능성이 확인되었습니다.
비엠더블유코리아(주),330i xDrive,2019-01-25,2021-03-10,2025-10-24,스타터 모터 내 수분이 유입될 가능성이 확인되었습니다.
비엠더블유코리아(주),330i xDrive,2019-10-02,2019-10-02,2025-10-24,스타터 모터 내 수분이 유입될 가능성이 확인되었습니다.
비엠더블유코리아(주),330i xDrive,2018-11-05,2020-02-06,2025-10-24,스타터 모터 내 수분이 유입될 가능성이 확인되었습니다.
비엠더블유코리아(주),520d,2016-09-13,2018-06-14,2025-10-24,스타터 모터 내 수분이 유입될 가능성이 확인되었습니다.
비엠더블유코리아(주),520d,2018-06-11,2020-06-30,2025-10-24,스타터 모터 내 수분이 유입될 가능성이 확인되었습니다.
비엠더블유코리아(주),523d,2020-06-15,2020-09-01,2025-10-24,스타터 모터 내 수분이 유입될 가능성이 확인되었습니다.
비엠더블유코리아(주),523d xDrive,2020-06-18,2020-09-01,2025-10-24,스타터 모터 내 수분이 유입될 가능성이 확인되었습니다.
비엠더블유코리아(주),525i,2020-07-09,2020-07-09,2025-10-24,스타터 모터 내 수분이 유입될 가능성이 확인되었습니다.
비엠더블유코리아(주),530i,2020-06-15,2020-09-01,2025-10-24,스타터 모터 내 수분이 유입될 가능성이 확인되었습니다.
비엠더블유코리아(주),530i,2019-09-23,2019-09-23,2025-10-24,스타터 모터 내 수분이 유입될 가능성이 확인되었습니다.
비엠더블유코리아(주),530i,2019-06-11,2020-06-30,2025-10-24,스타터 모터 내 수분이 유입될 가능성이 확인되었습니다.
비엠더블유코리아(주),530i xDrive,2020-07-29,2020-11-25,2025-10-24,스타터 모터 내 수분이 유입될 가능성이 확인되었습니다.
비엠더블유코리아(주),530i xDrive,2020-06-16,2020-09-01,2025-10-24,스타터 모터 내 수분이 유입될 가능성이 확인되었습니다.
비엠더블유코리아(주),530i xDrive,2019-09-30,2020-05-13,2025-10-24,스타터 모터 내 수분이 유입될 가능성이 확인되었습니다.
비엠더블유코리아(주),530i xDrive,2019-06-13,2020-06-29,2025-10-24,스타터 모터 내 수분이 유입될 가능성이 확인되었습니다.
비엠더블유코리아(주),620d,2020-06-29,2020-07-30,2025-10-24,스타터 모터 내 수분이 유입될 가능성이 확인되었습니다.
비엠더블유코리아(주),620d Luxury,2018-06-11,2020-06-30,2025-10-24,스타터 모터 내 수분이 유입될 가능성이 확인되었습니다.
비엠더블유코리아(주),620d xDrive,2020-06-15,2020-07-29,2025-10-24,스타터 모터 내 수분이 유입될 가능성이 확인되었습니다.
비엠더블유코리아(주),620d xDrive Luxury,2018-06-11,2020-06-29,2025-10-24,스타터 모터 내 수분이 유입될 가능성이 확인되었습니다.
비엠더블유코리아(주),730Li,2020-06-29,2020-06-29,2025-10-24,스타터 모터 내 수분이 유입될 가능성이 확인되었습니다.
비엠더블유코리아(주),X3 sDrive,2019-10-09,2020-03-17,2025-10-24,스타터 모터 내 수분이 유입될 가능성이 확인되었습니다.
비엠더블유코리아(주),X3 xDrive,2019-12-19,2020-10-08,2025-10-24,스타터 모터 내 수분이 유입될 가능성이 확인되었습니다.
비엠더블유코리아(주),X3 xDrive20d,2017-08-28,2019-03-25,2025-10-24,스타터 모터 내 수분이 유입될 가능성이 확인되었습니다.
비엠더블유코리아(주),X3 xDrive20d,2019-03-11,2020-12-10,2025-10-24,스타터 모터 내 수분이 유입될 가능성이 확인되었습니다.
비엠더블유코리아(주),X3 xDrive20i,2019-07-29,2020-12-15,2025-10-24,스타터 모터 내 수분이 유입될 가능성이 확인되었습니다.
비엠더블유코리아(주),X4 xDrive,2020-09-24,2020-09-24,2025-10-24,스타터 모터 내 수분이 유입될 가능성이 확인되었습니다.
비엠더블유코리아(주),X4 xDrive,2020-01-08,2020-01-08,2025-10-24,스타터 모터 내 수분이 유입될 가능성이 확인되었습니다.
비엠더블유코리아(주),520d xDrive,2020-02-28,2020-02-28,2025-10-24,스타터 모터 내 수분이 유입될 가능성이 확인되었습니다.
비엠더블유코리아(주),520d xDrive,2016-05-23,2018-06-14,2025-10-24,스타터 모터 내 수분이 유입될 가능성이 확인되었습니다.
비엠더블유코리아(주),520d xDrive,2018-06-11,2020-06-30,2025-10-24,스타터 모터 내 수분이 유입될 가능성이 확인되었습니다.
비엠더블유코리아(주),520d xDrive,2019-10-17,2019-10-17,2025-10-24,스타터 모터 내 수분이 유입될 가능성이 확인되었습니다.
비엠더블유코리아(주),520i,2020-06-15,2020-07-30,2025-10-24,스타터 모터 내 수분이 유입될 가능성이 확인되었습니다.
비엠더블유코리아(주),520i,2018-12-05,2018-12-05,2025-10-24,스타터 모터 내 수분이 유입될 가능성이 확인되었습니다.
비엠더블유코리아(주),520i,2019-06-12,2020-06-30,2025-10-24,스타터 모터 내 수분이 유입될 가능성이 확인되었습니다.
비엠더블유코리아(주),520i,2019-09-20,2020-02-12,2025-10-24,스타터 모터 내 수분이 유입될 가능성이 확인되었습니다.
에프엘오토코리아 유한회사,2022-2024년식 Expedition,2021-12-08,2024-08-18,2025-10-24,"일부 2022-2024년식 Expedition, Navigator 차량은 엔진룸 내부 전륜 브레이크 라인 변형으로 인해 에어 클리너 플라스틱 파이프와 접촉이 발생될 수 있습니다. 이로 인해 마찰이 발생되며 라인이 마모되어 브레이크액이 누유될 경우 제동 성능 저하로 인하여 차량 정지거리가 늘어나 사고가 발생할 가능성이 있는 것으로 확인되었습니다."
에프엘오토코리아 유한회사,2022-2023년식 Navigator,2021-12-15,2023-08-08,2025-10-24,"일부 2022-2024년식 Expedition, Navigator 차량은 엔진룸 내부 전륜 브레이크 라인 변형으로 인해 에어 클리너 플라스틱 파이프와 접촉이 발생될 수 있습니다. 이로 인해 마찰이 발생되며 라인이 마모되어 브레이크액이 누유될 경우 제동 성능 저하로 인하여 차량 정지거리가 늘어나 사고가 발생할 가능성이 있는 것으로 확인되었습니다."
에프엘오토코리아 유한회사,2023-2024년식 Ranger Raptor,2023-02-21,2023-08-23,2025-10-24,"일부 2022-2024년식 Ranger, Mustang, Nautilus, Expedition, Navigator, 및 Bronco 차량은 인포테인먼트 화면이 정지되거나, 갑자기 시스템이 재부팅될 수 있습니다. 어라운드 뷰 (360º 카메라) 또는 후방 카메라 시스템 작동 중 이러한 현상이 발생되는 경우 주변 및/또는 후방 시야에 영향을 미쳐 충돌 위험을 증가시킬 수 있습니다."
에프엘오토코리아 유한회사,2023년식 Ranger Wildtrak,2023-07-18,2023-08-11,2025-10-24,"일부 2022-2024년식 Ranger, Mustang, Nautilus, Expedition, Navigator, 및 Bronco 차량은 인포테인먼트 화면이 정지되거나, 갑자기 시스템이 재부팅될 수 있습니다. 어라운드 뷰 (360º 카메라) 또는 후방 카메라 시스템 작동 중 이러한 현상이 발생되는 경우 주변 및/또는 후방 시야에 영향을 미쳐 충돌 위험을 증가시킬 수 있습니다."
에프엘오토코리아 유한회사,2024년식 Mustang 5.0,2023-10-11,2023-11-28,2025-10-24,"일부 2022-2024년식 Ranger, Mustang, Nautilus, Expedition, Navigator, 및 Bronco 차량은 인포테인먼트 화면이 정지되거나, 갑자기 시스템이 재부팅될 수 있습니다. 어라운드 뷰 (360º 카메라) 또는 후방 카메라 시스템 작동 중 이러한 현상이 발생되는 경우 주변 및/또는 후방 시야에 영향을 미쳐 충돌 위험을 증가시킬 수 있습니다."
에프엘오토코리아 유한회사,2024년식 Mustang 2.3,2023-10-10,2023-12-13,2025-10-24,"일부 2022-2024년식 Ranger, Mustang, Nautilus, Expedition, Navigator, 및 Bronco 차량은 인포테인먼트 화면이 정지되거나, 갑자기 시스템이 재부팅될 수 있습니다. 어라운드 뷰 (360º 카메라) 또는 후방 카메라 시스템 작동 중 이러한 현상이 발생되는 경우 주변 및/또는 후방 시야에 영향을 미쳐 충돌 위험을 증가시킬 수 있습니다."
에프엘오토코리아 유한회사,2023년식 Nautilus,2023-05-15,2023-08-11,2025-10-24,"일부 2022-2024년식 Ranger, Mustang, Nautilus, Expedition, Navigator, 및 Bronco 차량은 인포테인먼트 화면이 정지되거나, 갑자기 시스템이 재부팅될 수 있습니다. 어라운드 뷰 (360º 카메라) 또는 후방 카메라 시스템 작동 중 이러한 현상이 발생되는 경우 주변 및/또는 후방 시야에 영향을 미쳐 충돌 위험을 증가시킬 수 있습니다."
에프엘오토코리아 유한회사,2022-2024년식 Expedition,2021-12-08,2024-05-15,2025-10-24,"일부 2022-2024년식 Ranger, Mustang, Nautilus, Expedition, Navigator, 및 Bronco 차량은 인포테인먼트 화면이 정지되거나, 갑자기 시스템이 재부팅될 수 있습니다. 어라운드 뷰 (360º 카메라) 또는 후방 카메라 시스템 작동 중 이러한 현상이 발생되는 경우 주변 및/또는 후방 시야에 영향을 미쳐 충돌 위험을 증가시킬 수 있습니다."
에프엘오토코리아 유한회사,2023-2024년식 Navigator,2023-02-22,2023-08-08,2025-10-24,"일부 2022-2024년식 Ranger, Mustang, Nautilus, Expedition, Navigator, 및 Bronco 차량은 인포테인먼트 화면이 정지되거나, 갑자기 시스템이 재부팅될 수 있습니다. 어라운드 뷰 (360º 카메라) 또는 후방 카메라 시스템 작동 중 이러한 현상이 발생되는 경우 주변 및/또는 후방 시야에 영향을 미쳐 충돌 위험을 증가시킬 수 있습니다."
에프엘오토코리아 유한회사,2022-2024년식 Bronco 2.7,2022-02-17,2023-12-07,2025-10-24,"일부 2022-2024년식 Ranger, Mustang, Nautilus, Expedition, Navigator, 및 Bronco 차량은 인포테인먼트 화면이 정지되거나, 갑자기 시스템이 재부팅될 수 있습니다. 어라운드 뷰 (360º 카메라) 또는 후방 카메라 시스템 작동 중 이러한 현상이 발생되는 경우 주변 및/또는 후방 시야에 영향을 미쳐 충돌 위험을 증가시킬 수 있습니다."
에프엘오토코리아 유한회사,2024년식 Bronco 2.3,2023-11-29,2023-11-29,2025-10-24,"일부 2022-2024년식 Ranger, Mustang, Nautilus, Expedition, Navigator, 및 Bronco 차량은 인포테인먼트 화면이 정지되거나, 갑자기 시스템이 재부팅될 수 있습니다. 어라운드 뷰 (360º 카메라) 또는 후방 카메라 시스템 작동 중 이러한 현상이 발생되는 경우 주변 및/또는 후방 시야에 영향을 미쳐 충돌 위험을 증가시킬 수 있습니다."
비와이디코리아오토유한회사,T4K,2023-03-27,2024-06-24,2025-10-29,스티어링 기어박스 고정 볼트/너트 공급업체에서 오사양 공급으로 인한 체결력 부족.
현대자동차(주),코나(OS),2018-03-29,2020-08-27,2025-10-29,"현대자동차㈜에서는 코나(OS), 투싼(TL) 디젤 1.6 엔진 장착 일부 차량에서 연료필터 설계오류(유리섬유 성분 사용)로 인해 여과지의 유리섬유 성분이 탈락되어 고압펌프로 유입되면 고압펌프의 내부 부품이 손상되어 연료분사가 정상적으로 작동되지 않아 시동이 꺼질 가능성이 있는 결함이 발견되어 (결함인지일 : ’22. 5. 10) ’22. 7. 11 부터 시정조치를 진행하였음 시정조치 이후 코나(OS), 투싼(TL) 디젤 1.6 엔진 장착 일부 차량에서 기 조치차량 및 조치 대상 외 차량에서 고압펌프 및 연료계 부품 내부 잔존 연료필터 유리섬유 등 이물로 인해 고압펌프 내부가 손상되어 연료분사가 정상적으로 작동되지 않아 주행중 시동이 꺼질 가능성이 있는 결함이 발견되어 제작결함시정을 하고자 함"
현대자동차(주),투싼(TL),2018-01-15,2020-09-28,2025-10-29,"현대자동차㈜에서는 코나(OS), 투싼(TL) 디젤 1.6 엔진 장착 일부 차량에서 연료필터 설계오류(유리섬유 성분 사용)로 인해 여과지의 유리섬유 성분이 탈락되어 고압펌프로 유입되면 고압펌프의 내부 부품이 손상되어 연료분사가 정상적으로 작동되지 않아 시동이 꺼질 가능성이 있는 결함이 발견되어 (결함인지일 : ’22. 5. 10) ’22. 7. 11 부터 시정조치를 진행하였음 시정조치 이후 코나(OS), 투싼(TL) 디젤 1.6 엔진 장착 일부 차량에서 기 조치차량 및 조치 대상 외 차량에서 고압펌프 및 연료계 부품 내부 잔존 연료필터 유리섬유 등 이물로 인해 고압펌프 내부가 손상되어 연료분사가 정상적으로 작동되지 않아 주행중 시동이 꺼질 가능성이 있는 결함이 발견되어 제작결함시정을 하고자 함"
기아 주식회사,셀토스 (SP2),2019-07-04,2021-12-31,2025-10-29,"기아㈜에서는 셀토스(SP2), 스포티지(QL) 디젤 1.6 엔진 장착 일부 차량에서 연료필터 설계오류(유리섬유 성분 사용)로 인해 여과지의 유리섬유 성분이 탈락되어 고압펌프로 유입되면 고압펌프의 내부 부품이 손상되어 연료분사가 정상적으로 작동되지 않아 시동이 꺼질 가능성이 있는 결함이 발견되어 (결함인지일 : ’22. 5. 10) ’22. 7. 11 부터 시정조치를 진행하였음 시정조치 이후 셀토스(SP2), 스포티지(QL) 디젤 1.6 엔진 장착 일부 차량에서 기 조치차량 및 조치 대상 외 차량에서 고압펌프 및 연료계 부품 내부 잔존 연료필터 유리섬유 등 이물로 인해 고압펌프 내부가 손상되어 연료분사가 정상적으로 작동되지 않아 주행중 시동이 꺼질 가능성이 있는 결함이 발견되어 제작결함시정을 하고자 함 (결함인지일 : ’25. 9. 30)"
기아 주식회사,스포티지 (QL),2018-06-29,2021-07-09,2025-10-29,"기아㈜에서는 셀토스(SP2), 스포티지(QL) 디젤 1.6 엔진 장착 일부 차량에서 연료필터 설계오류(유리섬유 성분 사용)로 인해 여과지의 유리섬유 성분이 탈락되어 고압펌프로 유입되면 고압펌프의 내부 부품이 손상되어 연료분사가 정상적으로 작동되지 않아 시동이 꺼질 가능성이 있는 결함이 발견되어 (결함인지일 : ’22. 5. 10) ’22. 7. 11 부터 시정조치를 진행하였음 시정조치 이후 셀토스(SP2), 스포티지(QL) 디젤 1.6 엔진 장착 일부 차량에서 기 조치차량 및 조치 대상 외 차량에서 고압펌프 및 연료계 부품 내부 잔존 연료필터 유리섬유 등 이물로 인해 고압펌프 내부가 손상되어 연료분사가 정상적으로 작동되지 않아 주행중 시동이 꺼질 가능성이 있는 결함이 발견되어 제작결함시정을 하고자 함 (결함인지일 : ’25. 9. 30)"
스텔란티스코리아 주식회사,짚그랜드체로키,2013-03-27,2019-10-13,2025-10-30,"2014~2020년식 짚그랜드체로키 3.0L 디젤 승용자동차 관련하여, 엔진의 크랭크샤프트 센서로 신호를 주는 톤 휠 둘레에 위치한 자성 금속이 톤 휠로부터 분리될 경우 톤 휠 아래에 위치한 크랭크샤프트 센서와 톤 휠 자성 금속과의 자기장 신호가 끊겨 크랭크샤프트 센서가 크랭크샤프트의 위치/속도/회전방향을 엔진 컨트롤 모듈로 전달하지 못하고 이로 인해 엔진 컨트롤 모듈은 연료 분사 명령을 내리지 않을 수 있습니다."
현대자동차(주),포터II 일렉트릭(HR EV),2019-07-19,2025-03-05,2025-10-30,현대자동차㈜에서는 포터II 일렉트릭(HR EV) 일부 차량에서 배터리관리시스템(BMS) 진단로직 설계 미흡으로 배터리셀 미세 단락 등 문제 발생시 이를 사전에 감지하지 못해 고전압배터리 화재 발생 가능성
기아 주식회사,봉고Ⅲ 전기차(PUEV),2020-01-15,2025-04-15,2025-10-30,봉고Ⅲ 전기차 (PU EV) 일부 차량에서 배터리관리시스템(BMS) 진단로직 설계 미흡으로 배터리셀 미세 단락 등 문제 발생시 이를 사전에 감지하지 못해 고전압배터리 화재 발생 가능성
스텔란티스코리아 주식회사,짚체로키,2014-06-06,2016-05-24,2025-10-30,"후퇴등의 설치위치가 공차상태에서 지상 250mm 이상 1,200mm 이하여야만 하는데, 최대 허용치보다 13mm 높습니다.(측정값1,213mm)"
스텔란티스코리아 주식회사,Peugeot 308 1.2 Smart Hybid,2025-01-28,2025-02-11,2025-10-31,"멀티미디어 시스템의 소프트웨어 버전20.93이 장착된 차량에서 버그가 확인되었습니다. 이로 인해 관련 기능들이 작동하지 않고, 계기판이 꺼질 결함이 있습니다. 이는 운전자의 안전에 지장을 줄 수 있으므로 OTA(Over The Air) 방식으로 버전 30.92으로 대상차량의 소프트웨어 업데이트를 진행하고자 합니다"
스텔란티스코리아 주식회사,Peugeot 308 1.5 BlueHDi,2022-10-12,2022-10-12,2025-10-31,"멀티미디어 시스템의 소프트웨어 버전20.93이 장착된 차량에서 버그가 확인되었습니다. 이로 인해 관련 기능들이 작동하지 않고, 계기판이 꺼질 결함이 있습니다. 이는 운전자의 안전에 지장을 줄 수 있으므로 OTA(Over The Air) 방식으로 버전 30.92으로 대상차량의 소프트웨어 업데이트를 진행하고자 합니다"
스텔란티스코리아 주식회사,Peugeot 408 1.2 Puretech,2023-10-12,2024-09-21,2025-10-31,"멀티미디어 시스템의 소프트웨어 버전20.93이 장착된 차량에서 버그가 확인되었습니다. 이로 인해 관련 기능들이 작동하지 않고, 계기판이 꺼질 결함이 있습니다. 이는 운전자의 안전에 지장을 줄 수 있으므로 OTA(Over The Air) 방식으로 버전 30.92으로 대상차량의 소프트웨어 업데이트를 진행하고자 합니다"
스텔란티스코리아 주식회사,Peugeot 308 SW 1.6 BlueHDi,2015-10-12,2019-02-01,2025-10-31,"ICR(규제 점검 지침) 정기 시험 중 2열(좌우 양쪽) 안전벨트 인장 강도 시험에서 불합격 판정을 받았습니다. 이는 차량의 제조 설계 문제로, 국내 법규인 「자동차 및 자동차부품의 성능과 기준에 관한 규칙」 제112조의3에서 정한 기준 하중(1,470 daN)을 견뎌야 하지만, 시험 결과 1,150 daN에서 파손되어 기준에 부적합한 것으로 확인되어 제작결함 시정 조치를 실시하고자 합니다."
스텔란티스코리아 주식회사,Peugeot 308 SW 2.0 BlueHDi,2015-10-12,2019-02-01,2025-10-31,"ICR(규제 점검 지침) 정기 시험 중 2열(좌우 양쪽) 안전벨트 인장 강도 시험에서 불합격 판정을 받았습니다. 이는 차량의 제조 설계 문제로, 국내 법규인 「자동차 및 자동차부품의 성능과 기준에 관한 규칙」 제112조의3에서 정한 기준 하중(1,470 daN)을 견뎌야 하지만, 시험 결과 1,150 daN에서 파손되어 기준에 부적합한 것으로 확인되어 제작결함 시정 조치를 실시하고자 합니다."
(유)기흥모터스,HARLEY-DAVIDSON RH1250S,2021-08-06,2025-07-01,2025-11-06,어퍼 트리플 클램프 파손
스텔란티스코리아 주식회사,Peugeot 308 1.5 BlueHDi,2017-10-03,2021-09-07,2025-11-06,"흡,배기 캠축 스프라켓을 구동시켜주는 타이밍 체인 부품설계 과정에서 체인간 충분한 유격을 고려하지 않고 설계되었습니다. 이로 인해 시간이 지나면서 엔진 오일 내에 카본이 누적되면 타이밍 체인의 마찰력이 증가하고, 피로도가 축적되어 주행 중 또는 시동 시 이상 소음이 발생할 수 있습니다. 드물게는 타이밍 체인이 파손되어 엔진 시동이 불가능하거나, 주행 중 시동이 꺼질 가능성도 있습니다. 이는 운전자의 안전에 지장을 줄 수 있으므로 제작결함 시정을 하고자 합니다."
스텔란티스코리아 주식회사,Peugeot 508 1.5 BlueHDi,2018-01-11,2022-12-31,2025-11-06,"흡,배기 캠축 스프라켓을 구동시켜주는 타이밍 체인 부품설계 과정에서 체인간 충분한 유격을 고려하지 않고 설계되었습니다. 이로 인해 시간이 지나면서 엔진 오일 내에 카본이 누적되면 타이밍 체인의 마찰력이 증가하고, 피로도가 축적되어 주행 중 또는 시동 시 이상 소음이 발생할 수 있습니다. 드물게는 타이밍 체인이 파손되어 엔진 시동이 불가능하거나, 주행 중 시동이 꺼질 가능성도 있습니다. 이는 운전자의 안전에 지장을 줄 수 있으므로 제작결함 시정을 하고자 합니다."
스텔란티스코리아 주식회사,Peugeot 308 1.5 BlueHDi,2023-01-11,2023-01-31,2025-11-06,"흡,배기 캠축 스프라켓을 구동시켜주는 타이밍 체인 부품설계 과정에서 체인간 충분한 유격을 고려하지 않고 설계되었습니다. 이로 인해 시간이 지나면서 엔진 오일 내에 카본이 누적되면 타이밍 체인의 마찰력이 증가하고, 피로도가 축적되어 주행 중 또는 시동 시 이상 소음이 발생할 수 있습니다. 드물게는 타이밍 체인이 파손되어 엔진 시동이 불가능하거나, 주행 중 시동이 꺼질 가능성도 있습니다. 이는 운전자의 안전에 지장을 줄 수 있으므로 제작결함 시정을 하고자 합니다."
스텔란티스코리아 주식회사,Peugeot 2008 1.5 BlueHDi,2017-12-06,2019-11-07,2025-11-06,"흡,배기 캠축 스프라켓을 구동시켜주는 타이밍 체인 부품설계 과정에서 체인간 충분한 유격을 고려하지 않고 설계되었습니다. 이로 인해 시간이 지나면서 엔진 오일 내에 카본이 누적되면 타이밍 체인의 마찰력이 증가하고, 피로도가 축적되어 주행 중 또는 시동 시 이상 소음이 발생할 수 있습니다. 드물게는 타이밍 체인이 파손되어 엔진 시동이 불가능하거나, 주행 중 시동이 꺼질 가능성도 있습니다. 이는 운전자의 안전에 지장을 줄 수 있으므로 제작결함 시정을 하고자 합니다."
스텔란티스코리아 주식회사,Peugeot 2008 1.5 BlueHDi,2020-07-08,2022-09-27,2025-11-06,"흡,배기 캠축 스프라켓을 구동시켜주는 타이밍 체인 부품설계 과정에서 체인간 충분한 유격을 고려하지 않고 설계되었습니다. 이로 인해 시간이 지나면서 엔진 오일 내에 카본이 누적되면 타이밍 체인의 마찰력이 증가하고, 피로도가 축적되어 주행 중 또는 시동 시 이상 소음이 발생할 수 있습니다. 드물게는 타이밍 체인이 파손되어 엔진 시동이 불가능하거나, 주행 중 시동이 꺼질 가능성도 있습니다. 이는 운전자의 안전에 지장을 줄 수 있으므로 제작결함 시정을 하고자 합니다."
스텔란티스코리아 주식회사,Peugeot 3008 / 5008 1.5 BlueHDi,2017-10-11,2023-01-31,2025-11-06,"흡,배기 캠축 스프라켓을 구동시켜주는 타이밍 체인 부품설계 과정에서 체인간 충분한 유격을 고려하지 않고 설계되었습니다. 이로 인해 시간이 지나면서 엔진 오일 내에 카본이 누적되면 타이밍 체인의 마찰력이 증가하고, 피로도가 축적되어 주행 중 또는 시동 시 이상 소음이 발생할 수 있습니다. 드물게는 타이밍 체인이 파손되어 엔진 시동이 불가능하거나, 주행 중 시동이 꺼질 가능성도 있습니다. 이는 운전자의 안전에 지장을 줄 수 있으므로 제작결함 시정을 하고자 합니다."
스텔란티스코리아 주식회사,Citroen C3 Aircross 1.5 BlueHDi,2017-10-10,2023-01-30,2025-11-06,"흡,배기 캠축 스프라켓을 구동시켜주는 타이밍 체인 부품설계 과정에서 체인간 충분한 유격을 고려하지 않고 설계되었습니다. 이로 인해 시간이 지나면서 엔진 오일 내에 카본이 누적되면 타이밍 체인의 마찰력이 증가하고, 피로도가 축적되어 주행 중 또는 시동 시 이상 소음이 발생할 수 있습니다. 드물게는 타이밍 체인이 파손되어 엔진 시동이 불가능하거나, 주행 중 시동이 꺼질 가능성도 있습니다. 이는 운전자의 안전에 지장을 줄 수 있으므로 제작결함 시정을 하고자 합니다."
스텔란티스코리아 주식회사,Citroen C4 Cactus 1.5 BlueHDi,2017-12-12,2020-10-06,2025-11-06,"흡,배기 캠축 스프라켓을 구동시켜주는 타이밍 체인 부품설계 과정에서 체인간 충분한 유격을 고려하지 않고 설계되었습니다. 이로 인해 시간이 지나면서 엔진 오일 내에 카본이 누적되면 타이밍 체인의 마찰력이 증가하고, 피로도가 축적되어 주행 중 또는 시동 시 이상 소음이 발생할 수 있습니다. 드물게는 타이밍 체인이 파손되어 엔진 시동이 불가능하거나, 주행 중 시동이 꺼질 가능성도 있습니다. 이는 운전자의 안전에 지장을 줄 수 있으므로 제작결함 시정을 하고자 합니다."
스텔란티스코리아 주식회사,Citroen C4 Piccaso 1.5 BlueHDi,2018-01-25,2022-06-27,2025-11-06,"흡,배기 캠축 스프라켓을 구동시켜주는 타이밍 체인 부품설계 과정에서 체인간 충분한 유격을 고려하지 않고 설계되었습니다. 이로 인해 시간이 지나면서 엔진 오일 내에 카본이 누적되면 타이밍 체인의 마찰력이 증가하고, 피로도가 축적되어 주행 중 또는 시동 시 이상 소음이 발생할 수 있습니다. 드물게는 타이밍 체인이 파손되어 엔진 시동이 불가능하거나, 주행 중 시동이 꺼질 가능성도 있습니다. 이는 운전자의 안전에 지장을 줄 수 있으므로 제작결함 시정을 하고자 합니다."
스텔란티스코리아 주식회사,Citroen C5 Aircross 1.5 BlueHDi,2018-06-14,2023-01-31,2025-11-06,"흡,배기 캠축 스프라켓을 구동시켜주는 타이밍 체인 부품설계 과정에서 체인간 충분한 유격을 고려하지 않고 설계되었습니다. 이로 인해 시간이 지나면서 엔진 오일 내에 카본이 누적되면 타이밍 체인의 마찰력이 증가하고, 피로도가 축적되어 주행 중 또는 시동 시 이상 소음이 발생할 수 있습니다. 드물게는 타이밍 체인이 파손되어 엔진 시동이 불가능하거나, 주행 중 시동이 꺼질 가능성도 있습니다. 이는 운전자의 안전에 지장을 줄 수 있으므로 제작결함 시정을 하고자 합니다."
스텔란티스코리아 주식회사,DS3 Crossback 1.5 BlueHDi,2018-06-26,2023-01-31,2025-11-06,"흡,배기 캠축 스프라켓을 구동시켜주는 타이밍 체인 부품설계 과정에서 체인간 충분한 유격을 고려하지 않고 설계되었습니다. 이로 인해 시간이 지나면서 엔진 오일 내에 카본이 누적되면 타이밍 체인의 마찰력이 증가하고, 피로도가 축적되어 주행 중 또는 시동 시 이상 소음이 발생할 수 있습니다. 드물게는 타이밍 체인이 파손되어 엔진 시동이 불가능하거나, 주행 중 시동이 꺼질 가능성도 있습니다. 이는 운전자의 안전에 지장을 줄 수 있으므로 제작결함 시정을 하고자 합니다."
스텔란티스코리아 주식회사,DS4 Crossback 1.5 BlueHDi,2018-07-20,2023-01-31,2025-11-06,"흡,배기 캠축 스프라켓을 구동시켜주는 타이밍 체인 부품설계 과정에서 체인간 충분한 유격을 고려하지 않고 설계되었습니다. 이로 인해 시간이 지나면서 엔진 오일 내에 카본이 누적되면 타이밍 체인의 마찰력이 증가하고, 피로도가 축적되어 주행 중 또는 시동 시 이상 소음이 발생할 수 있습니다. 드물게는 타이밍 체인이 파손되어 엔진 시동이 불가능하거나, 주행 중 시동이 꺼질 가능성도 있습니다. 이는 운전자의 안전에 지장을 줄 수 있으므로 제작결함 시정을 하고자 합니다."
스텔란티스코리아 주식회사,DS7 Crossback 1.5 BlueHDi,2017-10-04,2023-01-31,2025-11-06,"흡,배기 캠축 스프라켓을 구동시켜주는 타이밍 체인 부품설계 과정에서 체인간 충분한 유격을 고려하지 않고 설계되었습니다. 이로 인해 시간이 지나면서 엔진 오일 내에 카본이 누적되면 타이밍 체인의 마찰력이 증가하고, 피로도가 축적되어 주행 중 또는 시동 시 이상 소음이 발생할 수 있습니다. 드물게는 타이밍 체인이 파손되어 엔진 시동이 불가능하거나, 주행 중 시동이 꺼질 가능성도 있습니다. 이는 운전자의 안전에 지장을 줄 수 있으므로 제작결함 시정을 하고자 합니다."
유한회사 모토로싸,Panigale V4,2021-01-21,2021-06-03,2025-11-07,뒷차축의 구조적 강성 부족으로 인해 뒷차축에 균열이 발생하여 파손될 수 있음
유한회사 모토로싸,Panigale V4 S,2021-01-21,2021-06-28,2025-11-07,뒷차축의 구조적 강성 부족으로 인해 뒷차축에 균열이 발생하여 파손될 수 있음
유한회사 모토로싸,Panigale V4 S,2022-03-17,2024-05-17,2025-11-07,뒷차축의 구조적 강성 부족으로 인해 뒷차축에 균열이 발생하여 파손될 수 있음
유한회사 모토로싸,Panigale V4 SP 2,2022-03-30,2023-05-08,2025-11-07,뒷차축의 구조적 강성 부족으로 인해 뒷차축에 균열이 발생하여 파손될 수 있음
유한회사 모토로싸,Panigale V4,2018-07-19,2019-07-18,2025-11-07,뒷차축의 구조적 강성 부족으로 인해 뒷차축에 균열이 발생하여 파손될 수 있음
유한회사 모토로싸,Panigale V4 S,2018-07-13,2019-07-31,2025-11-07,뒷차축의 구조적 강성 부족으로 인해 뒷차축에 균열이 발생하여 파손될 수 있음
유한회사 모토로싸,Panigale V4 Speciale Tricolore,2018-07-19,2018-11-21,2025-11-07,뒷차축의 구조적 강성 부족으로 인해 뒷차축에 균열이 발생하여 파손될 수 있음
유한회사 모토로싸,Panigale V4 R,2019-04-16,2020-03-13,2025-11-07,뒷차축의 구조적 강성 부족으로 인해 뒷차축에 균열이 발생하여 파손될 수 있음
유한회사 모토로싸,Panigale V4,2020-01-27,2020-07-14,2025-11-07,뒷차축의 구조적 강성 부족으로 인해 뒷차축에 균열이 발생하여 파손될 수 있음
유한회사 모토로싸,Panigale V4 S,2019-12-12,2020-03-11,2025-11-07,뒷차축의 구조적 강성 부족으로 인해 뒷차축에 균열이 발생하여 파손될 수 있음
유한회사 모토로싸,Superleggera V4,2020-07-22,2020-09-17,2025-11-07,뒷차축의 구조적 강성 부족으로 인해 뒷차축에 균열이 발생하여 파손될 수 있음
유한회사 모토로싸,StreetFighter V4,2020-05-16,2020-06-29,2025-11-07,뒷차축의 구조적 강성 부족으로 인해 뒷차축에 균열이 발생하여 파손될 수 있음
유한회사 모토로싸,StreetFighter V4 S,2020-04-28,2020-07-24,2025-11-07,뒷차축의 구조적 강성 부족으로 인해 뒷차축에 균열이 발생하여 파손될 수 있음
유한회사 모토로싸,StreetFighter V4,2021-03-05,2021-06-09,2025-11-07,뒷차축의 구조적 강성 부족으로 인해 뒷차축에 균열이 발생하여 파손될 수 있음
유한회사 모토로싸,StreetFighter V4 S,2020-12-10,2022-10-20,2025-11-07,뒷차축의 구조적 강성 부족으로 인해 뒷차축에 균열이 발생하여 파손될 수 있음
유한회사 모토로싸,StreetFighter V4 SP,2022-01-14,2022-04-21,2025-11-07,뒷차축의 구조적 강성 부족으로 인해 뒷차축에 균열이 발생하여 파손될 수 있음
유한회사 모토로싸,StreetFighter V4 Lamborghini,2023-10-26,2023-10-27,2025-11-07,뒷차축의 구조적 강성 부족으로 인해 뒷차축에 균열이 발생하여 파손될 수 있음
유한회사 모토로싸,StreetFighter V4 S,2023-09-08,2024-06-13,2025-11-07,뒷차축의 구조적 강성 부족으로 인해 뒷차축에 균열이 발생하여 파손될 수 있음
유한회사 모토로싸,Panigale V4 MotoGP Replica,2023-09-20,2023-09-20,2025-11-07,뒷차축의 구조적 강성 부족으로 인해 뒷차축에 균열이 발생하여 파손될 수 있음
주식회사 이비온,E6,2022-08-09,2023-09-18,2025-11-10,제작결함이 있는 구조 . 장치 : 코너링 조명등 ※ 코너링 조명등 설명 : 자동차의 앞측면에 설치되어 자동차가 회전하는 부분에 추가적인 조명을 제공하는 등화장치 - 제작결함의 원인: 제원신고시 기재오류 및 차량생산과정에서 국내 미적용사양의 램프가 장착됨.
스텔란티스코리아 주식회사,Peugeot 308 1.5 BlueHDi,2022-01-11,2023-11-12,2025-11-10,"차량의 멀티미디어 시스템의 소프트웨어 버전20.93이 장착된 차량에서 버그가 확인되었습니다. 이로 인해 관련 기능들이 작동하지 않고, 계기판이 꺼질 결함이 있습니다. 이는 운전자의 안전에 지장을 줄 수 있으므로 OTA(Over The Air) 방식으로 버전 26.82으로 대상차량의 소프트웨어 업데이트를 진행하고자 합니다"
스텔란티스코리아 주식회사,Peugeot 408 1.2 PureTech,2022-01-28,2023-11-11,2025-11-10,"차량의 멀티미디어 시스템의 소프트웨어 버전20.93이 장착된 차량에서 버그가 확인되었습니다. 이로 인해 관련 기능들이 작동하지 않고, 계기판이 꺼질 결함이 있습니다. 이는 운전자의 안전에 지장을 줄 수 있으므로 OTA(Over The Air) 방식으로 버전 26.82으로 대상차량의 소프트웨어 업데이트를 진행하고자 합니다"
스텔란티스코리아 주식회사,DS4 Crossback 1.5 BlueHDilueHDi,2022-01-12,2023-09-21,2025-11-10,"차량의 멀티미디어 시스템의 소프트웨어 버전20.93이 장착된 차량에서 버그가 확인되었습니다. 이로 인해 관련 기능들이 작동하지 않고, 계기판이 꺼질 결함이 있습니다. 이는 운전자의 안전에 지장을 줄 수 있으므로 OTA(Over The Air) 방식으로 버전 26.82으로 대상차량의 소프트웨어 업데이트를 진행하고자 합니다"
메르세데스벤츠코리아(주),G 450 d,2025-04-25,2025-04-25,2025-11-14,공급업체의 생산 공정 편차로 인해 특정 전면 근거리 센서 회로기판의 전기 연결부(통로)가 요구사양을 충족하지 못할 수 있습니다.
현대자동차(주),쏠라티(EU),2023-02-01,2025-03-06,2025-11-14,쏠라티(EU) 일부 차량에서 조수석 에어백 인플레이터 용기의 제조불량으로 인해 저온조건에서 에어백 전개 시 인플레이터 용기가 파열되며 승객이 상해를 입을 가능성이 있는 결함
에프엘오토코리아 유한회사,2025년식 Aviator,2024-06-10,2025-06-03,2025-11-14,"일부 2025년식 Aviator 차량은 도어 컨트롤 모듈의 잘못된 소프트웨어 설정으로 인해 특정 조건에서 측면 창유리 끼임 방지 기능이 작동 기준 하중인 100뉴턴(N) 이상이 가해졌을 때 작동하지 않고, 하중이 100뉴턴(N)을 초과한 이후에 작동될 수 있습니다. 그리하여 「미국안전기준 FMVSS No.118 - 파워 윈도우, 칸막이」를 준수하지 못하였습니다. 그리하여 제작결함을 시정하고자 합니다. *해당 차량은 한·미 FTA로 수입된 미국생산 차량으로서『미국자동차안전기준(FMVSS)』을 준수해야 합니다."
혼다코리아(주),CB1000SP,2024-12-06,2025-03-10,2025-11-14,기어 체인지 페달 피벗 볼트(동력전달장치) 체결면의 도장이 배기관의 열에 의해 변형되면 피벗 볼트의 체결이 느슨해질 수 있습니다.
비엠더블유코리아(주),BMW 120,2025-08-08,2025-09-29,2025-11-18,"뒷좌석 외측 안전띠 리트렉터 내 *CS센서가 부정확하게 장착되었을 가능성이 확인되었습니다. *CS 센서 (Car Sensitivity 센서: 차량의 급제동, 급회전, 전복 등의 상태를 감지하여 안전띠를 고정하기 위한 센서)"
비엠더블유코리아(주),BMW iX1 eDrive20,2025-09-20,2025-09-22,2025-11-18,"뒷좌석 외측 안전띠 리트렉터 내 *CS센서가 부정확하게 장착되었을 가능성이 확인되었습니다. *CS 센서 (Car Sensitivity 센서: 차량의 급제동, 급회전, 전복 등의 상태를 감지하여 안전띠를 고정하기 위한 센서)"
비엠더블유코리아(주),BMW iX1 xDrive30,2025-08-06,2025-09-22,2025-11-18,"뒷좌석 외측 안전띠 리트렉터 내 *CS센서가 부정확하게 장착되었을 가능성이 확인되었습니다. *CS 센서 (Car Sensitivity 센서: 차량의 급제동, 급회전, 전복 등의 상태를 감지하여 안전띠를 고정하기 위한 센서)"
비엠더블유코리아(주),BMW M135 xDrive,2025-08-22,2025-09-24,2025-11-18,"뒷좌석 외측 안전띠 리트렉터 내 *CS센서가 부정확하게 장착되었을 가능성이 확인되었습니다. *CS 센서 (Car Sensitivity 센서: 차량의 급제동, 급회전, 전복 등의 상태를 감지하여 안전띠를 고정하기 위한 센서)"
비엠더블유코리아(주),BMW X1 M35i xDrive,2025-08-07,2025-08-08,2025-11-18,"뒷좌석 외측 안전띠 리트렉터 내 *CS센서가 부정확하게 장착되었을 가능성이 확인되었습니다. *CS 센서 (Car Sensitivity 센서: 차량의 급제동, 급회전, 전복 등의 상태를 감지하여 안전띠를 고정하기 위한 센서)"
비엠더블유코리아(주),BMW X1 sDrive18d,2025-08-07,2025-08-08,2025-11-18,"뒷좌석 외측 안전띠 리트렉터 내 *CS센서가 부정확하게 장착되었을 가능성이 확인되었습니다. *CS 센서 (Car Sensitivity 센서: 차량의 급제동, 급회전, 전복 등의 상태를 감지하여 안전띠를 고정하기 위한 센서)"
비엠더블유코리아(주),BMW X1 xDrive20i,2025-08-07,2025-09-18,2025-11-18,"뒷좌석 외측 안전띠 리트렉터 내 *CS센서가 부정확하게 장착되었을 가능성이 확인되었습니다. *CS 센서 (Car Sensitivity 센서: 차량의 급제동, 급회전, 전복 등의 상태를 감지하여 안전띠를 고정하기 위한 센서)"
비엠더블유코리아(주),BMW X2 M35i xDrive,2025-08-05,2025-08-06,2025-11-18,"뒷좌석 외측 안전띠 리트렉터 내 *CS센서가 부정확하게 장착되었을 가능성이 확인되었습니다. *CS 센서 (Car Sensitivity 센서: 차량의 급제동, 급회전, 전복 등의 상태를 감지하여 안전띠를 고정하기 위한 센서)"
비엠더블유코리아(주),BMW X2 xDrive20i,2025-08-05,2025-08-07,2025-11-18,"뒷좌석 외측 안전띠 리트렉터 내 *CS센서가 부정확하게 장착되었을 가능성이 확인되었습니다. *CS 센서 (Car Sensitivity 센서: 차량의 급제동, 급회전, 전복 등의 상태를 감지하여 안전띠를 고정하기 위한 센서)"
비엠더블유코리아(주),MINI Countryman S ALL4,2025-08-06,2025-09-04,2025-11-18,"뒷좌석 외측 안전띠 리트렉터 내 *CS센서가 부정확하게 장착되었을 가능성이 확인되었습니다. *CS 센서 (Car Sensitivity 센서: 차량의 급제동, 급회전, 전복 등의 상태를 감지하여 안전띠를 고정하기 위한 센서)"
에프엘오토코리아 유한회사,2025년식 Explorer,2025-01-17,2025-07-15,2025-11-20,"2025년식 Explorer, Aviator 일부 차량에서 트레일러 견인장치의 고정 볼트가 제대로 조여지지 않았을 수 있습니다. 볼트가 느슨한 상태로 트레일러를 견인하면 조향이 어려워지거나 견인장치가 분리되는 등 심각한 사고로 이어질 수 있습니다. 그리하여 제작결함을 시정하고자 합니다."
에프엘오토코리아 유한회사,2025년식 Aviator,2024-09-04,2025-04-03,2025-11-20,"2025년식 Explorer, Aviator 일부 차량에서 트레일러 견인장치의 고정 볼트가 제대로 조여지지 않았을 수 있습니다. 볼트가 느슨한 상태로 트레일러를 견인하면 조향이 어려워지거나 견인장치가 분리되는 등 심각한 사고로 이어질 수 있습니다. 그리하여 제작결함을 시정하고자 합니다."
허스크바나모터싸이클코리아 주식회사,HUSQVARNA SVARTPILEN 125,2023-09-15,2024-05-22,2025-11-28,"출고당시 제품에는 문제가 없으나, 해당 부품의 제작성분 결함으로 인하여 장시간 사용 시 내구성의 문제로 찢어짐 또는 파손이 발생할 수 있음."
허스크바나모터싸이클코리아 주식회사,HUSQVARNA SVARTPILEN 401,2023-09-15,2024-08-26,2025-11-28,"출고당시 제품에는 문제가 없으나, 해당 부품의 제작성분 결함으로 인하여 장시간 사용 시 내구성의 문제로 찢어짐 또는 파손이 발생할 수 있음."
허스크바나모터싸이클코리아 주식회사,HUSQVARNA VITPILEN 125,2023-06-19,2024-08-26,2025-11-28,"출고당시 제품에는 문제가 없으나, 해당 부품의 제작성분 결함으로 인하여 장시간 사용 시 내구성의 문제로 찢어짐 또는 파손이 발생할 수 있음."
허스크바나모터싸이클코리아 주식회사,HUSQVARNA VITPILEN 401,2023-09-15,2024-09-06,2025-11-28,"출고당시 제품에는 문제가 없으나, 해당 부품의 제작성분 결함으로 인하여 장시간 사용 시 내구성의 문제로 찢어짐 또는 파손이 발생할 수 있음."
에프엘오토코리아 유한회사,2025년식 Nautilus,2025-03-24,2025-03-31,2025-11-28,"일부 2025년식 Nautilus 및 Mustang 일부 차량에서 외부 등화 장치 LED 모듈 내부 회로 문제로 인해 전조등 어셈블리 일부 기능(상향등, 하향등, 차폭등, 주간 주행등, 및/또는 방향 지시등)이 작동되지 않을 수 있습니다. 그리고 Nautilus 차량의 경우는 후미등, 후방 방향 지시등 및/또는 후방 차폭등도 작동하지 않을 수 있습니다. 이 경우 계기판에 ""어드밴스드 전방 조명 기능 일시적으로 사용 불가"" 경고 메시지가 표시되며 방향 지시등이 빠르게 깜빡입니다. *대상 차량 중 Mustang은 한·미 FTA로 수입된 미국 생산 차량입니다. 그리고 Nautilus 차량은 중국 생산 차량으로 한·미 FTA로 수입되지는 않았지만 『국내 자동차 및 자동차부품의 성능과 기준 제114조(기준적용의 특례) 7항』 및 『자동차 및 자동차부품의 성능과 기준 시행세칙 제4조(안전기준 인정 외국 안전기준)』에 따라 별표4에 해당하는 시험항목들은 미국(자체 시험성적서)을 선택하였습니다. * 사전 공지 때 보다 Mustang 차량 2대 대상 차량에 추가되었습니다. 그리고 사전 공지 이후 차량의 기록 데이터를 추적한 결과 187대의 Mustang 차량은 모두 문제가 없는 부품이 장착되어 생산된 것으로 추가 확인되었습니다. 그리하여 해당 187대는 대상에서 제외하였습니다. 해당 187대의 차주분들께는 별도의 고객통지문을 발송 할 예정입니다."
에프엘오토코리아 유한회사,2025년식 Mustang 2.3,2025-01-02,2025-03-17,2025-11-28,"일부 2025년식 Nautilus 및 Mustang 일부 차량에서 외부 등화 장치 LED 모듈 내부 회로 문제로 인해 전조등 어셈블리 일부 기능(상향등, 하향등, 차폭등, 주간 주행등, 및/또는 방향 지시등)이 작동되지 않을 수 있습니다. 그리고 Nautilus 차량의 경우는 후미등, 후방 방향 지시등 및/또는 후방 차폭등도 작동하지 않을 수 있습니다. 이 경우 계기판에 ""어드밴스드 전방 조명 기능 일시적으로 사용 불가"" 경고 메시지가 표시되며 방향 지시등이 빠르게 깜빡입니다. *대상 차량 중 Mustang은 한·미 FTA로 수입된 미국 생산 차량입니다. 그리고 Nautilus 차량은 중국 생산 차량으로 한·미 FTA로 수입되지는 않았지만 『국내 자동차 및 자동차부품의 성능과 기준 제114조(기준적용의 특례) 7항』 및 『자동차 및 자동차부품의 성능과 기준 시행세칙 제4조(안전기준 인정 외국 안전기준)』에 따라 별표4에 해당하는 시험항목들은 미국(자체 시험성적서)을 선택하였습니다. * 사전 공지 때 보다 Mustang 차량 2대 대상 차량에 추가되었습니다. 그리고 사전 공지 이후 차량의 기록 데이터를 추적한 결과 187대의 Mustang 차량은 모두 문제가 없는 부품이 장착되어 생산된 것으로 추가 확인되었습니다. 그리하여 해당 187대는 대상에서 제외하였습니다. 해당 187대의 차주분들께는 별도의 고객통지문을 발송 할 예정입니다."
에프엘오토코리아 유한회사,2022-2023년식 Bronco,2022-01-12,2023-09-13,2025-11-28,일부 2022-2023년식 Bronco 차량은 후방 카메라 부품의 내구성 문제로 인하여 후진 시 후방 카메라 화면에 블루 스크린 증상이 발생될 가능성이 있습니다. 이로 인해 후진 시 후방 시야가 방해되어 사고가 발생할 수 있어 제작결함을 시정하고자 합니다.
에프엘오토코리아 유한회사,2020-2022년식 Aviator PHEV,2020-02-12,2022-07-11,2025-11-28,"일부 2021-2025년식 Explorer, 2020-2025년식 Aviator 차량 중 2열 바깥쪽 좌석에 자동 폴딩 기능이 있는 좌석이 설치된 경우, 자동 폴딩 버튼 주변 커버가 잘못 설치되어 간헐적으로 버튼이 걸리거나 고정될 수 있습니다. 버튼이 눌린 상태로 고정되는 경우 주행 중 좌석이 예기치 않게 접히거나 이동할 수 있습니다. 주행 중 이런 현상이 발생되는 경우 승객이 부상 당할 수 있으며, 충돌 발생 시 부상 위험이 높아질 수 있습니다. 그리하여 제작결함을 시정하고자 합니다. *사전 보고 대비 Aviator 대상 차량 1대(미판매)가 추가되었습니다. 그리고 실시 보고 준비 과정에서 기판매된 차량 3대가 확인되어 미판매 분류에서 제외되었습니다. 이에 따라 총 대상 대수는 8,619대에서 8,620대로, 미판매 차량은 120대에서 118대로 최종 변경되었습니다."
에프엘오토코리아 유한회사,2020-2025년식 Aviator,2019-08-29,2024-11-04,2025-11-28,"일부 2021-2025년식 Explorer, 2020-2025년식 Aviator 차량 중 2열 바깥쪽 좌석에 자동 폴딩 기능이 있는 좌석이 설치된 경우, 자동 폴딩 버튼 주변 커버가 잘못 설치되어 간헐적으로 버튼이 걸리거나 고정될 수 있습니다. 버튼이 눌린 상태로 고정되는 경우 주행 중 좌석이 예기치 않게 접히거나 이동할 수 있습니다. 주행 중 이런 현상이 발생되는 경우 승객이 부상 당할 수 있으며, 충돌 발생 시 부상 위험이 높아질 수 있습니다. 그리하여 제작결함을 시정하고자 합니다. *사전 보고 대비 Aviator 대상 차량 1대(미판매)가 추가되었습니다. 그리고 실시 보고 준비 과정에서 기판매된 차량 3대가 확인되어 미판매 분류에서 제외되었습니다. 이에 따라 총 대상 대수는 8,619대에서 8,620대로, 미판매 차량은 120대에서 118대로 최종 변경되었습니다."
에프엘오토코리아 유한회사,2021-2025년식 Explorer,2020-09-01,2024-11-01,2025-11-28,"일부 2021-2025년식 Explorer, 2020-2025년식 Aviator 차량 중 2열 바깥쪽 좌석에 자동 폴딩 기능이 있는 좌석이 설치된 경우, 자동 폴딩 버튼 주변 커버가 잘못 설치되어 간헐적으로 버튼이 걸리거나 고정될 수 있습니다. 버튼이 눌린 상태로 고정되는 경우 주행 중 좌석이 예기치 않게 접히거나 이동할 수 있습니다. 주행 중 이런 현상이 발생되는 경우 승객이 부상 당할 수 있으며, 충돌 발생 시 부상 위험이 높아질 수 있습니다. 그리하여 제작결함을 시정하고자 합니다. *사전 보고 대비 Aviator 대상 차량 1대(미판매)가 추가되었습니다. 그리고 실시 보고 준비 과정에서 기판매된 차량 3대가 확인되어 미판매 분류에서 제외되었습니다. 이에 따라 총 대상 대수는 8,619대에서 8,620대로, 미판매 차량은 120대에서 118대로 최종 변경되었습니다."
(주)재규어랜드로버코리아,레인지로버 이보크 P250,2022-03-28,2023-03-02,2025-11-28,"당사에서 수입한‘레인지로버 이보크 P250’일부 차량에서 공급업체의 조립불량 문제로 후방카메라의 밀봉기능이 상실된 부품이 공급되어 카메라 안으로 수분이 침투할 경우 후방카메라 이미지의 품질이 불량하거나, 후방영상이 표시되지 않는 문제가 발생할 가능성이 있음"
폭스바겐그룹코리아 주식회사,Q8 55 TFSI qu.,2025-03-20,2025-03-22,2025-12-03,"특정 기간 동안 생산/수입된 일부 차량의 부품 생산 공정의 오류로 인하여, 전방 좌석 안전 벨트 버클에 리벳이 장착되지 않았을 가능성이 있습니다."
폭스바겐그룹코리아 주식회사,Q8 50 TDI qu.,2025-06-16,2025-08-22,2025-12-03,"특정 기간 동안 생산/수입된 일부 차량의 부품 생산 공정의 오류로 인하여, 전방 좌석 안전 벨트 버클에 리벳이 장착되지 않았을 가능성이 있습니다."
폭스바겐그룹코리아 주식회사,RSQ8 performance,2025-06-16,2025-06-16,2025-12-03,"특정 기간 동안 생산/수입된 일부 차량의 부품 생산 공정의 오류로 인하여, 전방 좌석 안전 벨트 버클에 리벳이 장착되지 않았을 가능성이 있습니다."
비엠더블유코리아(주),BMW 118d,2012-12-10,2014-05-20,2025-12-04,"최초 차량판매 당시에는 TAKATA 에어백이 적용되지 않은 스티어링 휠로 출고되었으나, 출고 이후 BMW에서 승인한 교체 부품 중 TAKATA 에어백이 적용된 스포츠 또는 M 스포츠 스티어링 휠을 고객이 장착했을 가능성이 확인되었습니다. 해당 스티어링 휠은 질산암모늄을 사용한 에어백 인플레이터가 장착되어 있으며 차량이 고온 다습한 지역에 장기간 노출되었을 때 인플레이터 내부 압축 가스 추진제가 변형되었을 수 있습니다."
비엠더블유코리아(주),BMW 118d,2015-11-17,2016-07-22,2025-12-04,"최초 차량판매 당시에는 TAKATA 에어백이 적용되지 않은 스티어링 휠로 출고되었으나, 출고 이후 BMW에서 승인한 교체 부품 중 TAKATA 에어백이 적용된 스포츠 또는 M 스포츠 스티어링 휠을 고객이 장착했을 가능성이 확인되었습니다. 해당 스티어링 휠은 질산암모늄을 사용한 에어백 인플레이터가 장착되어 있으며 차량이 고온 다습한 지역에 장기간 노출되었을 때 인플레이터 내부 압축 가스 추진제가 변형되었을 수 있습니다."
비엠더블유코리아(주),BMW 120d,2012-07-13,2013-11-22,2025-12-04,"최초 차량판매 당시에는 TAKATA 에어백이 적용되지 않은 스티어링 휠로 출고되었으나, 출고 이후 BMW에서 승인한 교체 부품 중 TAKATA 에어백이 적용된 스포츠 또는 M 스포츠 스티어링 휠을 고객이 장착했을 가능성이 확인되었습니다. 해당 스티어링 휠은 질산암모늄을 사용한 에어백 인플레이터가 장착되어 있으며 차량이 고온 다습한 지역에 장기간 노출되었을 때 인플레이터 내부 압축 가스 추진제가 변형되었을 수 있습니다."
비엠더블유코리아(주),BMW 120d,2009-01-13,2009-02-17,2025-12-04,"최초 차량판매 당시에는 TAKATA 에어백이 적용되지 않은 스티어링 휠로 출고되었으나, 출고 이후 BMW에서 승인한 교체 부품 중 TAKATA 에어백이 적용된 스포츠 또는 M 스포츠 스티어링 휠을 고객이 장착했을 가능성이 확인되었습니다. 해당 스티어링 휠은 질산암모늄을 사용한 에어백 인플레이터가 장착되어 있으며 차량이 고온 다습한 지역에 장기간 노출되었을 때 인플레이터 내부 압축 가스 추진제가 변형되었을 수 있습니다."
비엠더블유코리아(주),BMW 320d,2014-09-11,2014-09-11,2025-12-04,"최초 차량판매 당시에는 TAKATA 에어백이 적용되지 않은 스티어링 휠로 출고되었으나, 출고 이후 BMW에서 승인한 교체 부품 중 TAKATA 에어백이 적용된 스포츠 또는 M 스포츠 스티어링 휠을 고객이 장착했을 가능성이 확인되었습니다. 해당 스티어링 휠은 질산암모늄을 사용한 에어백 인플레이터가 장착되어 있으며 차량이 고온 다습한 지역에 장기간 노출되었을 때 인플레이터 내부 압축 가스 추진제가 변형되었을 수 있습니다."
비엠더블유코리아(주),BMW 320d,2015-12-17,2015-12-17,2025-12-04,"최초 차량판매 당시에는 TAKATA 에어백이 적용되지 않은 스티어링 휠로 출고되었으나, 출고 이후 BMW에서 승인한 교체 부품 중 TAKATA 에어백이 적용된 스포츠 또는 M 스포츠 스티어링 휠을 고객이 장착했을 가능성이 확인되었습니다. 해당 스티어링 휠은 질산암모늄을 사용한 에어백 인플레이터가 장착되어 있으며 차량이 고온 다습한 지역에 장기간 노출되었을 때 인플레이터 내부 압축 가스 추진제가 변형되었을 수 있습니다."
비엠더블유코리아(주),BMW 325d,2014-01-28,2014-07-28,2025-12-04,"최초 차량판매 당시에는 TAKATA 에어백이 적용되지 않은 스티어링 휠로 출고되었으나, 출고 이후 BMW에서 승인한 교체 부품 중 TAKATA 에어백이 적용된 스포츠 또는 M 스포츠 스티어링 휠을 고객이 장착했을 가능성이 확인되었습니다. 해당 스티어링 휠은 질산암모늄을 사용한 에어백 인플레이터가 장착되어 있으며 차량이 고온 다습한 지역에 장기간 노출되었을 때 인플레이터 내부 압축 가스 추진제가 변형되었을 수 있습니다."
비엠더블유코리아(주),BMW 420d Gran Coupe,2014-11-15,2014-11-15,2025-12-04,"최초 차량판매 당시에는 TAKATA 에어백이 적용되지 않은 스티어링 휠로 출고되었으나, 출고 이후 BMW에서 승인한 교체 부품 중 TAKATA 에어백이 적용된 스포츠 또는 M 스포츠 스티어링 휠을 고객이 장착했을 가능성이 확인되었습니다. 해당 스티어링 휠은 질산암모늄을 사용한 에어백 인플레이터가 장착되어 있으며 차량이 고온 다습한 지역에 장기간 노출되었을 때 인플레이터 내부 압축 가스 추진제가 변형되었을 수 있습니다."
비엠더블유코리아(주),BMW 420i Gran Coupe,2016-04-04,2016-04-04,2025-12-04,"최초 차량판매 당시에는 TAKATA 에어백이 적용되지 않은 스티어링 휠로 출고되었으나, 출고 이후 BMW에서 승인한 교체 부품 중 TAKATA 에어백이 적용된 스포츠 또는 M 스포츠 스티어링 휠을 고객이 장착했을 가능성이 확인되었습니다. 해당 스티어링 휠은 질산암모늄을 사용한 에어백 인플레이터가 장착되어 있으며 차량이 고온 다습한 지역에 장기간 노출되었을 때 인플레이터 내부 압축 가스 추진제가 변형되었을 수 있습니다."
비엠더블유코리아(주),BMW 520d,2013-06-13,2014-04-30,2025-12-04,"최초 차량판매 당시에는 TAKATA 에어백이 적용되지 않은 스티어링 휠로 출고되었으나, 출고 이후 BMW에서 승인한 교체 부품 중 TAKATA 에어백이 적용된 스포츠 또는 M 스포츠 스티어링 휠을 고객이 장착했을 가능성이 확인되었습니다. 해당 스티어링 휠은 질산암모늄을 사용한 에어백 인플레이터가 장착되어 있으며 차량이 고온 다습한 지역에 장기간 노출되었을 때 인플레이터 내부 압축 가스 추진제가 변형되었을 수 있습니다."
비엠더블유코리아(주),BMW 520d,2010-05-17,2013-05-16,2025-12-04,"최초 차량판매 당시에는 TAKATA 에어백이 적용되지 않은 스티어링 휠로 출고되었으나, 출고 이후 BMW에서 승인한 교체 부품 중 TAKATA 에어백이 적용된 스포츠 또는 M 스포츠 스티어링 휠을 고객이 장착했을 가능성이 확인되었습니다. 해당 스티어링 휠은 질산암모늄을 사용한 에어백 인플레이터가 장착되어 있으며 차량이 고온 다습한 지역에 장기간 노출되었을 때 인플레이터 내부 압축 가스 추진제가 변형되었을 수 있습니다."
비엠더블유코리아(주),BMW 520d,2011-05-11,2011-05-11,2025-12-04,"최초 차량판매 당시에는 TAKATA 에어백이 적용되지 않은 스티어링 휠로 출고되었으나, 출고 이후 BMW에서 승인한 교체 부품 중 TAKATA 에어백이 적용된 스포츠 또는 M 스포츠 스티어링 휠을 고객이 장착했을 가능성이 확인되었습니다. 해당 스티어링 휠은 질산암모늄을 사용한 에어백 인플레이터가 장착되어 있으며 차량이 고온 다습한 지역에 장기간 노출되었을 때 인플레이터 내부 압축 가스 추진제가 변형되었을 수 있습니다."
비엠더블유코리아(주),BMW 520d Touring,2012-08-02,2013-05-10,2025-12-04,"최초 차량판매 당시에는 TAKATA 에어백이 적용되지 않은 스티어링 휠로 출고되었으나, 출고 이후 BMW에서 승인한 교체 부품 중 TAKATA 에어백이 적용된 스포츠 또는 M 스포츠 스티어링 휠을 고객이 장착했을 가능성이 확인되었습니다. 해당 스티어링 휠은 질산암모늄을 사용한 에어백 인플레이터가 장착되어 있으며 차량이 고온 다습한 지역에 장기간 노출되었을 때 인플레이터 내부 압축 가스 추진제가 변형되었을 수 있습니다."
비엠더블유코리아(주),BMW 520d xDrive,2016-10-06,2016-10-06,2025-12-04,"최초 차량판매 당시에는 TAKATA 에어백이 적용되지 않은 스티어링 휠로 출고되었으나, 출고 이후 BMW에서 승인한 교체 부품 중 TAKATA 에어백이 적용된 스포츠 또는 M 스포츠 스티어링 휠을 고객이 장착했을 가능성이 확인되었습니다. 해당 스티어링 휠은 질산암모늄을 사용한 에어백 인플레이터가 장착되어 있으며 차량이 고온 다습한 지역에 장기간 노출되었을 때 인플레이터 내부 압축 가스 추진제가 변형되었을 수 있습니다."
비엠더블유코리아(주),BMW 520i,2011-08-22,2013-01-11,2025-12-04,"최초 차량판매 당시에는 TAKATA 에어백이 적용되지 않은 스티어링 휠로 출고되었으나, 출고 이후 BMW에서 승인한 교체 부품 중 TAKATA 에어백이 적용된 스포츠 또는 M 스포츠 스티어링 휠을 고객이 장착했을 가능성이 확인되었습니다. 해당 스티어링 휠은 질산암모늄을 사용한 에어백 인플레이터가 장착되어 있으며 차량이 고온 다습한 지역에 장기간 노출되었을 때 인플레이터 내부 압축 가스 추진제가 변형되었을 수 있습니다."
비엠더블유코리아(주),BMW 520i,2011-10-13,2011-10-13,2025-12-04,"최초 차량판매 당시에는 TAKATA 에어백이 적용되지 않은 스티어링 휠로 출고되었으나, 출고 이후 BMW에서 승인한 교체 부품 중 TAKATA 에어백이 적용된 스포츠 또는 M 스포츠 스티어링 휠을 고객이 장착했을 가능성이 확인되었습니다. 해당 스티어링 휠은 질산암모늄을 사용한 에어백 인플레이터가 장착되어 있으며 차량이 고온 다습한 지역에 장기간 노출되었을 때 인플레이터 내부 압축 가스 추진제가 변형되었을 수 있습니다."
비엠더블유코리아(주),BMW 523i,2009-12-15,2011-08-12,2025-12-04,"최초 차량판매 당시에는 TAKATA 에어백이 적용되지 않은 스티어링 휠로 출고되었으나, 출고 이후 BMW에서 승인한 교체 부품 중 TAKATA 에어백이 적용된 스포츠 또는 M 스포츠 스티어링 휠을 고객이 장착했을 가능성이 확인되었습니다. 해당 스티어링 휠은 질산암모늄을 사용한 에어백 인플레이터가 장착되어 있으며 차량이 고온 다습한 지역에 장기간 노출되었을 때 인플레이터 내부 압축 가스 추진제가 변형되었을 수 있습니다."
비엠더블유코리아(주),BMW 525d,2012-06-29,2013-02-06,2025-12-04,"최초 차량판매 당시에는 TAKATA 에어백이 적용되지 않은 스티어링 휠로 출고되었으나, 출고 이후 BMW에서 승인한 교체 부품 중 TAKATA 에어백이 적용된 스포츠 또는 M 스포츠 스티어링 휠을 고객이 장착했을 가능성이 확인되었습니다. 해당 스티어링 휠은 질산암모늄을 사용한 에어백 인플레이터가 장착되어 있으며 차량이 고온 다습한 지역에 장기간 노출되었을 때 인플레이터 내부 압축 가스 추진제가 변형되었을 수 있습니다."
비엠더블유코리아(주),BMW 525d xDrive,2013-06-20,2014-07-11,2025-12-04,"최초 차량판매 당시에는 TAKATA 에어백이 적용되지 않은 스티어링 휠로 출고되었으나, 출고 이후 BMW에서 승인한 교체 부품 중 TAKATA 에어백이 적용된 스포츠 또는 M 스포츠 스티어링 휠을 고객이 장착했을 가능성이 확인되었습니다. 해당 스티어링 휠은 질산암모늄을 사용한 에어백 인플레이터가 장착되어 있으며 차량이 고온 다습한 지역에 장기간 노출되었을 때 인플레이터 내부 압축 가스 추진제가 변형되었을 수 있습니다."
비엠더블유코리아(주),BMW 525d xDrive,2012-03-14,2013-05-02,2025-12-04,"최초 차량판매 당시에는 TAKATA 에어백이 적용되지 않은 스티어링 휠로 출고되었으나, 출고 이후 BMW에서 승인한 교체 부품 중 TAKATA 에어백이 적용된 스포츠 또는 M 스포츠 스티어링 휠을 고객이 장착했을 가능성이 확인되었습니다. 해당 스티어링 휠은 질산암모늄을 사용한 에어백 인플레이터가 장착되어 있으며 차량이 고온 다습한 지역에 장기간 노출되었을 때 인플레이터 내부 압축 가스 추진제가 변형되었을 수 있습니다."
비엠더블유코리아(주),BMW 525d xDrive,2012-03-12,2013-04-22,2025-12-04,"최초 차량판매 당시에는 TAKATA 에어백이 적용되지 않은 스티어링 휠로 출고되었으나, 출고 이후 BMW에서 승인한 교체 부품 중 TAKATA 에어백이 적용된 스포츠 또는 M 스포츠 스티어링 휠을 고객이 장착했을 가능성이 확인되었습니다. 해당 스티어링 휠은 질산암모늄을 사용한 에어백 인플레이터가 장착되어 있으며 차량이 고온 다습한 지역에 장기간 노출되었을 때 인플레이터 내부 압축 가스 추진제가 변형되었을 수 있습니다."
비엠더블유코리아(주),BMW 528i,2010-02-18,2011-07-25,2025-12-04,"최초 차량판매 당시에는 TAKATA 에어백이 적용되지 않은 스티어링 휠로 출고되었으나, 출고 이후 BMW에서 승인한 교체 부품 중 TAKATA 에어백이 적용된 스포츠 또는 M 스포츠 스티어링 휠을 고객이 장착했을 가능성이 확인되었습니다. 해당 스티어링 휠은 질산암모늄을 사용한 에어백 인플레이터가 장착되어 있으며 차량이 고온 다습한 지역에 장기간 노출되었을 때 인플레이터 내부 압축 가스 추진제가 변형되었을 수 있습니다."
비엠더블유코리아(주),BMW 528i,2011-08-11,2013-05-17,2025-12-04,"최초 차량판매 당시에는 TAKATA 에어백이 적용되지 않은 스티어링 휠로 출고되었으나, 출고 이후 BMW에서 승인한 교체 부품 중 TAKATA 에어백이 적용된 스포츠 또는 M 스포츠 스티어링 휠을 고객이 장착했을 가능성이 확인되었습니다. 해당 스티어링 휠은 질산암모늄을 사용한 에어백 인플레이터가 장착되어 있으며 차량이 고온 다습한 지역에 장기간 노출되었을 때 인플레이터 내부 압축 가스 추진제가 변형되었을 수 있습니다."
비엠더블유코리아(주),BMW 528i xDrive,2011-08-10,2013-06-27,2025-12-04,"최초 차량판매 당시에는 TAKATA 에어백이 적용되지 않은 스티어링 휠로 출고되었으나, 출고 이후 BMW에서 승인한 교체 부품 중 TAKATA 에어백이 적용된 스포츠 또는 M 스포츠 스티어링 휠을 고객이 장착했을 가능성이 확인되었습니다. 해당 스티어링 휠은 질산암모늄을 사용한 에어백 인플레이터가 장착되어 있으며 차량이 고온 다습한 지역에 장기간 노출되었을 때 인플레이터 내부 압축 가스 추진제가 변형되었을 수 있습니다."
비엠더블유코리아(주),BMW 535d,2010-09-10,2011-08-02,2025-12-04,"최초 차량판매 당시에는 TAKATA 에어백이 적용되지 않은 스티어링 휠로 출고되었으나, 출고 이후 BMW에서 승인한 교체 부품 중 TAKATA 에어백이 적용된 스포츠 또는 M 스포츠 스티어링 휠을 고객이 장착했을 가능성이 확인되었습니다. 해당 스티어링 휠은 질산암모늄을 사용한 에어백 인플레이터가 장착되어 있으며 차량이 고온 다습한 지역에 장기간 노출되었을 때 인플레이터 내부 압축 가스 추진제가 변형되었을 수 있습니다."
비엠더블유코리아(주),BMW 535d,2011-08-31,2013-06-18,2025-12-04,"최초 차량판매 당시에는 TAKATA 에어백이 적용되지 않은 스티어링 휠로 출고되었으나, 출고 이후 BMW에서 승인한 교체 부품 중 TAKATA 에어백이 적용된 스포츠 또는 M 스포츠 스티어링 휠을 고객이 장착했을 가능성이 확인되었습니다. 해당 스티어링 휠은 질산암모늄을 사용한 에어백 인플레이터가 장착되어 있으며 차량이 고온 다습한 지역에 장기간 노출되었을 때 인플레이터 내부 압축 가스 추진제가 변형되었을 수 있습니다."
비엠더블유코리아(주),BMW 535i,2009-12-15,2013-05-16,2025-12-04,"최초 차량판매 당시에는 TAKATA 에어백이 적용되지 않은 스티어링 휠로 출고되었으나, 출고 이후 BMW에서 승인한 교체 부품 중 TAKATA 에어백이 적용된 스포츠 또는 M 스포츠 스티어링 휠을 고객이 장착했을 가능성이 확인되었습니다. 해당 스티어링 휠은 질산암모늄을 사용한 에어백 인플레이터가 장착되어 있으며 차량이 고온 다습한 지역에 장기간 노출되었을 때 인플레이터 내부 압축 가스 추진제가 변형되었을 수 있습니다."
비엠더블유코리아(주),BMW 535i GT xDrive,2011-05-20,2011-05-20,2025-12-04,"최초 차량판매 당시에는 TAKATA 에어백이 적용되지 않은 스티어링 휠로 출고되었으나, 출고 이후 BMW에서 승인한 교체 부품 중 TAKATA 에어백이 적용된 스포츠 또는 M 스포츠 스티어링 휠을 고객이 장착했을 가능성이 확인되었습니다. 해당 스티어링 휠은 질산암모늄을 사용한 에어백 인플레이터가 장착되어 있으며 차량이 고온 다습한 지역에 장기간 노출되었을 때 인플레이터 내부 압축 가스 추진제가 변형되었을 수 있습니다."
비엠더블유코리아(주),BMW 535i xDrive,2011-06-07,2013-05-02,2025-12-04,"최초 차량판매 당시에는 TAKATA 에어백이 적용되지 않은 스티어링 휠로 출고되었으나, 출고 이후 BMW에서 승인한 교체 부품 중 TAKATA 에어백이 적용된 스포츠 또는 M 스포츠 스티어링 휠을 고객이 장착했을 가능성이 확인되었습니다. 해당 스티어링 휠은 질산암모늄을 사용한 에어백 인플레이터가 장착되어 있으며 차량이 고온 다습한 지역에 장기간 노출되었을 때 인플레이터 내부 압축 가스 추진제가 변형되었을 수 있습니다."
비엠더블유코리아(주),BMW ActiveHybrid 5,2011-12-15,2012-07-31,2025-12-04,"최초 차량판매 당시에는 TAKATA 에어백이 적용되지 않은 스티어링 휠로 출고되었으나, 출고 이후 BMW에서 승인한 교체 부품 중 TAKATA 에어백이 적용된 스포츠 또는 M 스포츠 스티어링 휠을 고객이 장착했을 가능성이 확인되었습니다. 해당 스티어링 휠은 질산암모늄을 사용한 에어백 인플레이터가 장착되어 있으며 차량이 고온 다습한 지역에 장기간 노출되었을 때 인플레이터 내부 압축 가스 추진제가 변형되었을 수 있습니다."
비엠더블유코리아(주),BMW 535IX,2012-04-30,2012-04-30,2025-12-04,"최초 차량판매 당시에는 TAKATA 에어백이 적용되지 않은 스티어링 휠로 출고되었으나, 출고 이후 BMW에서 승인한 교체 부품 중 TAKATA 에어백이 적용된 스포츠 또는 M 스포츠 스티어링 휠을 고객이 장착했을 가능성이 확인되었습니다. 해당 스티어링 휠은 질산암모늄을 사용한 에어백 인플레이터가 장착되어 있으며 차량이 고온 다습한 지역에 장기간 노출되었을 때 인플레이터 내부 압축 가스 추진제가 변형되었을 수 있습니다."
비엠더블유코리아(주),BMW 550d,2013-03-05,2013-03-07,2025-12-04,"최초 차량판매 당시에는 TAKATA 에어백이 적용되지 않은 스티어링 휠로 출고되었으나, 출고 이후 BMW에서 승인한 교체 부품 중 TAKATA 에어백이 적용된 스포츠 또는 M 스포츠 스티어링 휠을 고객이 장착했을 가능성이 확인되었습니다. 해당 스티어링 휠은 질산암모늄을 사용한 에어백 인플레이터가 장착되어 있으며 차량이 고온 다습한 지역에 장기간 노출되었을 때 인플레이터 내부 압축 가스 추진제가 변형되었을 수 있습니다."
비엠더블유코리아(주),BMW 550i xDrive,2010-09-29,2013-04-02,2025-12-04,"최초 차량판매 당시에는 TAKATA 에어백이 적용되지 않은 스티어링 휠로 출고되었으나, 출고 이후 BMW에서 승인한 교체 부품 중 TAKATA 에어백이 적용된 스포츠 또는 M 스포츠 스티어링 휠을 고객이 장착했을 가능성이 확인되었습니다. 해당 스티어링 휠은 질산암모늄을 사용한 에어백 인플레이터가 장착되어 있으며 차량이 고온 다습한 지역에 장기간 노출되었을 때 인플레이터 내부 압축 가스 추진제가 변형되었을 수 있습니다."
비엠더블유코리아(주),BMW 550i xDrive,2012-01-04,2012-06-26,2025-12-04,"최초 차량판매 당시에는 TAKATA 에어백이 적용되지 않은 스티어링 휠로 출고되었으나, 출고 이후 BMW에서 승인한 교체 부품 중 TAKATA 에어백이 적용된 스포츠 또는 M 스포츠 스티어링 휠을 고객이 장착했을 가능성이 확인되었습니다. 해당 스티어링 휠은 질산암모늄을 사용한 에어백 인플레이터가 장착되어 있으며 차량이 고온 다습한 지역에 장기간 노출되었을 때 인플레이터 내부 압축 가스 추진제가 변형되었을 수 있습니다."
비엠더블유코리아(주),BMW 640d,2012-05-04,2012-05-04,2025-12-04,"최초 차량판매 당시에는 TAKATA 에어백이 적용되지 않은 스티어링 휠로 출고되었으나, 출고 이후 BMW에서 승인한 교체 부품 중 TAKATA 에어백이 적용된 스포츠 또는 M 스포츠 스티어링 휠을 고객이 장착했을 가능성이 확인되었습니다. 해당 스티어링 휠은 질산암모늄을 사용한 에어백 인플레이터가 장착되어 있으며 차량이 고온 다습한 지역에 장기간 노출되었을 때 인플레이터 내부 압축 가스 추진제가 변형되었을 수 있습니다."
비엠더블유코리아(주),BMW 640i,2011-07-14,2013-09-02,2025-12-04,"최초 차량판매 당시에는 TAKATA 에어백이 적용되지 않은 스티어링 휠로 출고되었으나, 출고 이후 BMW에서 승인한 교체 부품 중 TAKATA 에어백이 적용된 스포츠 또는 M 스포츠 스티어링 휠을 고객이 장착했을 가능성이 확인되었습니다. 해당 스티어링 휠은 질산암모늄을 사용한 에어백 인플레이터가 장착되어 있으며 차량이 고온 다습한 지역에 장기간 노출되었을 때 인플레이터 내부 압축 가스 추진제가 변형되었을 수 있습니다."
비엠더블유코리아(주),BMW 640i Gran Coupe,2012-02-20,2013-05-02,2025-12-04,"최초 차량판매 당시에는 TAKATA 에어백이 적용되지 않은 스티어링 휠로 출고되었으나, 출고 이후 BMW에서 승인한 교체 부품 중 TAKATA 에어백이 적용된 스포츠 또는 M 스포츠 스티어링 휠을 고객이 장착했을 가능성이 확인되었습니다. 해당 스티어링 휠은 질산암모늄을 사용한 에어백 인플레이터가 장착되어 있으며 차량이 고온 다습한 지역에 장기간 노출되었을 때 인플레이터 내부 압축 가스 추진제가 변형되었을 수 있습니다."
비엠더블유코리아(주),BMW 650i,2015-03-05,2016-12-16,2025-12-04,"최초 차량판매 당시에는 TAKATA 에어백이 적용되지 않은 스티어링 휠로 출고되었으나, 출고 이후 BMW에서 승인한 교체 부품 중 TAKATA 에어백이 적용된 스포츠 또는 M 스포츠 스티어링 휠을 고객이 장착했을 가능성이 확인되었습니다. 해당 스티어링 휠은 질산암모늄을 사용한 에어백 인플레이터가 장착되어 있으며 차량이 고온 다습한 지역에 장기간 노출되었을 때 인플레이터 내부 압축 가스 추진제가 변형되었을 수 있습니다."
비엠더블유코리아(주),BMW 650i,2011-02-09,2012-01-18,2025-12-04,"최초 차량판매 당시에는 TAKATA 에어백이 적용되지 않은 스티어링 휠로 출고되었으나, 출고 이후 BMW에서 승인한 교체 부품 중 TAKATA 에어백이 적용된 스포츠 또는 M 스포츠 스티어링 휠을 고객이 장착했을 가능성이 확인되었습니다. 해당 스티어링 휠은 질산암모늄을 사용한 에어백 인플레이터가 장착되어 있으며 차량이 고온 다습한 지역에 장기간 노출되었을 때 인플레이터 내부 압축 가스 추진제가 변형되었을 수 있습니다."
비엠더블유코리아(주),BMW 650i,2012-07-04,2014-09-15,2025-12-04,"최초 차량판매 당시에는 TAKATA 에어백이 적용되지 않은 스티어링 휠로 출고되었으나, 출고 이후 BMW에서 승인한 교체 부품 중 TAKATA 에어백이 적용된 스포츠 또는 M 스포츠 스티어링 휠을 고객이 장착했을 가능성이 확인되었습니다. 해당 스티어링 휠은 질산암모늄을 사용한 에어백 인플레이터가 장착되어 있으며 차량이 고온 다습한 지역에 장기간 노출되었을 때 인플레이터 내부 압축 가스 추진제가 변형되었을 수 있습니다."
비엠더블유코리아(주),BMW Gran Turismo 30d,2010-04-28,2011-04-13,2025-12-04,"최초 차량판매 당시에는 TAKATA 에어백이 적용되지 않은 스티어링 휠로 출고되었으나, 출고 이후 BMW에서 승인한 교체 부품 중 TAKATA 에어백이 적용된 스포츠 또는 M 스포츠 스티어링 휠을 고객이 장착했을 가능성이 확인되었습니다. 해당 스티어링 휠은 질산암모늄을 사용한 에어백 인플레이터가 장착되어 있으며 차량이 고온 다습한 지역에 장기간 노출되었을 때 인플레이터 내부 압축 가스 추진제가 변형되었을 수 있습니다."
비엠더블유코리아(주),BMW Gran Turismo 30d xDrive,2014-02-22,2014-02-22,2025-12-04,"최초 차량판매 당시에는 TAKATA 에어백이 적용되지 않은 스티어링 휠로 출고되었으나, 출고 이후 BMW에서 승인한 교체 부품 중 TAKATA 에어백이 적용된 스포츠 또는 M 스포츠 스티어링 휠을 고객이 장착했을 가능성이 확인되었습니다. 해당 스티어링 휠은 질산암모늄을 사용한 에어백 인플레이터가 장착되어 있으며 차량이 고온 다습한 지역에 장기간 노출되었을 때 인플레이터 내부 압축 가스 추진제가 변형되었을 수 있습니다."
비엠더블유코리아(주),BMW M135i,2013-03-21,2013-03-21,2025-12-04,"최초 차량판매 당시에는 TAKATA 에어백이 적용되지 않은 스티어링 휠로 출고되었으나, 출고 이후 BMW에서 승인한 교체 부품 중 TAKATA 에어백이 적용된 스포츠 또는 M 스포츠 스티어링 휠을 고객이 장착했을 가능성이 확인되었습니다. 해당 스티어링 휠은 질산암모늄을 사용한 에어백 인플레이터가 장착되어 있으며 차량이 고온 다습한 지역에 장기간 노출되었을 때 인플레이터 내부 압축 가스 추진제가 변형되었을 수 있습니다."
비엠더블유코리아(주),BMW M5,2012-03-12,2013-06-24,2025-12-04,"최초 차량판매 당시에는 TAKATA 에어백이 적용되지 않은 스티어링 휠로 출고되었으나, 출고 이후 BMW에서 승인한 교체 부품 중 TAKATA 에어백이 적용된 스포츠 또는 M 스포츠 스티어링 휠을 고객이 장착했을 가능성이 확인되었습니다. 해당 스티어링 휠은 질산암모늄을 사용한 에어백 인플레이터가 장착되어 있으며 차량이 고온 다습한 지역에 장기간 노출되었을 때 인플레이터 내부 압축 가스 추진제가 변형되었을 수 있습니다."
비엠더블유코리아(주),BMW X3 20d,2011-11-14,2011-11-14,2025-12-04,"최초 차량판매 당시에는 TAKATA 에어백이 적용되지 않은 스티어링 휠로 출고되었으나, 출고 이후 BMW에서 승인한 교체 부품 중 TAKATA 에어백이 적용된 스포츠 또는 M 스포츠 스티어링 휠을 고객이 장착했을 가능성이 확인되었습니다. 해당 스티어링 휠은 질산암모늄을 사용한 에어백 인플레이터가 장착되어 있으며 차량이 고온 다습한 지역에 장기간 노출되었을 때 인플레이터 내부 압축 가스 추진제가 변형되었을 수 있습니다."
비엠더블유코리아(주),BMW X3 xDrive20d,2010-11-19,2014-03-27,2025-12-04,"최초 차량판매 당시에는 TAKATA 에어백이 적용되지 않은 스티어링 휠로 출고되었으나, 출고 이후 BMW에서 승인한 교체 부품 중 TAKATA 에어백이 적용된 스포츠 또는 M 스포츠 스티어링 휠을 고객이 장착했을 가능성이 확인되었습니다. 해당 스티어링 휠은 질산암모늄을 사용한 에어백 인플레이터가 장착되어 있으며 차량이 고온 다습한 지역에 장기간 노출되었을 때 인플레이터 내부 압축 가스 추진제가 변형되었을 수 있습니다."
비엠더블유코리아(주),BMW X3 xDrive20i,2013-08-05,2014-01-23,2025-12-04,"최초 차량판매 당시에는 TAKATA 에어백이 적용되지 않은 스티어링 휠로 출고되었으나, 출고 이후 BMW에서 승인한 교체 부품 중 TAKATA 에어백이 적용된 스포츠 또는 M 스포츠 스티어링 휠을 고객이 장착했을 가능성이 확인되었습니다. 해당 스티어링 휠은 질산암모늄을 사용한 에어백 인플레이터가 장착되어 있으며 차량이 고온 다습한 지역에 장기간 노출되었을 때 인플레이터 내부 압축 가스 추진제가 변형되었을 수 있습니다."
비엠더블유코리아(주),BMW X3 xDrive28i,2012-08-06,2013-06-13,2025-12-04,"최초 차량판매 당시에는 TAKATA 에어백이 적용되지 않은 스티어링 휠로 출고되었으나, 출고 이후 BMW에서 승인한 교체 부품 중 TAKATA 에어백이 적용된 스포츠 또는 M 스포츠 스티어링 휠을 고객이 장착했을 가능성이 확인되었습니다. 해당 스티어링 휠은 질산암모늄을 사용한 에어백 인플레이터가 장착되어 있으며 차량이 고온 다습한 지역에 장기간 노출되었을 때 인플레이터 내부 압축 가스 추진제가 변형되었을 수 있습니다."
비엠더블유코리아(주),BMW X3 xDrive30d,2011-03-31,2014-02-27,2025-12-04,"최초 차량판매 당시에는 TAKATA 에어백이 적용되지 않은 스티어링 휠로 출고되었으나, 출고 이후 BMW에서 승인한 교체 부품 중 TAKATA 에어백이 적용된 스포츠 또는 M 스포츠 스티어링 휠을 고객이 장착했을 가능성이 확인되었습니다. 해당 스티어링 휠은 질산암모늄을 사용한 에어백 인플레이터가 장착되어 있으며 차량이 고온 다습한 지역에 장기간 노출되었을 때 인플레이터 내부 압축 가스 추진제가 변형되었을 수 있습니다."
비엠더블유코리아(주),BMW X3 xDrive35d,2012-01-18,2013-02-21,2025-12-04,"최초 차량판매 당시에는 TAKATA 에어백이 적용되지 않은 스티어링 휠로 출고되었으나, 출고 이후 BMW에서 승인한 교체 부품 중 TAKATA 에어백이 적용된 스포츠 또는 M 스포츠 스티어링 휠을 고객이 장착했을 가능성이 확인되었습니다. 해당 스티어링 휠은 질산암모늄을 사용한 에어백 인플레이터가 장착되어 있으며 차량이 고온 다습한 지역에 장기간 노출되었을 때 인플레이터 내부 압축 가스 추진제가 변형되었을 수 있습니다."
비엠더블유코리아(주),BMW X6 xDrive40d,2016-01-28,2016-01-28,2025-12-04,"최초 차량판매 당시에는 TAKATA 에어백이 적용되지 않은 스티어링 휠로 출고되었으나, 출고 이후 BMW에서 승인한 교체 부품 중 TAKATA 에어백이 적용된 스포츠 또는 M 스포츠 스티어링 휠을 고객이 장착했을 가능성이 확인되었습니다. 해당 스티어링 휠은 질산암모늄을 사용한 에어백 인플레이터가 장착되어 있으며 차량이 고온 다습한 지역에 장기간 노출되었을 때 인플레이터 내부 압축 가스 추진제가 변형되었을 수 있습니다."
비엠더블유코리아(주),BMW Active Tourer,2014-10-17,2015-02-26,2025-12-04,운전석 에어백 인플레이터의 제작결함을 발견하였습니다.
에프엘오토코리아 유한회사,2025년식 Explorer,2025-07-09,2025-08-01,2025-12-04,"일부 2025년식 Explorer 차량은 『미국 자동차 안전 기준(FMVSS) No. 205 - 접합 유리 재료(Glazing Materials)』의 요건을 충족하지 못할 가능성이 확인되었습니다. 해당 차량은 특정 온도 이상에서 햇빛에 노출될 경우, 전면 창유리 접합층 에 육안으로 확인 가능한 눈꽃 모양의 기포가 형성될 수 있습니다. 이러한 기포는 운전자의 시야를 가려 안전 운행을 방해하고 충돌 위험을 증가시킬 수 있습니다. 그리하여 제작결함을 시정하고자 합니다. 이 현상이 발생할 것으로 예상되는 차량은 전체 대상의 1% 미만입니다."
혼다코리아(주),ACCORD HYBRID,2022-10-13,2025-09-05,2025-12-05,ICM에 CPU 이상감지기능이 설계되었으나 단순 통신 오류를 CPU 이상으로 오인식하는 소프트웨어가 잘못 개발됨. 이로 인해 한 번만 통신 오류가 발생해도 CPU 이상을 감지하여 CPU를 리셋 시킴. 주행 중 CPU가 리셋이 되면 경고등이 점등되고 구동력 손실 또는 주행불가 등의 문제가 발생할 수 있음.
비엠더블유코리아(주),750e xDrive,2023-05-15,2023-08-31,2025-12-11,고전압배터리 셀 모듈의 제조과정 오류로 인해 고전압 배터리 셀 모듈 프레임의 압력판이 허용된 압력을 초과하여 압축되어 측면판과 용접되었습니다.
비엠더블유코리아(주),iX xDrive50,2021-08-23,2023-05-08,2025-12-11,고전압배터리 셀 모듈의 제조과정 오류로 인해 고전압 배터리 셀 모듈 프레임의 압력판이 허용된 압력을 초과하여 압축되어 측면판과 용접되었습니다.
현대자동차(주),스타리아 하이브리드 (US4 HEV),2024-02-29,2025-08-18,2025-12-12,현대자동차㈜에서는 스타리아 하이브리드(US4 HEV) 일부 차량에서 하이브리드 통합 제어기(HPCU) 소프트웨어 설계 오류로 동절기 원격시동 및 히터 작동 등 전장 고부하 시 하이브리드 통합 제어기(HPCU) 소손 발생 가능성이 있는 결함이 발견되어 제작결함시정을 하고자 함
기아 주식회사,카니발 하이브리드(KA4 HEV),2023-12-14,2025-04-10,2025-12-12,"기아㈜에서는 카니발 하이브리드(KA4 HEV) 일부 차량에서 하이브리드 통합 제어기(HPCU) 소프트웨어 설계 오류로 동절기 원격시동 및 히터 작동 등 전장 고부하 시 하이브리드 통합 제어기(HPCU) 소손 발생 가능성이 있는 결함이 발견되어 제작결함시정을 하고자 함 ※ 하이브리드 통합 제어기(HPCU, Hybrid Power Control Unit) : 모터 구동을 위해 인버터, LDC 등을 포함하여 제어하는 장치"
다임러트럭코리아(주),유니목,2022-04-11,2025-07-22,2025-12-15,"스티어링 기어를 프레임 종방향 멤버에 지지하는 ‘베어링 부싱’에서 제조 과정 중 부적합한 강재 사용 가능성으로 용접부가 약해질 가능성이 확인되었습니다. 이 부품이 손상될 경우, 스티어링 기어가 차체에 제대로 고정되지 않아 조향 장치가 기울어지거나 움직일 수 있습니다. 초기에는 스티어링 오일 누수, 스티어링 휠 기울기, 조향 감각 이상이 나타날 수 있으며, 고정이 더 약해지면 차량을 제대로 조향할 수 없어 사고 위험이 있습니다. 이에 잠재적 영향이 있는 총 51대를 대상으로 부싱 용접부와 체결 상태를 점검하고, 이상이 발견될 경우 신형 부품으로 교체하고 규정된 방식으로 재용접하는 시정 조치를 실시할 계획입니다."
한국토요타자동차(주),토요타 RAV4 Hybrid 2WD,2022-06-15,2024-11-30,2025-12-18,"콤비네이션 미터(계기판)의 소프트웨어 오류로, 계기판의 메모리 장치에 불필요한 데이터가 반복적으로 기록되어 메모리 장치의 성능이 조기에 저하될 가능성이 있음."
한국토요타자동차(주),토요타 RAV4 Hybrid AWD,2022-10-03,2024-11-30,2025-12-18,"콤비네이션 미터(계기판)의 소프트웨어 오류로, 계기판의 메모리 장치에 불필요한 데이터가 반복적으로 기록되어 메모리 장치의 성능이 조기에 저하될 가능성이 있음."
한국토요타자동차(주),토요타 RAV4 PHEV,2023-01-10,2024-09-17,2025-12-18,"콤비네이션 미터(계기판)의 소프트웨어 오류로, 계기판의 메모리 장치에 불필요한 데이터가 반복적으로 기록되어 메모리 장치의 성능이 조기에 저하될 가능성이 있음."
한국토요타자동차(주),토요타 Alphard Hybrid,2023-06-09,2025-05-19,2025-12-18,"콤비네이션 미터(계기판)의 소프트웨어 오류로, 계기판의 메모리 장치에 불필요한 데이터가 반복적으로 기록되어 메모리 장치의 성능이 조기에 저하될 가능성이 있음."
한국토요타자동차(주),토요타 CROWN Hybrid,2023-03-02,2024-10-28,2025-12-18,"콤비네이션 미터(계기판)의 소프트웨어 오류로, 계기판의 메모리 장치에 불필요한 데이터가 반복적으로 기록되어 메모리 장치의 성능이 조기에 저하될 가능성이 있음."
한국토요타자동차(주),토요타 CROWN Dual Boost Hybrid,2023-03-02,2024-10-25,2025-12-18,"콤비네이션 미터(계기판)의 소프트웨어 오류로, 계기판의 메모리 장치에 불필요한 데이터가 반복적으로 기록되어 메모리 장치의 성능이 조기에 저하될 가능성이 있음."
한국토요타자동차(주),토요타 HIGHLANDER Hybrid,2022-06-10,2023-11-30,2025-12-18,"콤비네이션 미터(계기판)의 소프트웨어 오류로, 계기판의 메모리 장치에 불필요한 데이터가 반복적으로 기록되어 메모리 장치의 성능이 조기에 저하될 가능성이 있음."
한국토요타자동차(주),토요타 CAMRY Hybrid,2024-06-04,2024-10-29,2025-12-18,"콤비네이션 미터(계기판)의 소프트웨어 오류로, 계기판의 메모리 장치에 불필요한 데이터가 반복적으로 기록되어 메모리 장치의 성능이 조기에 저하될 가능성이 있음."
한국토요타자동차(주),렉서스 LM500h,2024-04-03,2025-04-17,2025-12-18,"콤비네이션 미터(계기판)의 소프트웨어 오류로, 계기판의 메모리 장치에 불필요한 데이터가 반복적으로 기록되어 메모리 장치의 성능이 조기에 저하될 가능성이 있음."
한국토요타자동차(주),렉서스 LS500h,2023-10-17,2024-10-29,2025-12-18,"콤비네이션 미터(계기판)의 소프트웨어 오류로, 계기판의 메모리 장치에 불필요한 데이터가 반복적으로 기록되어 메모리 장치의 성능이 조기에 저하될 가능성이 있음."
한국토요타자동차(주),렉서스 LS500,2023-10-18,2024-10-29,2025-12-18,"콤비네이션 미터(계기판)의 소프트웨어 오류로, 계기판의 메모리 장치에 불필요한 데이터가 반복적으로 기록되어 메모리 장치의 성능이 조기에 저하될 가능성이 있음."
한국토요타자동차(주),토요타 Alphard Hybrid,2023-06-09,2025-05-09,2025-12-18,"주차 보조 ECU의 소프트웨어 오류로 인해 시동 직후에 후진 기어 조작을 하거나, 짧은 시간내에 시동을 반복할 경우 후방 영상이 일시적으로 정지하거나 표시되지 않을 가능성이 있음."
한국토요타자동차(주),토요타 Crown Hybrid,2023-03-02,2025-04-02,2025-12-18,"주차 보조 ECU의 소프트웨어 오류로 인해 시동 직후에 후진 기어 조작을 하거나, 짧은 시간내에 시동을 반복할 경우 후방 영상이 일시적으로 정지하거나 표시되지 않을 가능성이 있음."
한국토요타자동차(주),토요타 Crown Dual Boost Hybrid,2023-03-02,2025-04-04,2025-12-18,"주차 보조 ECU의 소프트웨어 오류로 인해 시동 직후에 후진 기어 조작을 하거나, 짧은 시간내에 시동을 반복할 경우 후방 영상이 일시적으로 정지하거나 표시되지 않을 가능성이 있음."
한국토요타자동차(주),토요타 Camry Hybrid,2024-06-04,2025-08-19,2025-12-18,"주차 보조 ECU의 소프트웨어 오류로 인해 시동 직후에 후진 기어 조작을 하거나, 짧은 시간내에 시동을 반복할 경우 후방 영상이 일시적으로 정지하거나 표시되지 않을 가능성이 있음."
한국토요타자동차(주),토요타 SIENNA Hybrid 2WD,2024-12-04,2025-09-12,2025-12-18,"주차 보조 ECU의 소프트웨어 오류로 인해 시동 직후에 후진 기어 조작을 하거나, 짧은 시간내에 시동을 반복할 경우 후방 영상이 일시적으로 정지하거나 표시되지 않을 가능성이 있음."
한국토요타자동차(주),토요타 SIENNA Hybrid AWD,2024-12-04,2025-09-12,2025-12-18,"주차 보조 ECU의 소프트웨어 오류로 인해 시동 직후에 후진 기어 조작을 하거나, 짧은 시간내에 시동을 반복할 경우 후방 영상이 일시적으로 정지하거나 표시되지 않을 가능성이 있음."
한국토요타자동차(주),렉서스 ES300h,2022-08-05,2025-08-21,2025-12-18,"주차 보조 ECU의 소프트웨어 오류로 인해 시동 직후에 후진 기어 조작을 하거나, 짧은 시간내에 시동을 반복할 경우 후방 영상이 일시적으로 정지하거나 표시되지 않을 가능성이 있음."
한국토요타자동차(주),렉서스 RX350h,2022-12-21,2025-09-26,2025-12-18,"주차 보조 ECU의 소프트웨어 오류로 인해 시동 직후에 후진 기어 조작을 하거나, 짧은 시간내에 시동을 반복할 경우 후방 영상이 일시적으로 정지하거나 표시되지 않을 가능성이 있음."
한국토요타자동차(주),렉서스 RX450h+,2022-11-17,2025-09-26,2025-12-18,"주차 보조 ECU의 소프트웨어 오류로 인해 시동 직후에 후진 기어 조작을 하거나, 짧은 시간내에 시동을 반복할 경우 후방 영상이 일시적으로 정지하거나 표시되지 않을 가능성이 있음."
한국토요타자동차(주),렉서스 RX500h,2023-03-03,2025-08-29,2025-12-18,"주차 보조 ECU의 소프트웨어 오류로 인해 시동 직후에 후진 기어 조작을 하거나, 짧은 시간내에 시동을 반복할 경우 후방 영상이 일시적으로 정지하거나 표시되지 않을 가능성이 있음."
한국토요타자동차(주),렉서스 NX350h,2021-04-22,2025-05-14,2025-12-18,"주차 보조 ECU의 소프트웨어 오류로 인해 시동 직후에 후진 기어 조작을 하거나, 짧은 시간내에 시동을 반복할 경우 후방 영상이 일시적으로 정지하거나 표시되지 않을 가능성이 있음."
한국토요타자동차(주),렉서스 NX450h+,2021-04-22,2025-05-16,2025-12-18,"주차 보조 ECU의 소프트웨어 오류로 인해 시동 직후에 후진 기어 조작을 하거나, 짧은 시간내에 시동을 반복할 경우 후방 영상이 일시적으로 정지하거나 표시되지 않을 가능성이 있음."
한국토요타자동차(주),렉서스 LM500h,2024-04-03,2025-08-08,2025-12-18,"주차 보조 ECU의 소프트웨어 오류로 인해 시동 직후에 후진 기어 조작을 하거나, 짧은 시간내에 시동을 반복할 경우 후방 영상이 일시적으로 정지하거나 표시되지 않을 가능성이 있음."
한국토요타자동차(주),렉서스 LX700h,2024-12-10,2025-07-28,2025-12-18,"주차 보조 ECU의 소프트웨어 오류로 인해 시동 직후에 후진 기어 조작을 하거나, 짧은 시간내에 시동을 반복할 경우 후방 영상이 일시적으로 정지하거나 표시되지 않을 가능성이 있음."
한국토요타자동차(주),렉서스 LS500h,2022-10-26,2025-08-27,2025-12-18,"주차 보조 ECU의 소프트웨어 오류로 인해 시동 직후에 후진 기어 조작을 하거나, 짧은 시간내에 시동을 반복할 경우 후방 영상이 일시적으로 정지하거나 표시되지 않을 가능성이 있음."
한국토요타자동차(주),렉서스 LS500,2022-10-17,2025-08-19,2025-12-18,"주차 보조 ECU의 소프트웨어 오류로 인해 시동 직후에 후진 기어 조작을 하거나, 짧은 시간내에 시동을 반복할 경우 후방 영상이 일시적으로 정지하거나 표시되지 않을 가능성이 있음."
한국토요타자동차(주),렉서스 RZ450e,2023-02-02,2023-09-04,2025-12-18,"주차 보조 ECU의 소프트웨어 오류로 인해 시동 직후에 후진 기어 조작을 하거나, 짧은 시간내에 시동을 반복할 경우 후방 영상이 일시적으로 정지하거나 표시되지 않을 가능성이 있음."
한국토요타자동차(주),렉서스 LC500 CV,2023-05-18,2024-05-28,2025-12-18,"주차 보조 ECU의 소프트웨어 오류로 인해 시동 직후에 후진 기어 조작을 하거나, 짧은 시간내에 시동을 반복할 경우 후방 영상이 일시적으로 정지하거나 표시되지 않을 가능성이 있음."
한국토요타자동차(주),렉서스 LC500h,2023-06-28,2024-05-13,2025-12-18,"주차 보조 ECU의 소프트웨어 오류로 인해 시동 직후에 후진 기어 조작을 하거나, 짧은 시간내에 시동을 반복할 경우 후방 영상이 일시적으로 정지하거나 표시되지 않을 가능성이 있음."
한국토요타자동차(주),토요타 Highlander Hybrid,2023-02-21,2025-10-03,2025-12-18,"주차 보조 ECU의 소프트웨어 오류로 인해 시동 직후에 후진 기어 조작을 하거나, 짧은 시간내에 시동을 반복할 경우 후방 영상이 일시적으로 정지하거나 표시되지 않을 가능성이 있음."
(주)스포츠모터사이클코리아,390 DUKE,2023-11-29,2024-04-27,2025-12-18,"소프트웨어 오류로 인해 스티어링 기어 내 두 개 토크 센서 중 하나가 고장날 경우, 해당 토크 센서 고장을 정확히 감지하지 못할 가능성이 확인되었습니다."
(주)스포츠모터사이클코리아,990 DUKE,2024-03-11,2024-07-22,2025-12-18,"소프트웨어 오류로 인해 스티어링 기어 내 두 개 토크 센서 중 하나가 고장날 경우, 해당 토크 센서 고장을 정확히 감지하지 못할 가능성이 확인되었습니다."
에프엘오토코리아 유한회사,2025년식 Bronco,2025-03-31,2025-06-17,2025-12-19,"일부 2025년식 Bronco 차량의 경우, 예상치 못한 계기판 소프트웨어 오류로 인해 시동 종료 후 차량 절전 모드 진입 단계에서 재시동 시 계기판 미작동 현상이 발생할 수 있습니다. 이런 경우 주요 주행 정보(속도계, 경고등) 식별 불가로 이어져 안전 운행을 저해할 우려가 있습니다. 그리하여 제작결함을 시정하고자 합니다."
현대자동차(주),포터II(HR),2024-02-01,2025-06-10,2025-12-19,일부 차량에서 변속 케이블 체결부 설계 오류로 인해 변속 케이블이 고정되지 않고 이탈되어 운전자의 의도와 상이한 변속 상태로 차량 움직임이 발생하여 사고가 발생할 가능성이 있는 결함
비엠더블유코리아(주),X3 20 xDrive,2024-09-05,2025-10-03,2025-12-22,"소프트웨어 오류로 인해 스티어링 기어 내 두 개 토크 센서 중 하나가 고장날 경우, 해당 토크 센서 고장을 정확히 감지하지 못할 가능성이 확인되었습니다."
비엠더블유코리아(주),X3 20d xDrive,2024-08-25,2025-10-02,2025-12-22,"소프트웨어 오류로 인해 스티어링 기어 내 두 개 토크 센서 중 하나가 고장날 경우, 해당 토크 센서 고장을 정확히 감지하지 못할 가능성이 확인되었습니다."
비엠더블유코리아(주),X3 30 xDrive,2025-07-29,2025-10-03,2025-12-22,"소프트웨어 오류로 인해 스티어링 기어 내 두 개 토크 센서 중 하나가 고장날 경우, 해당 토크 센서 고장을 정확히 감지하지 못할 가능성이 확인되었습니다."
비엠더블유코리아(주),X3 30 xDrive,2025-04-30,2025-06-19,2025-12-22,"소프트웨어 오류로 인해 스티어링 기어 내 두 개 토크 센서 중 하나가 고장날 경우, 해당 토크 센서 고장을 정확히 감지하지 못할 가능성이 확인되었습니다."
비엠더블유코리아(주),X3 M50 xDrive,2024-09-06,2025-10-03,2025-12-22,"소프트웨어 오류로 인해 스티어링 기어 내 두 개 토크 센서 중 하나가 고장날 경우, 해당 토크 센서 고장을 정확히 감지하지 못할 가능성이 확인되었습니다."
